RingId,Name,Age,Type,Color,Status,ForSale
AUTO1,Bird1,20,Parrot,Black,Sold,False
AUTO2,Bird2,7,Parrot,Yellow,Quarantine,False
AUTO3,Bird3,9,Eagle,White,Quarantine,True
AUTO4,Bird4,1,Finch,Black,Quarantine,False
AUTO5,Bird5,9,Owl,White,In Aviary,True
AUTO6,Bird6,18,Cockatiel,Blue,In Aviary,True
AUTO7,Bird7,12,Eagle,White,In Aviary,False
AUTO8,Bird8,8,Finch,Black,In Aviary,False
AUTO9,Bird9,10,Parrot,Yellow,In Aviary,False
AUTO10,Bird10,10,Finch,Blue,Quarantine,False
AUTO11,Bird11,18,Parrot,Green,In Aviary,False
AUTO12,Bird12,18,Eagle,White,Sold,True
AUTO13,Bird13,23,Parrot,Blue,Quarantine,True
AUTO14,Bird14,22,Finch,White,In Aviary,False
AUTO15,Bird15,18,Cockatiel,Yellow,In Aviary,False
AUTO16,Bird16,11,Finch,Blue,In Aviary,False
AUTO17,Bird17,24,Finch,Red,Quarantine,False
AUTO18,Bird18,20,Finch,Yellow,Quarantine,True
AUTO19,Bird19,13,Cockatiel,Blue,In Aviary,True
AUTO20,Bird20,5,Eagle,White,Quarantine,False
AUTO21,Bird21,24,Cockatiel,Black,Quarantine,True
AUTO22,Bird22,9,Finch,Green,Quarantine,True
AUTO23,Bird23,23,Cockatiel,White,In Aviary,True
AUTO24,Bird24,8,Cockatiel,Yellow,In Aviary,True
AUTO25,Bird25,6,Finch,Green,Sold,True
AUTO26,Bird26,4,Cockatiel,White,Sold,True
AUTO27,Bird27,6,Finch,Red,In Aviary,True
AUTO28,Bird28,22,Owl,Red,Quarantine,False
AUTO29,Bird29,18,Eagle,Black,In Aviary,True
AUTO30,Bird30,7,Parrot,Green,Sold,True
AUTO31,Bird31,2,Eagle,Black,Quarantine,False
AUTO32,Bird32,3,Parrot,Blue,Quarantine,True
AUTO33,Bird33,6,Owl,Black,Sold,True
AUTO34,Bird34,19,Owl,White,Quarantine,False
AUTO35,Bird35,24,Finch,Blue,Quarantine,True
AUTO36,Bird36,13,Parrot,Black,In Aviary,True
AUTO37,Bird37,14,Owl,White,Sold,True
AUTO38,Bird38,14,Owl,Blue,In Aviary,True
AUTO39,Bird39,6,Parrot,Blue,In Aviary,True
AUTO40,Bird40,5,Eagle,Yellow,Sold,True
AUTO41,Bird41,7,Cockatiel,Black,In Aviary,False
AUTO42,Bird42,23,Parrot,Black,Quarantine,False
AUTO43,Bird43,21,Finch,Green,Sold,True
AUTO44,Bird44,16,Cockatiel,White,In Aviary,False
AUTO45,Bird45,12,Owl,Black,Sold,True
AUTO46,Bird46,5,Cockatiel,Red,Sold,True
AUTO47,Bird47,18,Finch,Red,Quarantine,False
AUTO48,Bird48,12,Eagle,Blue,Sold,False
AUTO49,Bird49,6,Finch,Green,Quarantine,False
AUTO50,Bird50,20,Finch,Green,Quarantine,True
AUTO51,Bird51,2,Cockatiel,Black,Quarantine,False
AUTO52,Bird52,20,Finch,Red,Sold,True
AUTO53,Bird53,22,Finch,Blue,Quarantine,True
AUTO54,Bird54,8,Owl,Blue,Sold,False
AUTO55,Bird55,11,Cockatiel,Black,Sold,True
AUTO56,Bird56,22,Cockatiel,Black,Sold,True
AUTO57,Bird57,1,Parrot,White,In Aviary,True
AUTO58,Bird58,12,Finch,Blue,Sold,True
AUTO59,Bird59,1,Finch,Yellow,Sold,False
AUTO60,Bird60,2,Cockatiel,Blue,Sold,False
AUTO61,Bird61,1,Owl,Blue,Quarantine,False
AUTO62,Bird62,11,Parrot,Black,In Aviary,False
AUTO63,Bird63,9,Parrot,Green,In Aviary,False
AUTO64,Bird64,21,Eagle,White,Quarantine,False
AUTO65,Bird65,1,Cockatiel,Black,Sold,True
AUTO66,Bird66,21,Owl,Green,In Aviary,False
AUTO67,Bird67,9,Finch,Blue,In Aviary,False
AUTO68,Bird68,5,Cockatiel,Black,In Aviary,False
AUTO69,Bird69,20,Owl,Yellow,In Aviary,True
AUTO70,Bird70,20,Parrot,Green,Quarantine,False
AUTO71,Bird71,10,Eagle,Blue,In Aviary,True
AUTO72,Bird72,17,Owl,Blue,In Aviary,False
AUTO73,Bird73,18,Parrot,Red,Sold,False
AUTO74,Bird74,4,Parrot,Red,In Aviary,False
AUTO75,Bird75,4,Parrot,Red,Sold,True
AUTO76,Bird76,2,Eagle,Blue,Sold,True
AUTO77,Bird77,2,Cockatiel,White,Sold,False
AUTO78,Bird78,19,Parrot,Yellow,Sold,True
AUTO79,Bird79,18,Cockatiel,Green,Quarantine,True
AUTO80,Bird80,10,Owl,Green,Sold,False
AUTO81,Bird81,24,Cockatiel,Red,In Aviary,True
AUTO82,Bird82,5,Finch,Yellow,In Aviary,True
AUTO83,Bird83,8,Finch,Yellow,Sold,False
AUTO84,Bird84,17,Cockatiel,Yellow,In Aviary,True
AUTO85,Bird85,1,Owl,Green,In Aviary,False
AUTO86,Bird86,6,Cockatiel,Yellow,Quarantine,True
AUTO87,Bird87,4,Eagle,Green,Quarantine,True
AUTO88,Bird88,13,Parrot,Red,Sold,True
AUTO89,Bird89,1,Parrot,Blue,Sold,False
AUTO90,Bird90,24,Parrot,Blue,Quarantine,True
AUTO91,Bird91,21,Cockatiel,Yellow,In Aviary,False
AUTO92,Bird92,16,Eagle,Green,In Aviary,False
AUTO93,Bird93,18,Owl,Red,Sold,True
AUTO94,Bird94,5,Parrot,White,Sold,True
AUTO95,Bird95,14,Finch,White,Sold,False
AUTO96,Bird96,8,Parrot,Blue,Sold,False
AUTO97,Bird97,12,Cockatiel,Green,Quarantine,False
AUTO98,Bird98,9,Eagle,Black,In Aviary,True
AUTO99,Bird99,20,Parrot,Black,Sold,True
AUTO100,Bird100,19,Eagle,Yellow,Quarantine,False
AUTO101,Bird101,5,Finch,Black,In Aviary,False
AUTO102,Bird102,15,Parrot,Red,Quarantine,True
AUTO103,Bird103,8,Parrot,Yellow,Sold,False
AUTO104,Bird104,5,Finch,Black,In Aviary,False
AUTO105,Bird105,19,Finch,Green,In Aviary,True
AUTO106,Bird106,7,Finch,White,In Aviary,True
AUTO107,Bird107,18,Eagle,Yellow,Quarantine,True
AUTO108,Bird108,6,Owl,White,Quarantine,True
AUTO109,Bird109,14,Cockatiel,Blue,In Aviary,True
AUTO110,Bird110,19,Parrot,Blue,Sold,True
AUTO111,Bird111,2,Owl,Green,In Aviary,False
AUTO112,Bird112,14,Eagle,Red,In Aviary,False
AUTO113,Bird113,5,Finch,Black,In Aviary,True
AUTO114,Bird114,24,Finch,Red,In Aviary,False
AUTO115,Bird115,9,Eagle,Red,Sold,True
AUTO116,Bird116,5,Owl,Blue,In Aviary,False
AUTO117,Bird117,5,Eagle,Blue,Quarantine,True
AUTO118,Bird118,4,Parrot,Black,In Aviary,False
AUTO119,Bird119,19,Finch,Green,Quarantine,False
AUTO120,Bird120,12,Parrot,Green,In Aviary,False
AUTO121,Bird121,14,Eagle,Blue,In Aviary,True
AUTO122,Bird122,19,Finch,Yellow,Quarantine,True
AUTO123,Bird123,16,Finch,Blue,In Aviary,False
AUTO124,Bird124,2,Parrot,Red,In Aviary,True
AUTO125,Bird125,24,Owl,Green,In Aviary,True
AUTO126,Bird126,11,Cockatiel,White,In Aviary,False
AUTO127,Bird127,2,Eagle,Yellow,In Aviary,True
AUTO128,Bird128,7,Cockatiel,Red,In Aviary,True
AUTO129,Bird129,17,Parrot,White,In Aviary,True
AUTO130,Bird130,2,Eagle,Red,Quarantine,True
AUTO131,Bird131,9,Cockatiel,White,In Aviary,False
AUTO132,Bird132,14,Eagle,Green,In Aviary,False
AUTO133,Bird133,16,Parrot,Red,Quarantine,False
AUTO134,Bird134,3,Parrot,White,Sold,True
AUTO135,Bird135,17,Finch,Green,Sold,False
AUTO136,Bird136,16,Finch,White,Quarantine,True
AUTO137,Bird137,10,Eagle,Blue,In Aviary,False
AUTO138,Bird138,21,Parrot,White,Sold,True
AUTO139,Bird139,3,Cockatiel,White,Quarantine,True
AUTO140,Bird140,13,Eagle,White,Sold,False
AUTO141,Bird141,6,Cockatiel,Red,In Aviary,True
AUTO142,Bird142,19,Parrot,Green,In Aviary,False
AUTO143,Bird143,13,Finch,Yellow,In Aviary,False
AUTO144,Bird144,7,Parrot,White,Sold,True
AUTO145,Bird145,12,Finch,Green,Quarantine,False
AUTO146,Bird146,6,Cockatiel,Green,Sold,False
AUTO147,Bird147,23,Owl,Green,Sold,True
AUTO148,Bird148,12,Finch,Yellow,Quarantine,True
AUTO149,Bird149,1,Parrot,Green,Quarantine,False
AUTO150,Bird150,8,Parrot,White,Quarantine,False
AUTO151,Bird151,20,Finch,Black,In Aviary,False
AUTO152,Bird152,17,Cockatiel,Red,In Aviary,True
AUTO153,Bird153,6,Eagle,Green,Sold,False
AUTO154,Bird154,21,Finch,Green,In Aviary,False
AUTO155,Bird155,5,Eagle,Yellow,Quarantine,True
AUTO156,Bird156,8,Owl,Black,Sold,False
AUTO157,Bird157,14,Cockatiel,Red,In Aviary,True
AUTO158,Bird158,1,Eagle,Blue,In Aviary,False
AUTO159,Bird159,2,Eagle,Red,Quarantine,False
AUTO160,Bird160,4,Parrot,White,Quarantine,False
AUTO161,Bird161,9,Finch,Green,In Aviary,True
AUTO162,Bird162,9,Eagle,Black,In Aviary,True
AUTO163,Bird163,12,Finch,Blue,Quarantine,True
AUTO164,Bird164,1,Finch,Green,Quarantine,True
AUTO165,Bird165,8,Parrot,White,Quarantine,True
AUTO166,Bird166,7,Parrot,Black,Sold,False
AUTO167,Bird167,21,Eagle,Red,Sold,True
AUTO168,Bird168,9,Finch,Red,Quarantine,True
AUTO169,Bird169,9,Cockatiel,Blue,Sold,False
AUTO170,Bird170,18,Cockatiel,Red,Sold,False
AUTO171,Bird171,16,Parrot,White,In Aviary,True
AUTO172,Bird172,16,Finch,Red,In Aviary,False
AUTO173,Bird173,7,Cockatiel,White,Quarantine,True
AUTO174,Bird174,20,Cockatiel,Yellow,Quarantine,False
AUTO175,Bird175,5,Cockatiel,Blue,In Aviary,False
AUTO176,Bird176,22,Eagle,Blue,Sold,True
AUTO177,Bird177,2,Finch,Blue,Sold,True
AUTO178,Bird178,4,Owl,Blue,In Aviary,False
AUTO179,Bird179,7,Cockatiel,Blue,Sold,True
AUTO180,Bird180,19,Parrot,White,Sold,True
AUTO181,Bird181,2,Finch,Green,Sold,False
AUTO182,Bird182,22,Cockatiel,Yellow,Quarantine,True
AUTO183,Bird183,8,Cockatiel,Yellow,Quarantine,False
AUTO184,Bird184,14,Finch,Blue,Sold,True
AUTO185,Bird185,3,Cockatiel,Blue,In Aviary,False
AUTO186,Bird186,5,Finch,Red,In Aviary,True
AUTO187,Bird187,3,Cockatiel,Green,In Aviary,False
AUTO188,Bird188,19,Owl,Green,Quarantine,True
AUTO189,Bird189,8,Cockatiel,Black,Quarantine,True
AUTO190,Bird190,2,Finch,Red,Quarantine,True
AUTO191,Bird191,17,Finch,Green,Sold,False
AUTO192,Bird192,11,Owl,Red,Quarantine,True
AUTO193,Bird193,18,Parrot,Red,Sold,True
AUTO194,Bird194,8,Finch,Green,Sold,False
AUTO195,Bird195,17,Finch,White,Sold,False
AUTO196,Bird196,9,Finch,Yellow,In Aviary,True
AUTO197,Bird197,11,Finch,White,In Aviary,True
AUTO198,Bird198,22,Cockatiel,Green,Quarantine,False
AUTO199,Bird199,3,Cockatiel,Green,Quarantine,True
AUTO200,Bird200,23,Parrot,Black,Sold,False
AUTO201,Bird201,19,Parrot,Blue,Quarantine,False
AUTO202,Bird202,5,Eagle,White,Sold,False
AUTO203,Bird203,20,Owl,Red,Sold,True
AUTO204,Bird204,17,Cockatiel,Black,Quarantine,True
AUTO205,Bird205,9,Parrot,Black,In Aviary,False
AUTO206,Bird206,18,Cockatiel,Yellow,Sold,True
AUTO207,Bird207,2,Parrot,Green,Quarantine,True
AUTO208,Bird208,21,Finch,Yellow,Quarantine,True
AUTO209,Bird209,22,Owl,White,In Aviary,False
AUTO210,Bird210,7,Cockatiel,Yellow,Sold,True
AUTO211,Bird211,22,Cockatiel,White,Sold,True
AUTO212,Bird212,20,Parrot,Black,Sold,False
AUTO213,Bird213,8,Owl,Red,Sold,True
AUTO214,Bird214,18,Cockatiel,Black,Quarantine,False
AUTO215,Bird215,19,Finch,Red,Quarantine,True
AUTO216,Bird216,8,Cockatiel,Yellow,Sold,True
AUTO217,Bird217,9,Eagle,Green,Sold,False
AUTO218,Bird218,19,Cockatiel,Red,In Aviary,True
AUTO219,Bird219,18,Cockatiel,Black,Sold,True
AUTO220,Bird220,19,Eagle,Red,In Aviary,True
AUTO221,Bird221,9,Eagle,Black,Sold,True
AUTO222,Bird222,2,Cockatiel,Green,Quarantine,False
AUTO223,Bird223,19,Cockatiel,Red,Sold,True
AUTO224,Bird224,21,Finch,Yellow,Sold,True
AUTO225,Bird225,24,Eagle,Red,In Aviary,False
AUTO226,Bird226,22,Parrot,Black,Quarantine,False
AUTO227,Bird227,9,Parrot,Green,Quarantine,False
AUTO228,Bird228,24,Finch,Blue,Sold,False
AUTO229,Bird229,6,Eagle,Yellow,In Aviary,False
AUTO230,Bird230,24,Parrot,Green,Sold,True
AUTO231,Bird231,7,Parrot,Black,In Aviary,True
AUTO232,Bird232,4,Finch,Yellow,In Aviary,True
AUTO233,Bird233,9,Eagle,Black,In Aviary,True
AUTO234,Bird234,21,Parrot,White,Sold,False
AUTO235,Bird235,3,Owl,Blue,Sold,True
AUTO236,Bird236,20,Parrot,Blue,In Aviary,False
AUTO237,Bird237,1,Finch,Yellow,In Aviary,True
AUTO238,Bird238,24,Parrot,Blue,Quarantine,False
AUTO239,Bird239,4,Finch,Black,In Aviary,True
AUTO240,Bird240,5,Owl,White,Quarantine,False
AUTO241,Bird241,10,Owl,White,Sold,True
AUTO242,Bird242,19,Owl,Black,Sold,True
AUTO243,Bird243,12,Parrot,Black,In Aviary,True
AUTO244,Bird244,22,Parrot,Black,In Aviary,True
AUTO245,Bird245,6,Eagle,Green,Quarantine,False
AUTO246,Bird246,2,Parrot,White,Quarantine,True
AUTO247,Bird247,12,Parrot,Yellow,Sold,True
AUTO248,Bird248,20,Owl,White,In Aviary,True
AUTO249,Bird249,9,Finch,White,Sold,False
AUTO250,Bird250,1,Parrot,White,Sold,True
AUTO251,Bird251,9,Owl,Green,In Aviary,False
AUTO252,Bird252,11,Eagle,Red,Sold,True
AUTO253,Bird253,22,Finch,Red,Sold,True
AUTO254,Bird254,22,Finch,Green,Quarantine,False
AUTO255,Bird255,9,Parrot,Yellow,Sold,True
AUTO256,Bird256,17,Cockatiel,Red,Sold,False
AUTO257,Bird257,1,Finch,Green,Sold,False
AUTO258,Bird258,13,Eagle,Green,Sold,False
AUTO259,Bird259,15,Owl,White,In Aviary,True
AUTO260,Bird260,2,Eagle,Red,In Aviary,True
AUTO261,Bird261,18,Finch,Red,In Aviary,False
AUTO262,Bird262,12,Parrot,Blue,Quarantine,False
AUTO263,Bird263,5,Owl,Yellow,Quarantine,False
AUTO264,Bird264,13,Finch,Yellow,Quarantine,True
AUTO265,Bird265,24,Eagle,White,Sold,False
AUTO266,Bird266,23,Eagle,Black,In Aviary,True
AUTO267,Bird267,8,Cockatiel,White,Quarantine,False
AUTO268,Bird268,10,Cockatiel,Red,In Aviary,False
AUTO269,Bird269,11,Parrot,Blue,Quarantine,True
AUTO270,Bird270,12,Parrot,Green,Sold,False
AUTO271,Bird271,16,Owl,Black,Quarantine,True
AUTO272,Bird272,15,Eagle,Yellow,Quarantine,True
AUTO273,Bird273,21,Eagle,White,Quarantine,False
AUTO274,Bird274,13,Finch,White,In Aviary,False
AUTO275,Bird275,14,Eagle,White,In Aviary,True
AUTO276,Bird276,1,Eagle,Green,In Aviary,True
AUTO277,Bird277,23,Parrot,Yellow,Quarantine,False
AUTO278,Bird278,24,Parrot,Blue,Sold,False
AUTO279,Bird279,15,Eagle,Red,In Aviary,True
AUTO280,Bird280,21,Cockatiel,Blue,Quarantine,True
AUTO281,Bird281,12,Owl,Green,Quarantine,False
AUTO282,Bird282,21,Cockatiel,Yellow,Sold,True
AUTO283,Bird283,18,Finch,Red,Sold,True
AUTO284,Bird284,22,Owl,Blue,Sold,False
AUTO285,Bird285,7,Eagle,Blue,Sold,True
AUTO286,Bird286,2,Cockatiel,Yellow,Quarantine,False
AUTO287,Bird287,22,Eagle,Yellow,Sold,False
AUTO288,Bird288,8,Finch,White,Sold,True
AUTO289,Bird289,18,Finch,Blue,In Aviary,True
AUTO290,Bird290,12,Owl,Blue,Sold,False
AUTO291,Bird291,21,Eagle,White,Sold,True
AUTO292,Bird292,11,Finch,Blue,In Aviary,True
AUTO293,Bird293,24,Parrot,Red,Quarantine,False
AUTO294,Bird294,10,Parrot,Yellow,Sold,False
AUTO295,Bird295,16,Cockatiel,Red,In Aviary,True
AUTO296,Bird296,12,Owl,Red,Sold,False
AUTO297,Bird297,19,Parrot,Blue,In Aviary,True
AUTO298,Bird298,22,Eagle,Black,Sold,False
AUTO299,Bird299,13,Cockatiel,Black,In Aviary,False
AUTO300,Bird300,8,Owl,Blue,Sold,False
AUTO301,Bird301,7,Eagle,White,Quarantine,True
AUTO302,Bird302,15,Parrot,Red,Quarantine,False
AUTO303,Bird303,11,Finch,Red,In Aviary,True
AUTO304,Bird304,5,Eagle,Black,Sold,True
AUTO305,Bird305,11,Owl,Red,Quarantine,True
AUTO306,Bird306,7,Owl,Green,Sold,False
AUTO307,Bird307,15,Finch,Green,Quarantine,True
AUTO308,Bird308,23,Parrot,Blue,In Aviary,True
AUTO309,Bird309,1,Cockatiel,White,Sold,True
AUTO310,Bird310,22,Cockatiel,Blue,Quarantine,True
AUTO311,Bird311,23,Parrot,White,Sold,True
AUTO312,Bird312,16,Parrot,Black,In Aviary,True
AUTO313,Bird313,2,Finch,White,In Aviary,True
AUTO314,Bird314,21,Cockatiel,White,In Aviary,False
AUTO315,Bird315,7,Parrot,Blue,In Aviary,False
AUTO316,Bird316,12,Finch,White,Sold,True
AUTO317,Bird317,24,Cockatiel,Black,Quarantine,True
AUTO318,Bird318,10,Eagle,Black,Sold,False
AUTO319,Bird319,14,Parrot,Black,Sold,False
AUTO320,Bird320,3,Eagle,Blue,In Aviary,False
AUTO321,Bird321,14,Eagle,Yellow,Sold,False
AUTO322,Bird322,7,Eagle,Yellow,In Aviary,True
AUTO323,Bird323,19,Cockatiel,Green,In Aviary,False
AUTO324,Bird324,21,Eagle,Yellow,Quarantine,True
AUTO325,Bird325,2,Eagle,Red,Quarantine,False
AUTO326,Bird326,19,Parrot,Yellow,Quarantine,True
AUTO327,Bird327,5,Owl,Blue,Sold,False
AUTO328,Bird328,16,Owl,Black,In Aviary,False
AUTO329,Bird329,2,Parrot,Red,Sold,True
AUTO330,Bird330,4,Eagle,Yellow,Quarantine,False
AUTO331,Bird331,15,Owl,Red,Sold,True
AUTO332,Bird332,22,Parrot,Green,Quarantine,True
AUTO333,Bird333,18,Eagle,Green,In Aviary,True
AUTO334,Bird334,20,Cockatiel,Black,Quarantine,True
AUTO335,Bird335,14,Cockatiel,Black,Quarantine,False
AUTO336,Bird336,6,Cockatiel,Yellow,Sold,False
AUTO337,Bird337,16,Cockatiel,Green,Sold,True
AUTO338,Bird338,14,Finch,Black,Sold,False
AUTO339,Bird339,11,Eagle,White,In Aviary,True
AUTO340,Bird340,22,Finch,White,Sold,False
AUTO341,Bird341,12,Eagle,Blue,Quarantine,False
AUTO342,Bird342,17,Eagle,Blue,Quarantine,False
AUTO343,Bird343,9,Cockatiel,White,Quarantine,False
AUTO344,Bird344,15,Cockatiel,Black,In Aviary,True
AUTO345,Bird345,15,Cockatiel,Blue,Quarantine,False
AUTO346,Bird346,4,Cockatiel,Green,In Aviary,True
AUTO347,Bird347,11,Cockatiel,Black,In Aviary,True
AUTO348,Bird348,16,Finch,Blue,Sold,True
AUTO349,Bird349,4,Parrot,Green,Sold,False
AUTO350,Bird350,24,Owl,Black,In Aviary,False
AUTO351,Bird351,23,Eagle,Blue,In Aviary,False
AUTO352,Bird352,15,Eagle,Blue,In Aviary,False
AUTO353,Bird353,9,Cockatiel,White,In Aviary,True
AUTO354,Bird354,23,Finch,Red,In Aviary,True
AUTO355,Bird355,12,Cockatiel,Red,Quarantine,False
AUTO356,Bird356,9,Cockatiel,Blue,Quarantine,False
AUTO357,Bird357,8,Cockatiel,Green,In Aviary,True
AUTO358,Bird358,16,Eagle,Black,Sold,False
AUTO359,Bird359,18,Eagle,White,Quarantine,False
AUTO360,Bird360,23,Finch,Black,Quarantine,False
AUTO361,Bird361,14,Finch,Green,In Aviary,True
AUTO362,Bird362,12,Eagle,White,Quarantine,True
AUTO363,Bird363,17,Owl,Green,In Aviary,True
AUTO364,Bird364,24,Parrot,White,Sold,False
AUTO365,Bird365,3,Finch,White,In Aviary,False
AUTO366,Bird366,10,Eagle,Green,Quarantine,True
AUTO367,Bird367,2,Finch,Yellow,In Aviary,True
AUTO368,Bird368,8,Eagle,Red,Quarantine,True
AUTO369,Bird369,8,Eagle,Black,Sold,False
AUTO370,Bird370,9,Finch,Red,Quarantine,False
AUTO371,Bird371,12,Cockatiel,Red,In Aviary,False
AUTO372,Bird372,24,Eagle,Red,Sold,True
AUTO373,Bird373,23,Finch,Green,Quarantine,True
AUTO374,Bird374,5,Cockatiel,White,Quarantine,False
AUTO375,Bird375,16,Finch,White,Sold,False
AUTO376,Bird376,7,Finch,White,In Aviary,True
AUTO377,Bird377,14,Parrot,White,Quarantine,False
AUTO378,Bird378,8,Owl,Blue,Sold,False
AUTO379,Bird379,8,Parrot,Red,Sold,False
AUTO380,Bird380,24,Parrot,Green,Quarantine,False
AUTO381,Bird381,2,Cockatiel,Blue,In Aviary,False
AUTO382,Bird382,24,Cockatiel,Blue,In Aviary,False
AUTO383,Bird383,17,Cockatiel,White,Sold,False
AUTO384,Bird384,21,Eagle,Black,Sold,True
AUTO385,Bird385,2,Owl,Black,Sold,False
AUTO386,Bird386,22,Eagle,White,Quarantine,False
AUTO387,Bird387,9,Cockatiel,White,In Aviary,False
AUTO388,Bird388,15,Cockatiel,Black,In Aviary,True
AUTO389,Bird389,10,Finch,White,In Aviary,False
AUTO390,Bird390,5,Owl,Red,In Aviary,True
AUTO391,Bird391,12,Cockatiel,White,Sold,False
AUTO392,Bird392,7,Parrot,White,Quarantine,True
AUTO393,Bird393,22,Eagle,Red,In Aviary,False
AUTO394,Bird394,8,Eagle,Green,In Aviary,False
AUTO395,Bird395,13,Finch,Blue,In Aviary,False
AUTO396,Bird396,19,Finch,White,Sold,False
AUTO397,Bird397,7,Owl,Yellow,Quarantine,True
AUTO398,Bird398,9,Parrot,Yellow,Quarantine,False
AUTO399,Bird399,23,Finch,White,Quarantine,False
AUTO400,Bird400,8,Owl,Black,Sold,False
AUTO401,Bird401,7,Eagle,Red,In Aviary,False
AUTO402,Bird402,8,Eagle,Blue,Sold,True
AUTO403,Bird403,21,Eagle,White,In Aviary,False
AUTO404,Bird404,15,Owl,Black,In Aviary,True
AUTO405,Bird405,23,Eagle,Red,Quarantine,False
AUTO406,Bird406,14,Owl,White,Sold,False
AUTO407,Bird407,23,Eagle,White,In Aviary,True
AUTO408,Bird408,18,Eagle,Red,In Aviary,False
AUTO409,Bird409,5,Owl,Red,Sold,True
AUTO410,Bird410,1,Parrot,Yellow,Sold,True
AUTO411,Bird411,14,Finch,Black,In Aviary,False
AUTO412,Bird412,10,Parrot,Black,Sold,False
AUTO413,Bird413,16,Owl,Yellow,Sold,False
AUTO414,Bird414,24,Cockatiel,White,Quarantine,True
AUTO415,Bird415,22,Eagle,White,In Aviary,False
AUTO416,Bird416,24,Finch,White,In Aviary,False
AUTO417,Bird417,10,Finch,Green,Sold,False
AUTO418,Bird418,9,Owl,Yellow,Sold,False
AUTO419,Bird419,10,Eagle,Green,Quarantine,False
AUTO420,Bird420,7,Owl,Black,In Aviary,True
AUTO421,Bird421,18,Finch,Green,Sold,True
AUTO422,Bird422,4,Finch,Black,Quarantine,True
AUTO423,Bird423,18,Parrot,Red,In Aviary,False
AUTO424,Bird424,16,Cockatiel,Red,Sold,False
AUTO425,Bird425,18,Finch,Yellow,In Aviary,True
AUTO426,Bird426,12,Cockatiel,White,In Aviary,False
AUTO427,Bird427,17,Finch,Red,In Aviary,False
AUTO428,Bird428,18,Cockatiel,Blue,Quarantine,True
AUTO429,Bird429,19,Eagle,Green,Sold,False
AUTO430,Bird430,1,Cockatiel,Blue,Quarantine,True
AUTO431,Bird431,20,Finch,Yellow,In Aviary,True
AUTO432,Bird432,18,Cockatiel,Black,Quarantine,False
AUTO433,Bird433,18,Eagle,Red,Sold,False
AUTO434,Bird434,3,Parrot,Black,In Aviary,False
AUTO435,Bird435,12,Eagle,Blue,Sold,False
AUTO436,Bird436,9,Eagle,Blue,Sold,False
AUTO437,Bird437,5,Finch,White,In Aviary,True
AUTO438,Bird438,15,Cockatiel,Blue,Sold,True
AUTO439,Bird439,3,Owl,Yellow,Sold,False
AUTO440,Bird440,17,Parrot,Blue,Sold,False
AUTO441,Bird441,5,Parrot,White,In Aviary,True
AUTO442,Bird442,21,Finch,Black,Quarantine,True
AUTO443,Bird443,12,Eagle,Yellow,In Aviary,False
AUTO444,Bird444,19,Eagle,Black,Sold,True
AUTO445,Bird445,15,Owl,Black,Quarantine,True
AUTO446,Bird446,1,Cockatiel,Blue,Quarantine,False
AUTO447,Bird447,20,Owl,White,Quarantine,False
AUTO448,Bird448,13,Owl,Red,Sold,True
AUTO449,Bird449,21,Finch,Black,Sold,True
AUTO450,Bird450,24,Eagle,Green,In Aviary,True
AUTO451,Bird451,11,Parrot,Green,In Aviary,True
AUTO452,Bird452,2,Owl,Blue,Quarantine,False
AUTO453,Bird453,6,Eagle,Green,Quarantine,False
AUTO454,Bird454,15,Owl,Green,Sold,True
AUTO455,Bird455,20,Parrot,Blue,In Aviary,False
AUTO456,Bird456,10,Eagle,Black,Sold,True
AUTO457,Bird457,20,Owl,White,In Aviary,True
AUTO458,Bird458,4,Cockatiel,Blue,Sold,True
AUTO459,Bird459,13,Eagle,White,Quarantine,False
AUTO460,Bird460,10,Finch,White,Quarantine,True
AUTO461,Bird461,13,Parrot,Yellow,Quarantine,True
AUTO462,Bird462,2,Owl,Green,Sold,False
AUTO463,Bird463,14,Owl,White,Quarantine,False
AUTO464,Bird464,16,Eagle,Black,In Aviary,True
AUTO465,Bird465,14,Eagle,Blue,In Aviary,True
AUTO466,Bird466,19,Cockatiel,Black,Quarantine,False
AUTO467,Bird467,1,Finch,Yellow,Quarantine,True
AUTO468,Bird468,22,Owl,Yellow,In Aviary,True
AUTO469,Bird469,22,Eagle,Red,Sold,True
AUTO470,Bird470,12,Finch,White,Sold,True
AUTO471,Bird471,18,Owl,Blue,Sold,False
AUTO472,Bird472,24,Owl,Red,Quarantine,True
AUTO473,Bird473,17,Parrot,Yellow,Quarantine,False
AUTO474,Bird474,22,Owl,Blue,Sold,False
AUTO475,Bird475,12,Eagle,Yellow,In Aviary,True
AUTO476,Bird476,15,Parrot,Green,Quarantine,False
AUTO477,Bird477,15,Cockatiel,Red,Quarantine,True
AUTO478,Bird478,22,Owl,White,In Aviary,True
AUTO479,Bird479,5,Finch,Black,In Aviary,True
AUTO480,Bird480,21,Owl,Black,In Aviary,True
AUTO481,Bird481,3,Cockatiel,Red,In Aviary,False
AUTO482,Bird482,23,Cockatiel,Black,Sold,False
AUTO483,Bird483,12,Finch,Blue,In Aviary,True
AUTO484,Bird484,1,Eagle,Green,Quarantine,True
AUTO485,Bird485,16,Cockatiel,Yellow,Quarantine,False
AUTO486,Bird486,2,Finch,Black,In Aviary,True
AUTO487,Bird487,11,Parrot,Black,In Aviary,False
AUTO488,Bird488,10,Owl,Green,Sold,False
AUTO489,Bird489,16,Owl,Red,Sold,True
AUTO490,Bird490,9,Owl,White,In Aviary,False
AUTO491,Bird491,3,Finch,Red,Quarantine,True
AUTO492,Bird492,21,Finch,Yellow,In Aviary,False
AUTO493,Bird493,21,Eagle,Yellow,Quarantine,False
AUTO494,Bird494,12,Owl,Blue,Sold,True
AUTO495,Bird495,2,Eagle,Blue,In Aviary,True
AUTO496,Bird496,10,Finch,Blue,Sold,True
AUTO497,Bird497,3,Parrot,Black,Quarantine,True
AUTO498,Bird498,1,Cockatiel,Yellow,Sold,True
AUTO499,Bird499,21,Cockatiel,Blue,In Aviary,True
AUTO500,Bird500,6,Owl,Green,In Aviary,True
AUTO501,Bird501,6,Cockatiel,Green,Quarantine,True
AUTO502,Bird502,17,Finch,Red,Sold,True
AUTO503,Bird503,18,Finch,Black,Sold,False
AUTO504,Bird504,24,Cockatiel,Red,Quarantine,False
AUTO505,Bird505,3,Finch,White,Sold,False
AUTO506,Bird506,1,Finch,Black,In Aviary,False
AUTO507,Bird507,4,Eagle,Red,Quarantine,True
AUTO508,Bird508,20,Owl,Blue,Quarantine,True
AUTO509,Bird509,22,Owl,Blue,Quarantine,True
AUTO510,Bird510,17,Finch,White,Sold,True
AUTO511,Bird511,23,Finch,Yellow,In Aviary,False
AUTO512,Bird512,21,Cockatiel,Green,In Aviary,False
AUTO513,Bird513,22,Eagle,Black,Sold,False
AUTO514,Bird514,1,Owl,Yellow,Sold,False
AUTO515,Bird515,12,Eagle,White,Quarantine,True
AUTO516,Bird516,6,Parrot,White,In Aviary,False
AUTO517,Bird517,20,Cockatiel,Green,Quarantine,False
AUTO518,Bird518,9,Owl,Yellow,Sold,True
AUTO519,Bird519,15,Eagle,Yellow,Sold,True
AUTO520,Bird520,16,Eagle,Red,Sold,False
AUTO521,Bird521,7,Eagle,Red,Sold,True
AUTO522,Bird522,12,Cockatiel,Yellow,Quarantine,False
AUTO523,Bird523,20,Owl,Blue,Sold,False
AUTO524,Bird524,16,Cockatiel,Black,In Aviary,False
AUTO525,Bird525,7,Finch,Blue,In Aviary,True
AUTO526,Bird526,11,Cockatiel,Yellow,In Aviary,False
AUTO527,Bird527,23,Cockatiel,Blue,In Aviary,False
AUTO528,Bird528,4,Cockatiel,Black,In Aviary,False
AUTO529,Bird529,18,Cockatiel,Blue,Sold,True
AUTO530,Bird530,21,Cockatiel,White,Quarantine,True
AUTO531,Bird531,13,Cockatiel,Yellow,Quarantine,False
AUTO532,Bird532,2,Owl,Red,In Aviary,False
AUTO533,Bird533,15,Eagle,Green,Sold,False
AUTO534,Bird534,12,Owl,Blue,Sold,True
AUTO535,Bird535,2,Cockatiel,Black,In Aviary,False
AUTO536,Bird536,13,Cockatiel,Green,Sold,True
AUTO537,Bird537,12,Finch,Blue,Quarantine,False
AUTO538,Bird538,12,Eagle,Red,Quarantine,True
AUTO539,Bird539,12,Owl,Red,Quarantine,False
AUTO540,Bird540,18,Owl,White,In Aviary,False
AUTO541,Bird541,9,Finch,Blue,Quarantine,True
AUTO542,Bird542,9,Parrot,Red,In Aviary,False
AUTO543,Bird543,13,Eagle,Black,Quarantine,False
AUTO544,Bird544,20,Parrot,Green,In Aviary,True
AUTO545,Bird545,17,Cockatiel,Green,Sold,True
AUTO546,Bird546,4,Owl,Yellow,In Aviary,False
AUTO547,Bird547,16,Parrot,Yellow,Quarantine,False
AUTO548,Bird548,3,Eagle,Black,Quarantine,True
AUTO549,Bird549,17,Owl,Green,In Aviary,True
AUTO550,Bird550,11,Eagle,Yellow,In Aviary,False
AUTO551,Bird551,2,Parrot,Black,In Aviary,True
AUTO552,Bird552,20,Finch,White,Quarantine,False
AUTO553,Bird553,4,Finch,Red,Sold,False
AUTO554,Bird554,12,Cockatiel,Green,Quarantine,False
AUTO555,Bird555,8,Parrot,Green,In Aviary,False
AUTO556,Bird556,2,Cockatiel,Black,In Aviary,True
AUTO557,Bird557,24,Cockatiel,Green,In Aviary,True
AUTO558,Bird558,15,Owl,Green,Quarantine,True
AUTO559,Bird559,8,Eagle,Yellow,In Aviary,True
AUTO560,Bird560,18,Finch,Yellow,Quarantine,False
AUTO561,Bird561,7,Eagle,White,Sold,False
AUTO562,Bird562,21,Eagle,Red,Quarantine,True
AUTO563,Bird563,7,Cockatiel,Black,In Aviary,True
AUTO564,Bird564,11,Finch,Black,In Aviary,False
AUTO565,Bird565,12,Finch,Red,In Aviary,True
AUTO566,Bird566,21,Parrot,Yellow,Sold,False
AUTO567,Bird567,9,Parrot,White,Sold,True
AUTO568,Bird568,8,Finch,Black,In Aviary,True
AUTO569,Bird569,7,Finch,Blue,In Aviary,True
AUTO570,Bird570,11,Cockatiel,Black,In Aviary,False
AUTO571,Bird571,14,Eagle,Black,Quarantine,False
AUTO572,Bird572,16,Finch,Black,In Aviary,False
AUTO573,Bird573,18,Cockatiel,Blue,In Aviary,True
AUTO574,Bird574,22,Parrot,White,Sold,False
AUTO575,Bird575,24,Cockatiel,Green,Sold,True
AUTO576,Bird576,10,Owl,Green,Quarantine,True
AUTO577,Bird577,14,Parrot,Yellow,Quarantine,False
AUTO578,Bird578,5,Owl,Blue,Quarantine,False
AUTO579,Bird579,20,Eagle,Blue,In Aviary,False
AUTO580,Bird580,7,Eagle,Yellow,Sold,False
AUTO581,Bird581,19,Cockatiel,Blue,Quarantine,False
AUTO582,Bird582,6,Cockatiel,Blue,In Aviary,False
AUTO583,Bird583,11,Parrot,Black,In Aviary,False
AUTO584,Bird584,21,Cockatiel,White,Sold,True
AUTO585,Bird585,24,Cockatiel,Blue,Sold,False
AUTO586,Bird586,8,Cockatiel,Blue,Sold,True
AUTO587,Bird587,23,Cockatiel,Red,In Aviary,True
AUTO588,Bird588,2,Cockatiel,Green,Sold,False
AUTO589,Bird589,10,Owl,Red,In Aviary,False
AUTO590,Bird590,18,Owl,Blue,Quarantine,True
AUTO591,Bird591,13,Eagle,Green,Quarantine,False
AUTO592,Bird592,13,Parrot,Green,Sold,False
AUTO593,Bird593,18,Owl,Green,Quarantine,False
AUTO594,Bird594,15,Cockatiel,Blue,Sold,True
AUTO595,Bird595,6,Owl,Blue,In Aviary,False
AUTO596,Bird596,4,Finch,Blue,Quarantine,True
AUTO597,Bird597,14,Cockatiel,White,Sold,False
AUTO598,Bird598,1,Eagle,Yellow,In Aviary,False
AUTO599,Bird599,17,Eagle,Red,Sold,True
AUTO600,Bird600,19,Owl,Green,Quarantine,False
AUTO601,Bird601,12,Owl,Yellow,Sold,True
AUTO602,Bird602,12,Owl,White,In Aviary,True
AUTO603,Bird603,8,Finch,Green,In Aviary,False
AUTO604,Bird604,18,Eagle,White,In Aviary,True
AUTO605,Bird605,3,Parrot,Blue,Sold,True
AUTO606,Bird606,12,Parrot,Green,In Aviary,True
AUTO607,Bird607,1,Owl,Black,Quarantine,False
AUTO608,Bird608,23,Eagle,White,Quarantine,False
AUTO609,Bird609,11,Owl,Red,In Aviary,False
AUTO610,Bird610,12,Finch,Red,Quarantine,True
AUTO611,Bird611,21,Cockatiel,Blue,Quarantine,True
AUTO612,Bird612,1,Finch,Yellow,Quarantine,False
AUTO613,Bird613,16,Owl,Black,Quarantine,False
AUTO614,Bird614,14,Owl,Red,Sold,True
AUTO615,Bird615,17,Owl,White,Quarantine,False
AUTO616,Bird616,17,Finch,Green,Quarantine,True
AUTO617,Bird617,7,Finch,Yellow,Sold,False
AUTO618,Bird618,23,Finch,Blue,In Aviary,False
AUTO619,Bird619,9,Parrot,Black,Quarantine,True
AUTO620,Bird620,20,Parrot,Red,Quarantine,False
AUTO621,Bird621,21,Owl,Blue,Quarantine,False
AUTO622,Bird622,24,Owl,White,In Aviary,False
AUTO623,Bird623,3,Finch,White,Quarantine,False
AUTO624,Bird624,13,Eagle,Green,Sold,True
AUTO625,Bird625,6,Cockatiel,Blue,Quarantine,False
AUTO626,Bird626,10,Parrot,White,Sold,False
AUTO627,Bird627,7,Owl,Red,In Aviary,False
AUTO628,Bird628,23,Finch,Black,Sold,True
AUTO629,Bird629,22,Eagle,Green,Sold,True
AUTO630,Bird630,4,Owl,Yellow,Quarantine,True
AUTO631,Bird631,22,Finch,White,Sold,False
AUTO632,Bird632,11,Cockatiel,White,In Aviary,True
AUTO633,Bird633,18,Parrot,Blue,In Aviary,True
AUTO634,Bird634,18,Eagle,Blue,Sold,False
AUTO635,Bird635,1,Finch,Red,Sold,False
AUTO636,Bird636,18,Finch,Blue,In Aviary,True
AUTO637,Bird637,13,Parrot,Black,Sold,True
AUTO638,Bird638,16,Parrot,Green,Sold,True
AUTO639,Bird639,11,Parrot,Green,Quarantine,False
AUTO640,Bird640,17,Eagle,Black,Sold,False
AUTO641,Bird641,22,Eagle,Red,In Aviary,False
AUTO642,Bird642,22,Cockatiel,Green,Sold,True
AUTO643,Bird643,12,Owl,White,Sold,False
AUTO644,Bird644,20,Cockatiel,Green,Sold,True
AUTO645,Bird645,7,Eagle,Blue,Sold,False
AUTO646,Bird646,19,Eagle,Blue,In Aviary,False
AUTO647,Bird647,4,Eagle,Green,In Aviary,False
AUTO648,Bird648,6,Eagle,Black,Quarantine,False
AUTO649,Bird649,12,Cockatiel,White,In Aviary,False
AUTO650,Bird650,8,Parrot,White,In Aviary,False
AUTO651,Bird651,16,Owl,Black,Quarantine,True
AUTO652,Bird652,14,Owl,Blue,Sold,True
AUTO653,Bird653,3,Cockatiel,Yellow,Sold,False
AUTO654,Bird654,4,Cockatiel,Green,In Aviary,False
AUTO655,Bird655,16,Parrot,Black,Quarantine,True
AUTO656,Bird656,1,Parrot,Green,In Aviary,True
AUTO657,Bird657,16,Parrot,Green,Quarantine,True
AUTO658,Bird658,4,Owl,Green,In Aviary,False
AUTO659,Bird659,17,Eagle,Blue,In Aviary,False
AUTO660,Bird660,10,Owl,Black,In Aviary,False
AUTO661,Bird661,6,Finch,White,In Aviary,True
AUTO662,Bird662,14,Eagle,Black,Sold,True
AUTO663,Bird663,24,Cockatiel,Green,Sold,False
AUTO664,Bird664,5,Owl,Blue,In Aviary,True
AUTO665,Bird665,19,Eagle,Green,Sold,True
AUTO666,Bird666,16,Finch,Black,Quarantine,False
AUTO667,Bird667,10,Eagle,White,Quarantine,False
AUTO668,Bird668,16,Owl,Green,Sold,True
AUTO669,Bird669,22,Eagle,Black,Sold,False
AUTO670,Bird670,18,Parrot,Yellow,Quarantine,False
AUTO671,Bird671,4,Finch,Black,Sold,True
AUTO672,Bird672,6,Owl,Yellow,In Aviary,False
AUTO673,Bird673,4,Eagle,Red,Sold,True
AUTO674,Bird674,6,Parrot,Blue,Sold,True
AUTO675,Bird675,16,Eagle,Yellow,Quarantine,False
AUTO676,Bird676,1,Cockatiel,White,Sold,False
AUTO677,Bird677,6,Parrot,Blue,In Aviary,False
AUTO678,Bird678,21,Finch,Yellow,Sold,True
AUTO679,Bird679,21,Finch,Blue,In Aviary,False
AUTO680,Bird680,12,Parrot,Blue,Quarantine,True
AUTO681,Bird681,15,Cockatiel,Green,In Aviary,False
AUTO682,Bird682,21,Owl,Green,Sold,False
AUTO683,Bird683,7,Cockatiel,Black,In Aviary,False
AUTO684,Bird684,7,Eagle,Yellow,Sold,True
AUTO685,Bird685,8,Finch,Yellow,In Aviary,False
AUTO686,Bird686,23,Parrot,Red,Sold,True
AUTO687,Bird687,14,Finch,Green,In Aviary,True
AUTO688,Bird688,20,Owl,White,In Aviary,True
AUTO689,Bird689,24,Cockatiel,Green,Sold,True
AUTO690,Bird690,2,Finch,Blue,Sold,False
AUTO691,Bird691,13,Finch,Yellow,Quarantine,True
AUTO692,Bird692,12,Finch,Red,Quarantine,False
AUTO693,Bird693,24,Finch,White,In Aviary,True
AUTO694,Bird694,23,Owl,Blue,In Aviary,False
AUTO695,Bird695,13,Finch,Blue,Quarantine,False
AUTO696,Bird696,23,Parrot,Yellow,Quarantine,False
AUTO697,Bird697,5,Eagle,White,Quarantine,False
AUTO698,Bird698,6,Parrot,Black,Sold,False
AUTO699,Bird699,22,Owl,Yellow,Sold,True
AUTO700,Bird700,6,Parrot,Yellow,Sold,False
AUTO701,Bird701,16,Owl,Green,Sold,True
AUTO702,Bird702,11,Cockatiel,Green,Sold,True
AUTO703,Bird703,9,Parrot,Green,In Aviary,True
AUTO704,Bird704,22,Owl,Yellow,Sold,False
AUTO705,Bird705,11,Cockatiel,Green,Quarantine,False
AUTO706,Bird706,23,Eagle,Yellow,Sold,False
AUTO707,Bird707,20,Eagle,Red,In Aviary,True
AUTO708,Bird708,13,Eagle,Yellow,Quarantine,True
AUTO709,Bird709,1,Finch,Green,Sold,False
AUTO710,Bird710,11,Eagle,Yellow,Sold,False
AUTO711,Bird711,24,Finch,Blue,Quarantine,False
AUTO712,Bird712,17,Eagle,Red,Sold,False
AUTO713,Bird713,15,Owl,Yellow,Quarantine,True
AUTO714,Bird714,9,Owl,Blue,In Aviary,True
AUTO715,Bird715,9,Finch,Green,Sold,True
AUTO716,Bird716,4,Owl,White,Quarantine,False
AUTO717,Bird717,6,Finch,White,Sold,False
AUTO718,Bird718,16,Owl,White,Sold,True
AUTO719,Bird719,23,Owl,Blue,In Aviary,True
AUTO720,Bird720,13,Eagle,Black,Sold,True
AUTO721,Bird721,6,Finch,Green,In Aviary,True
AUTO722,Bird722,10,Parrot,Green,Sold,False
AUTO723,Bird723,23,Owl,Blue,Sold,True
AUTO724,Bird724,14,Eagle,Green,In Aviary,True
AUTO725,Bird725,18,Parrot,White,Quarantine,False
AUTO726,Bird726,2,Parrot,Red,Sold,True
AUTO727,Bird727,6,Owl,White,Quarantine,False
AUTO728,Bird728,4,Parrot,Blue,In Aviary,False
AUTO729,Bird729,1,Owl,Red,Sold,False
AUTO730,Bird730,18,Finch,Green,In Aviary,False
AUTO731,Bird731,6,Parrot,Yellow,Quarantine,False
AUTO732,Bird732,5,Parrot,Yellow,Quarantine,True
AUTO733,Bird733,2,Cockatiel,Black,Quarantine,True
AUTO734,Bird734,7,Eagle,Blue,Sold,True
AUTO735,Bird735,3,Finch,White,Quarantine,True
AUTO736,Bird736,14,Parrot,Yellow,In Aviary,True
AUTO737,Bird737,7,Owl,Yellow,Quarantine,True
AUTO738,Bird738,20,Eagle,Blue,Quarantine,True
AUTO739,Bird739,2,Eagle,Green,Quarantine,True
AUTO740,Bird740,14,Eagle,Blue,Quarantine,False
AUTO741,Bird741,14,Finch,Yellow,Quarantine,True
AUTO742,Bird742,1,Owl,Green,Sold,True
AUTO743,Bird743,15,Parrot,White,Sold,False
AUTO744,Bird744,23,Cockatiel,Green,In Aviary,False
AUTO745,Bird745,11,Owl,Yellow,Quarantine,False
AUTO746,Bird746,8,Parrot,Black,In Aviary,False
AUTO747,Bird747,7,Finch,Blue,Sold,False
AUTO748,Bird748,2,Finch,Red,In Aviary,False
AUTO749,Bird749,9,Finch,White,Quarantine,False
AUTO750,Bird750,19,Finch,Black,In Aviary,True
AUTO751,Bird751,11,Owl,Blue,Quarantine,True
AUTO752,Bird752,2,Cockatiel,Blue,Sold,False
AUTO753,Bird753,17,Finch,Green,Quarantine,True
AUTO754,Bird754,24,Cockatiel,Blue,Sold,True
AUTO755,Bird755,4,Cockatiel,Black,Sold,True
AUTO756,Bird756,9,Owl,Red,In Aviary,True
AUTO757,Bird757,2,Cockatiel,Yellow,Sold,True
AUTO758,Bird758,11,Cockatiel,Red,In Aviary,False
AUTO759,Bird759,9,Finch,Black,In Aviary,True
AUTO760,Bird760,11,Parrot,Yellow,In Aviary,False
AUTO761,Bird761,17,Owl,Blue,In Aviary,False
AUTO762,Bird762,3,Finch,Yellow,Quarantine,False
AUTO763,Bird763,7,Cockatiel,Red,Sold,True
AUTO764,Bird764,10,Owl,Green,Sold,True
AUTO765,Bird765,11,Parrot,White,Sold,False
AUTO766,Bird766,1,Cockatiel,Yellow,In Aviary,True
AUTO767,Bird767,3,Cockatiel,Blue,In Aviary,True
AUTO768,Bird768,7,Cockatiel,White,Sold,True
AUTO769,Bird769,22,Parrot,Yellow,Sold,True
AUTO770,Bird770,12,Eagle,Black,Quarantine,True
AUTO771,Bird771,9,Eagle,Blue,Sold,False
AUTO772,Bird772,24,Owl,Red,Quarantine,False
AUTO773,Bird773,11,Finch,Green,Sold,True
AUTO774,Bird774,18,Cockatiel,Blue,Quarantine,False
AUTO775,Bird775,10,Owl,Yellow,Sold,True
AUTO776,Bird776,17,Owl,Blue,Quarantine,False
AUTO777,Bird777,11,Eagle,Yellow,In Aviary,True
AUTO778,Bird778,23,Cockatiel,Blue,Quarantine,False
AUTO779,Bird779,21,Eagle,Black,Sold,True
AUTO780,Bird780,10,Owl,Black,Quarantine,False
AUTO781,Bird781,14,Owl,Blue,Sold,False
AUTO782,Bird782,20,Cockatiel,Red,Sold,False
AUTO783,Bird783,13,Owl,White,In Aviary,False
AUTO784,Bird784,21,Owl,White,In Aviary,False
AUTO785,Bird785,11,Owl,Green,Quarantine,True
AUTO786,Bird786,13,Cockatiel,White,In Aviary,False
AUTO787,Bird787,16,Parrot,Black,Quarantine,False
AUTO788,Bird788,6,Finch,Black,Sold,False
AUTO789,Bird789,19,Finch,Yellow,In Aviary,True
AUTO790,Bird790,12,Cockatiel,White,In Aviary,True
AUTO791,Bird791,17,Eagle,Blue,In Aviary,False
AUTO792,Bird792,8,Cockatiel,White,Quarantine,True
AUTO793,Bird793,13,Owl,White,Sold,False
AUTO794,Bird794,14,Finch,White,Sold,True
AUTO795,Bird795,18,Cockatiel,Blue,Sold,True
AUTO796,Bird796,13,Owl,Blue,In Aviary,True
AUTO797,Bird797,2,Owl,Blue,In Aviary,True
AUTO798,Bird798,22,Owl,Yellow,In Aviary,False
AUTO799,Bird799,13,Eagle,Black,Sold,False
AUTO800,Bird800,14,Parrot,Black,In Aviary,True
AUTO801,Bird801,9,Eagle,White,Sold,False
AUTO802,Bird802,4,Eagle,Black,Quarantine,True
AUTO803,Bird803,1,Cockatiel,Black,Sold,False
AUTO804,Bird804,1,Cockatiel,White,Quarantine,False
AUTO805,Bird805,2,Eagle,Black,Sold,False
AUTO806,Bird806,3,Parrot,Yellow,Sold,False
AUTO807,Bird807,19,Finch,Green,Sold,True
AUTO808,Bird808,16,Cockatiel,Black,In Aviary,False
AUTO809,Bird809,12,Eagle,Blue,Quarantine,False
AUTO810,Bird810,5,Finch,Blue,Sold,True
AUTO811,Bird811,1,Owl,Red,Quarantine,True
AUTO812,Bird812,18,Owl,Green,In Aviary,False
AUTO813,Bird813,3,Owl,Black,In Aviary,False
AUTO814,Bird814,19,Cockatiel,Red,Quarantine,True
AUTO815,Bird815,22,Cockatiel,Black,Quarantine,True
AUTO816,Bird816,22,Eagle,White,Sold,True
AUTO817,Bird817,11,Parrot,Red,Sold,True
AUTO818,Bird818,2,Eagle,Yellow,In Aviary,False
AUTO819,Bird819,19,Parrot,Red,Quarantine,False
AUTO820,Bird820,15,Finch,Blue,Quarantine,False
AUTO821,Bird821,10,Finch,Yellow,Quarantine,False
AUTO822,Bird822,6,Finch,Black,Quarantine,True
AUTO823,Bird823,17,Eagle,Yellow,Quarantine,False
AUTO824,Bird824,3,Finch,Blue,Sold,False
AUTO825,Bird825,13,Owl,Red,Sold,False
AUTO826,Bird826,13,Finch,Blue,In Aviary,True
AUTO827,Bird827,10,Finch,Black,Sold,True
AUTO828,Bird828,18,Eagle,White,Sold,True
AUTO829,Bird829,22,Eagle,Black,In Aviary,False
AUTO830,Bird830,8,Owl,Green,Quarantine,False
AUTO831,Bird831,21,Parrot,Red,In Aviary,True
AUTO832,Bird832,23,Parrot,White,Sold,False
AUTO833,Bird833,5,Finch,White,Sold,True
AUTO834,Bird834,16,Finch,Red,In Aviary,True
AUTO835,Bird835,3,Cockatiel,Blue,In Aviary,True
AUTO836,Bird836,18,Owl,Blue,Quarantine,False
AUTO837,Bird837,13,Cockatiel,Red,In Aviary,False
AUTO838,Bird838,18,Owl,Red,In Aviary,True
AUTO839,Bird839,22,Parrot,White,In Aviary,True
AUTO840,Bird840,18,Owl,Blue,In Aviary,False
AUTO841,Bird841,4,Eagle,Green,Sold,True
AUTO842,Bird842,4,Cockatiel,Yellow,Quarantine,False
AUTO843,Bird843,10,Finch,Blue,Sold,True
AUTO844,Bird844,21,Cockatiel,Red,Sold,True
AUTO845,Bird845,3,Parrot,Red,Quarantine,False
AUTO846,Bird846,15,Parrot,Blue,Quarantine,False
AUTO847,Bird847,13,Parrot,Green,Quarantine,False
AUTO848,Bird848,24,Finch,Yellow,In Aviary,False
AUTO849,Bird849,24,Cockatiel,Green,In Aviary,False
AUTO850,Bird850,6,Finch,Green,Sold,False
AUTO851,Bird851,20,Eagle,White,Quarantine,True
AUTO852,Bird852,22,Eagle,White,Quarantine,False
AUTO853,Bird853,6,Parrot,Red,Sold,False
AUTO854,Bird854,13,Cockatiel,White,In Aviary,False
AUTO855,Bird855,22,Cockatiel,White,Sold,True
AUTO856,Bird856,6,Cockatiel,White,Quarantine,True
AUTO857,Bird857,23,Cockatiel,Red,Quarantine,True
AUTO858,Bird858,18,Owl,Black,In Aviary,True
AUTO859,Bird859,15,Cockatiel,Green,Sold,False
AUTO860,Bird860,17,Parrot,Green,In Aviary,True
AUTO861,Bird861,4,Owl,Red,Sold,True
AUTO862,Bird862,17,Cockatiel,Black,Sold,False
AUTO863,Bird863,21,Owl,Red,In Aviary,False
AUTO864,Bird864,12,Eagle,Black,In Aviary,False
AUTO865,Bird865,11,Parrot,Green,In Aviary,True
AUTO866,Bird866,21,Finch,Black,Sold,True
AUTO867,Bird867,3,Cockatiel,Black,Sold,False
AUTO868,Bird868,7,Parrot,Black,In Aviary,False
AUTO869,Bird869,4,Parrot,Blue,Sold,False
AUTO870,Bird870,6,Finch,Red,In Aviary,False
AUTO871,Bird871,12,Owl,Green,In Aviary,True
AUTO872,Bird872,6,Parrot,Blue,Quarantine,False
AUTO873,Bird873,4,Eagle,Yellow,In Aviary,False
AUTO874,Bird874,16,Owl,Black,Sold,False
AUTO875,Bird875,10,Parrot,Blue,In Aviary,False
AUTO876,Bird876,12,Cockatiel,Yellow,Sold,False
AUTO877,Bird877,5,Finch,Red,In Aviary,False
AUTO878,Bird878,13,Cockatiel,Green,Sold,False
AUTO879,Bird879,3,Owl,Red,Sold,True
AUTO880,Bird880,17,Parrot,Green,In Aviary,False
AUTO881,Bird881,12,Eagle,Blue,Sold,True
AUTO882,Bird882,3,Finch,Black,In Aviary,True
AUTO883,Bird883,13,Cockatiel,Red,In Aviary,True
AUTO884,Bird884,8,Parrot,Red,In Aviary,False
AUTO885,Bird885,5,Parrot,White,In Aviary,True
AUTO886,Bird886,12,Cockatiel,Green,Sold,False
AUTO887,Bird887,3,Eagle,Black,Sold,True
AUTO888,Bird888,5,Cockatiel,Yellow,In Aviary,True
AUTO889,Bird889,3,Finch,Blue,Sold,False
AUTO890,Bird890,7,Parrot,White,Quarantine,False
AUTO891,Bird891,6,Finch,White,Quarantine,True
AUTO892,Bird892,4,Eagle,Red,In Aviary,False
AUTO893,Bird893,4,Eagle,Blue,Sold,False
AUTO894,Bird894,16,Parrot,Blue,Quarantine,False
AUTO895,Bird895,14,Finch,Blue,Sold,True
AUTO896,Bird896,6,Parrot,Yellow,Quarantine,False
AUTO897,Bird897,19,Finch,Yellow,Sold,False
AUTO898,Bird898,6,Parrot,Green,In Aviary,True
AUTO899,Bird899,3,Eagle,Blue,Quarantine,True
AUTO900,Bird900,11,Owl,Red,Sold,True
AUTO901,Bird901,11,Parrot,Blue,In Aviary,True
AUTO902,Bird902,14,Finch,Yellow,In Aviary,False
AUTO903,Bird903,5,Eagle,White,Sold,True
AUTO904,Bird904,11,Finch,White,Sold,False
AUTO905,Bird905,9,Eagle,Yellow,Quarantine,True
AUTO906,Bird906,22,Eagle,Red,Quarantine,True
AUTO907,Bird907,13,Parrot,Yellow,Sold,True
AUTO908,Bird908,3,Finch,Black,In Aviary,True
AUTO909,Bird909,9,Parrot,Red,Sold,False
AUTO910,Bird910,8,Finch,Yellow,Sold,True
AUTO911,Bird911,19,Parrot,Yellow,In Aviary,True
AUTO912,Bird912,7,Finch,Red,Quarantine,False
AUTO913,Bird913,15,Owl,Blue,In Aviary,False
AUTO914,Bird914,8,Owl,Yellow,In Aviary,True
AUTO915,Bird915,12,Parrot,Black,Sold,False
AUTO916,Bird916,17,Owl,White,In Aviary,True
AUTO917,Bird917,16,Owl,Black,In Aviary,True
AUTO918,Bird918,17,Owl,Yellow,Sold,False
AUTO919,Bird919,4,Finch,Black,In Aviary,False
AUTO920,Bird920,16,Finch,Red,Quarantine,False
AUTO921,Bird921,5,Cockatiel,White,Sold,True
AUTO922,Bird922,9,Parrot,Red,Quarantine,False
AUTO923,Bird923,12,Owl,White,In Aviary,True
AUTO924,Bird924,12,Finch,White,Sold,True
AUTO925,Bird925,3,Cockatiel,Blue,Sold,False
AUTO926,Bird926,8,Finch,Blue,In Aviary,False
AUTO927,Bird927,20,Cockatiel,Green,In Aviary,False
AUTO928,Bird928,7,Finch,Yellow,In Aviary,False
AUTO929,Bird929,9,Parrot,Green,Quarantine,False
AUTO930,Bird930,2,Cockatiel,Blue,Quarantine,False
AUTO931,Bird931,3,Parrot,Red,Quarantine,False
AUTO932,Bird932,4,Finch,Green,Quarantine,False
AUTO933,Bird933,14,Owl,White,In Aviary,False
AUTO934,Bird934,1,Finch,White,Quarantine,True
AUTO935,Bird935,7,Owl,Red,In Aviary,True
AUTO936,Bird936,7,Cockatiel,Yellow,Quarantine,False
AUTO937,Bird937,4,Owl,Yellow,In Aviary,False
AUTO938,Bird938,5,Cockatiel,Yellow,Quarantine,True
AUTO939,Bird939,9,Finch,Yellow,Quarantine,False
AUTO940,Bird940,8,Eagle,Green,In Aviary,False
AUTO941,Bird941,19,Finch,Blue,In Aviary,False
AUTO942,Bird942,15,Owl,Green,Quarantine,False
AUTO943,Bird943,22,Finch,Black,Sold,True
AUTO944,Bird944,22,Parrot,Red,Quarantine,True
AUTO945,Bird945,13,Finch,Black,Quarantine,True
AUTO946,Bird946,2,Finch,Red,Quarantine,False
AUTO947,Bird947,22,Eagle,Yellow,Quarantine,False
AUTO948,Bird948,23,Cockatiel,Green,In Aviary,False
AUTO949,Bird949,11,Finch,Yellow,In Aviary,False
AUTO950,Bird950,15,Parrot,Black,Quarantine,True
AUTO951,Bird951,18,Cockatiel,White,Sold,False
AUTO952,Bird952,1,Finch,Black,Sold,True
AUTO953,Bird953,1,Parrot,Red,Quarantine,False
AUTO954,Bird954,13,Cockatiel,Black,Quarantine,False
AUTO955,Bird955,7,Parrot,White,Sold,True
AUTO956,Bird956,9,Finch,Yellow,Quarantine,True
AUTO957,Bird957,18,Finch,Green,Quarantine,False
AUTO958,Bird958,3,Eagle,Black,In Aviary,False
AUTO959,Bird959,18,Eagle,Green,In Aviary,False
AUTO960,Bird960,3,Finch,Green,Sold,False
AUTO961,Bird961,10,Eagle,Blue,Quarantine,False
AUTO962,Bird962,1,Eagle,Black,Sold,False
AUTO963,Bird963,21,Finch,Yellow,Quarantine,False
AUTO964,Bird964,16,Cockatiel,Red,In Aviary,False
AUTO965,Bird965,1,Cockatiel,White,In Aviary,False
AUTO966,Bird966,9,Cockatiel,Red,Quarantine,False
AUTO967,Bird967,6,Eagle,Yellow,Quarantine,True
AUTO968,Bird968,2,Finch,Blue,In Aviary,True
AUTO969,Bird969,9,Finch,Green,Quarantine,False
AUTO970,Bird970,20,Finch,Black,Quarantine,False
AUTO971,Bird971,20,Eagle,Black,Sold,False
AUTO972,Bird972,11,Owl,Black,Quarantine,True
AUTO973,Bird973,15,Cockatiel,Blue,Quarantine,True
AUTO974,Bird974,20,Cockatiel,Blue,In Aviary,True
AUTO975,Bird975,19,Cockatiel,Black,In Aviary,True
AUTO976,Bird976,12,Eagle,Green,Quarantine,True
AUTO977,Bird977,18,Finch,Blue,In Aviary,False
AUTO978,Bird978,5,Finch,Yellow,Sold,False
AUTO979,Bird979,15,Finch,Green,Quarantine,False
AUTO980,Bird980,13,Eagle,Red,Sold,False
AUTO981,Bird981,18,Eagle,Red,Quarantine,False
AUTO982,Bird982,7,Parrot,Yellow,Sold,False
AUTO983,Bird983,17,Eagle,Green,Sold,False
AUTO984,Bird984,16,Eagle,Red,Sold,True
AUTO985,Bird985,8,Parrot,Blue,Sold,False
AUTO986,Bird986,15,Owl,Yellow,Sold,False
AUTO987,Bird987,1,Owl,White,Sold,True
AUTO988,Bird988,14,Owl,Red,Sold,True
AUTO989,Bird989,4,Finch,Blue,In Aviary,False
AUTO990,Bird990,11,Parrot,Red,In Aviary,False
AUTO991,Bird991,17,Owl,Black,In Aviary,False
AUTO992,Bird992,6,Parrot,Yellow,Quarantine,True
AUTO993,Bird993,8,Finch,Blue,Quarantine,True
AUTO994,Bird994,12,Cockatiel,Blue,In Aviary,False
AUTO995,Bird995,11,Eagle,Red,Quarantine,False
AUTO996,Bird996,4,Cockatiel,Blue,Sold,False
AUTO997,Bird997,6,Finch,Yellow,Sold,True
AUTO998,Bird998,6,Finch,White,Sold,True
AUTO999,Bird999,20,Owl,Black,Quarantine,False
AUTO1000,Bird1000,13,Cockatiel,Blue,Sold,False
AUTO1001,Bird1001,21,Owl,Yellow,Sold,True
AUTO1002,Bird1002,22,Parrot,Green,Quarantine,True
AUTO1003,Bird1003,11,Parrot,Blue,Quarantine,False
AUTO1004,Bird1004,19,Owl,White,Sold,True
AUTO1005,Bird1005,12,Finch,Black,Sold,True
AUTO1006,Bird1006,15,Finch,Green,In Aviary,True
AUTO1007,Bird1007,2,Finch,Green,In Aviary,True
AUTO1008,Bird1008,12,Finch,Green,Quarantine,False
AUTO1009,Bird1009,23,Cockatiel,Yellow,In Aviary,True
AUTO1010,Bird1010,6,Parrot,Yellow,Quarantine,False
AUTO1011,Bird1011,22,Cockatiel,Black,In Aviary,False
AUTO1012,Bird1012,2,Eagle,Blue,Sold,True
AUTO1013,Bird1013,2,Eagle,Red,Quarantine,True
AUTO1014,Bird1014,3,Cockatiel,White,Sold,False
AUTO1015,Bird1015,15,Eagle,Red,In Aviary,True
AUTO1016,Bird1016,14,Finch,Green,Quarantine,True
AUTO1017,Bird1017,11,Parrot,Red,In Aviary,False
AUTO1018,Bird1018,4,Finch,Yellow,Quarantine,True
AUTO1019,Bird1019,3,Parrot,Green,In Aviary,True
AUTO1020,Bird1020,1,Parrot,Yellow,In Aviary,True
AUTO1021,Bird1021,17,Finch,Black,In Aviary,False
AUTO1022,Bird1022,20,Parrot,Black,In Aviary,True
AUTO1023,Bird1023,19,Owl,Blue,Sold,True
AUTO1024,Bird1024,7,Parrot,Yellow,Sold,False
AUTO1025,Bird1025,19,Cockatiel,Black,In Aviary,False
AUTO1026,Bird1026,14,Parrot,Yellow,In Aviary,True
AUTO1027,Bird1027,19,Finch,Blue,In Aviary,False
AUTO1028,Bird1028,19,Cockatiel,Red,Quarantine,True
AUTO1029,Bird1029,3,Cockatiel,Red,Sold,False
AUTO1030,Bird1030,4,Eagle,Blue,In Aviary,False
AUTO1031,Bird1031,18,Eagle,Green,Sold,True
AUTO1032,Bird1032,8,Owl,Black,Sold,False
AUTO1033,Bird1033,13,Finch,White,In Aviary,False
AUTO1034,Bird1034,12,Eagle,Yellow,Sold,True
AUTO1035,Bird1035,2,Finch,White,In Aviary,False
AUTO1036,Bird1036,1,Eagle,White,Quarantine,True
AUTO1037,Bird1037,10,Cockatiel,Green,Sold,True
AUTO1038,Bird1038,1,Eagle,White,In Aviary,True
AUTO1039,Bird1039,22,Parrot,Black,Quarantine,False
AUTO1040,Bird1040,17,Finch,Green,Quarantine,False
AUTO1041,Bird1041,18,Cockatiel,Blue,Sold,True
AUTO1042,Bird1042,4,Owl,Yellow,In Aviary,True
AUTO1043,Bird1043,22,Finch,Yellow,Sold,False
AUTO1044,Bird1044,2,Cockatiel,Black,Quarantine,False
AUTO1045,Bird1045,15,Finch,Yellow,Quarantine,True
AUTO1046,Bird1046,9,Parrot,Yellow,Sold,True
AUTO1047,Bird1047,15,Finch,Blue,Quarantine,False
AUTO1048,Bird1048,17,Finch,Yellow,Sold,False
AUTO1049,Bird1049,18,Parrot,Yellow,In Aviary,True
AUTO1050,Bird1050,16,Owl,Yellow,Sold,False
AUTO1051,Bird1051,2,Owl,Blue,Quarantine,True
AUTO1052,Bird1052,11,Eagle,Blue,Quarantine,False
AUTO1053,Bird1053,11,Cockatiel,White,In Aviary,False
AUTO1054,Bird1054,23,Parrot,Black,In Aviary,True
AUTO1055,Bird1055,9,Parrot,Yellow,Sold,True
AUTO1056,Bird1056,16,Parrot,Yellow,Sold,True
AUTO1057,Bird1057,23,Parrot,Blue,In Aviary,True
AUTO1058,Bird1058,9,Cockatiel,White,Quarantine,True
AUTO1059,Bird1059,5,Eagle,White,In Aviary,False
AUTO1060,Bird1060,13,Cockatiel,Yellow,In Aviary,False
AUTO1061,Bird1061,23,Cockatiel,Blue,In Aviary,False
AUTO1062,Bird1062,9,Finch,Red,Sold,False
AUTO1063,Bird1063,11,Cockatiel,Green,In Aviary,False
AUTO1064,Bird1064,21,Eagle,White,Sold,False
AUTO1065,Bird1065,19,Cockatiel,Blue,Sold,False
AUTO1066,Bird1066,8,Cockatiel,Yellow,Sold,False
AUTO1067,Bird1067,4,Owl,Green,Sold,False
AUTO1068,Bird1068,5,Owl,White,Sold,False
AUTO1069,Bird1069,12,Eagle,Red,Sold,True
AUTO1070,Bird1070,7,Eagle,Blue,Sold,False
AUTO1071,Bird1071,19,Eagle,Black,Sold,False
AUTO1072,Bird1072,23,Parrot,Green,In Aviary,False
AUTO1073,Bird1073,19,Eagle,Blue,Quarantine,True
AUTO1074,Bird1074,7,Finch,Blue,Sold,True
AUTO1075,Bird1075,22,Finch,Blue,Quarantine,False
AUTO1076,Bird1076,18,Cockatiel,Black,Sold,False
AUTO1077,Bird1077,12,Finch,Red,Quarantine,False
AUTO1078,Bird1078,21,Eagle,Red,Sold,True
AUTO1079,Bird1079,4,Cockatiel,Yellow,Sold,False
AUTO1080,Bird1080,18,Owl,Red,Quarantine,False
AUTO1081,Bird1081,19,Finch,Black,In Aviary,True
AUTO1082,Bird1082,13,Eagle,Black,Sold,False
AUTO1083,Bird1083,7,Finch,Green,In Aviary,False
AUTO1084,Bird1084,23,Finch,Black,Quarantine,True
AUTO1085,Bird1085,20,Cockatiel,Black,Quarantine,True
AUTO1086,Bird1086,2,Cockatiel,White,Quarantine,False
AUTO1087,Bird1087,6,Finch,Blue,Quarantine,True
AUTO1088,Bird1088,3,Eagle,Yellow,Sold,False
AUTO1089,Bird1089,17,Owl,Yellow,In Aviary,False
AUTO1090,Bird1090,2,Finch,Red,In Aviary,True
AUTO1091,Bird1091,16,Eagle,Blue,Sold,True
AUTO1092,Bird1092,12,Parrot,Red,In Aviary,True
AUTO1093,Bird1093,17,Owl,Black,Sold,False
AUTO1094,Bird1094,5,Cockatiel,White,Quarantine,False
AUTO1095,Bird1095,15,Finch,White,Quarantine,True
AUTO1096,Bird1096,12,Finch,Yellow,Quarantine,False
AUTO1097,Bird1097,8,Finch,Red,Sold,False
AUTO1098,Bird1098,11,Eagle,Black,Quarantine,False
AUTO1099,Bird1099,14,Cockatiel,Black,Quarantine,False
AUTO1100,Bird1100,24,Owl,Yellow,Sold,False
AUTO1101,Bird1101,17,Eagle,Blue,Sold,False
AUTO1102,Bird1102,14,Parrot,Green,Quarantine,True
AUTO1103,Bird1103,11,Eagle,White,Quarantine,False
AUTO1104,Bird1104,11,Eagle,Blue,Quarantine,False
AUTO1105,Bird1105,15,Finch,Black,Sold,False
AUTO1106,Bird1106,2,Finch,Green,Quarantine,False
AUTO1107,Bird1107,13,Parrot,Black,Quarantine,False
AUTO1108,Bird1108,23,Finch,Green,Sold,False
AUTO1109,Bird1109,18,Eagle,Red,In Aviary,False
AUTO1110,Bird1110,15,Cockatiel,Red,Quarantine,False
AUTO1111,Bird1111,14,Finch,Yellow,In Aviary,False
AUTO1112,Bird1112,15,Parrot,Yellow,Quarantine,True
AUTO1113,Bird1113,8,Parrot,Yellow,Quarantine,True
AUTO1114,Bird1114,20,Owl,Yellow,Sold,False
AUTO1115,Bird1115,7,Finch,Green,In Aviary,True
AUTO1116,Bird1116,3,Eagle,Red,In Aviary,False
AUTO1117,Bird1117,23,Parrot,Red,In Aviary,False
AUTO1118,Bird1118,20,Owl,Yellow,Sold,True
AUTO1119,Bird1119,15,Cockatiel,Blue,Sold,True
AUTO1120,Bird1120,14,Finch,White,Sold,False
AUTO1121,Bird1121,8,Owl,Black,Sold,True
AUTO1122,Bird1122,12,Cockatiel,Blue,In Aviary,True
AUTO1123,Bird1123,9,Finch,Black,In Aviary,False
AUTO1124,Bird1124,12,Owl,Blue,In Aviary,True
AUTO1125,Bird1125,7,Eagle,Green,Quarantine,True
AUTO1126,Bird1126,5,Eagle,Green,In Aviary,False
AUTO1127,Bird1127,11,Cockatiel,Green,In Aviary,False
AUTO1128,Bird1128,7,Parrot,Black,Quarantine,True
AUTO1129,Bird1129,5,Owl,Blue,Sold,False
AUTO1130,Bird1130,8,Finch,Blue,Quarantine,True
AUTO1131,Bird1131,22,Eagle,Green,Sold,True
AUTO1132,Bird1132,1,Parrot,Red,In Aviary,False
AUTO1133,Bird1133,23,Finch,Red,Sold,True
AUTO1134,Bird1134,11,Cockatiel,White,Sold,True
AUTO1135,Bird1135,4,Owl,Red,Sold,True
AUTO1136,Bird1136,22,Owl,White,Quarantine,True
AUTO1137,Bird1137,8,Finch,Black,Quarantine,False
AUTO1138,Bird1138,1,Owl,Green,In Aviary,False
AUTO1139,Bird1139,18,Cockatiel,Blue,Sold,False
AUTO1140,Bird1140,4,Eagle,Black,Quarantine,False
AUTO1141,Bird1141,15,Cockatiel,White,Sold,True
AUTO1142,Bird1142,20,Cockatiel,Red,In Aviary,True
AUTO1143,Bird1143,2,Eagle,Yellow,Sold,False
AUTO1144,Bird1144,23,Eagle,Yellow,In Aviary,False
AUTO1145,Bird1145,21,Eagle,Green,Sold,False
AUTO1146,Bird1146,3,Finch,Black,Quarantine,True
AUTO1147,Bird1147,4,Owl,Red,Sold,True
AUTO1148,Bird1148,21,Finch,Black,Sold,False
AUTO1149,Bird1149,7,Eagle,Red,Quarantine,True
AUTO1150,Bird1150,21,Eagle,Green,Quarantine,True
AUTO1151,Bird1151,4,Owl,Yellow,In Aviary,False
AUTO1152,Bird1152,3,Finch,Black,Quarantine,False
AUTO1153,Bird1153,17,Owl,White,Quarantine,True
AUTO1154,Bird1154,6,Parrot,Yellow,Sold,False
AUTO1155,Bird1155,24,Owl,Blue,Quarantine,True
AUTO1156,Bird1156,21,Eagle,Yellow,Quarantine,True
AUTO1157,Bird1157,12,Owl,Blue,Quarantine,True
AUTO1158,Bird1158,24,Owl,White,Quarantine,True
AUTO1159,Bird1159,1,Owl,Green,Quarantine,True
AUTO1160,Bird1160,6,Eagle,Blue,In Aviary,False
AUTO1161,Bird1161,7,Parrot,Blue,Quarantine,True
AUTO1162,Bird1162,15,Cockatiel,Green,Quarantine,False
AUTO1163,Bird1163,1,Owl,Yellow,In Aviary,True
AUTO1164,Bird1164,5,Finch,Blue,Quarantine,True
AUTO1165,Bird1165,14,Parrot,Green,Sold,False
AUTO1166,Bird1166,12,Owl,White,In Aviary,False
AUTO1167,Bird1167,17,Finch,White,In Aviary,False
AUTO1168,Bird1168,21,Owl,Black,Quarantine,True
AUTO1169,Bird1169,17,Parrot,Red,Sold,False
AUTO1170,Bird1170,16,Cockatiel,Black,Sold,False
AUTO1171,Bird1171,21,Parrot,Green,In Aviary,False
AUTO1172,Bird1172,3,Eagle,White,Sold,True
AUTO1173,Bird1173,18,Cockatiel,Yellow,In Aviary,False
AUTO1174,Bird1174,11,Eagle,Blue,Quarantine,True
AUTO1175,Bird1175,9,Eagle,Green,Sold,True
AUTO1176,Bird1176,10,Eagle,Yellow,In Aviary,True
AUTO1177,Bird1177,15,Parrot,Blue,Quarantine,True
AUTO1178,Bird1178,21,Cockatiel,Yellow,Quarantine,True
AUTO1179,Bird1179,21,Owl,Yellow,Sold,False
AUTO1180,Bird1180,6,Parrot,Yellow,Quarantine,False
AUTO1181,Bird1181,10,Finch,Yellow,In Aviary,True
AUTO1182,Bird1182,23,Eagle,Red,In Aviary,True
AUTO1183,Bird1183,19,Cockatiel,Yellow,Quarantine,True
AUTO1184,Bird1184,18,Eagle,Yellow,Sold,True
AUTO1185,Bird1185,8,Parrot,White,Quarantine,False
AUTO1186,Bird1186,10,Eagle,Black,Quarantine,False
AUTO1187,Bird1187,2,Finch,Black,In Aviary,True
AUTO1188,Bird1188,24,Eagle,Yellow,Sold,False
AUTO1189,Bird1189,8,Owl,White,In Aviary,True
AUTO1190,Bird1190,11,Eagle,Red,Quarantine,True
AUTO1191,Bird1191,7,Owl,Blue,Sold,False
AUTO1192,Bird1192,9,Eagle,Yellow,Sold,False
AUTO1193,Bird1193,24,Parrot,White,Quarantine,True
AUTO1194,Bird1194,4,Eagle,Black,In Aviary,False
AUTO1195,Bird1195,10,Eagle,White,In Aviary,False
AUTO1196,Bird1196,4,Parrot,Black,Sold,True
AUTO1197,Bird1197,19,Cockatiel,Green,Sold,True
AUTO1198,Bird1198,15,Cockatiel,Red,Sold,True
AUTO1199,Bird1199,11,Parrot,Green,Quarantine,True
AUTO1200,Bird1200,2,Eagle,Blue,Quarantine,True
AUTO1201,Bird1201,22,Finch,Red,In Aviary,False
AUTO1202,Bird1202,1,Parrot,Green,Sold,False
AUTO1203,Bird1203,3,Owl,Blue,Quarantine,False
AUTO1204,Bird1204,22,Parrot,Red,Sold,False
AUTO1205,Bird1205,10,Eagle,Red,In Aviary,False
AUTO1206,Bird1206,12,Eagle,Green,Sold,False
AUTO1207,Bird1207,11,Finch,White,Quarantine,True
AUTO1208,Bird1208,8,Owl,Green,In Aviary,False
AUTO1209,Bird1209,23,Cockatiel,White,Quarantine,True
AUTO1210,Bird1210,3,Finch,Blue,Quarantine,False
AUTO1211,Bird1211,1,Finch,Yellow,In Aviary,True
AUTO1212,Bird1212,2,Finch,Black,In Aviary,False
AUTO1213,Bird1213,20,Owl,Green,Sold,False
AUTO1214,Bird1214,5,Finch,Blue,Sold,True
AUTO1215,Bird1215,18,Finch,Yellow,In Aviary,True
AUTO1216,Bird1216,15,Parrot,Yellow,In Aviary,True
AUTO1217,Bird1217,4,Owl,Black,Quarantine,True
AUTO1218,Bird1218,20,Cockatiel,Green,Sold,False
AUTO1219,Bird1219,8,Eagle,Green,In Aviary,True
AUTO1220,Bird1220,16,Owl,Green,Sold,True
AUTO1221,Bird1221,18,Parrot,Blue,Quarantine,False
AUTO1222,Bird1222,12,Finch,Green,In Aviary,False
AUTO1223,Bird1223,1,Eagle,Blue,Sold,True
AUTO1224,Bird1224,5,Finch,Black,Sold,True
AUTO1225,Bird1225,15,Owl,Red,In Aviary,False
AUTO1226,Bird1226,16,Cockatiel,Black,In Aviary,True
AUTO1227,Bird1227,17,Eagle,Green,Quarantine,False
AUTO1228,Bird1228,6,Owl,Blue,Sold,False
AUTO1229,Bird1229,6,Cockatiel,Black,Sold,True
AUTO1230,Bird1230,14,Finch,Blue,Sold,False
AUTO1231,Bird1231,14,Owl,Green,Quarantine,True
AUTO1232,Bird1232,22,Owl,Green,In Aviary,True
AUTO1233,Bird1233,9,Cockatiel,Green,Quarantine,True
AUTO1234,Bird1234,9,Parrot,Red,Quarantine,False
AUTO1235,Bird1235,13,Parrot,Blue,Quarantine,True
AUTO1236,Bird1236,1,Eagle,Blue,In Aviary,True
AUTO1237,Bird1237,5,Owl,White,Quarantine,True
AUTO1238,Bird1238,4,Eagle,White,Sold,False
AUTO1239,Bird1239,5,Owl,Yellow,Sold,False
AUTO1240,Bird1240,20,Eagle,Red,Quarantine,False
AUTO1241,Bird1241,19,Cockatiel,Yellow,Sold,False
AUTO1242,Bird1242,14,Eagle,Yellow,In Aviary,True
AUTO1243,Bird1243,5,Cockatiel,Green,Sold,True
AUTO1244,Bird1244,19,Cockatiel,Black,Quarantine,True
AUTO1245,Bird1245,5,Owl,Red,In Aviary,False
AUTO1246,Bird1246,9,Finch,Yellow,Sold,False
AUTO1247,Bird1247,17,Cockatiel,Black,In Aviary,False
AUTO1248,Bird1248,1,Owl,Blue,In Aviary,True
AUTO1249,Bird1249,8,Parrot,Blue,In Aviary,False
AUTO1250,Bird1250,15,Eagle,Yellow,Sold,True
AUTO1251,Bird1251,9,Cockatiel,Blue,In Aviary,False
AUTO1252,Bird1252,23,Parrot,Green,Quarantine,True
AUTO1253,Bird1253,14,Cockatiel,Yellow,Sold,False
AUTO1254,Bird1254,10,Finch,Green,In Aviary,False
AUTO1255,Bird1255,17,Parrot,Yellow,Quarantine,True
AUTO1256,Bird1256,6,Cockatiel,Green,In Aviary,False
AUTO1257,Bird1257,6,Cockatiel,Green,Sold,True
AUTO1258,Bird1258,13,Parrot,Green,Sold,True
AUTO1259,Bird1259,23,Owl,White,Sold,False
AUTO1260,Bird1260,12,Parrot,Blue,Sold,False
AUTO1261,Bird1261,17,Cockatiel,Red,Quarantine,False
AUTO1262,Bird1262,24,Cockatiel,White,Sold,False
AUTO1263,Bird1263,23,Parrot,Red,Quarantine,False
AUTO1264,Bird1264,18,Owl,Red,In Aviary,True
AUTO1265,Bird1265,7,Owl,Green,In Aviary,False
AUTO1266,Bird1266,24,Cockatiel,White,Quarantine,True
AUTO1267,Bird1267,19,Eagle,Red,Sold,True
AUTO1268,Bird1268,8,Finch,Green,In Aviary,True
AUTO1269,Bird1269,1,Eagle,Black,In Aviary,True
AUTO1270,Bird1270,7,Cockatiel,White,Sold,False
AUTO1271,Bird1271,18,Finch,Yellow,Quarantine,True
AUTO1272,Bird1272,19,Parrot,Blue,In Aviary,False
AUTO1273,Bird1273,21,Eagle,Black,In Aviary,False
AUTO1274,Bird1274,6,Parrot,Yellow,In Aviary,False
AUTO1275,Bird1275,19,Cockatiel,Red,Sold,True
AUTO1276,Bird1276,18,Eagle,Green,Quarantine,True
AUTO1277,Bird1277,2,Parrot,Yellow,Sold,True
AUTO1278,Bird1278,15,Parrot,Red,Sold,True
AUTO1279,Bird1279,8,Parrot,Green,In Aviary,False
AUTO1280,Bird1280,4,Parrot,Black,In Aviary,True
AUTO1281,Bird1281,19,Parrot,Black,In Aviary,False
AUTO1282,Bird1282,2,Cockatiel,Blue,Sold,True
AUTO1283,Bird1283,20,Finch,White,Quarantine,False
AUTO1284,Bird1284,2,Finch,White,Quarantine,False
AUTO1285,Bird1285,5,Parrot,Green,In Aviary,True
AUTO1286,Bird1286,5,Owl,Green,Quarantine,False
AUTO1287,Bird1287,11,Cockatiel,Red,Sold,True
AUTO1288,Bird1288,4,Eagle,Yellow,Quarantine,False
AUTO1289,Bird1289,9,Parrot,Blue,In Aviary,True
AUTO1290,Bird1290,13,Finch,Red,Sold,False
AUTO1291,Bird1291,20,Cockatiel,Blue,Quarantine,True
AUTO1292,Bird1292,7,Parrot,White,Sold,False
AUTO1293,Bird1293,1,Cockatiel,Blue,Sold,True
AUTO1294,Bird1294,2,Owl,Yellow,In Aviary,True
AUTO1295,Bird1295,19,Owl,Red,Quarantine,True
AUTO1296,Bird1296,22,Cockatiel,Blue,In Aviary,True
AUTO1297,Bird1297,14,Owl,Red,Quarantine,True
AUTO1298,Bird1298,7,Eagle,Yellow,Sold,False
AUTO1299,Bird1299,2,Parrot,Red,Sold,True
AUTO1300,Bird1300,13,Finch,Black,Quarantine,False
AUTO1301,Bird1301,1,Eagle,Red,In Aviary,False
AUTO1302,Bird1302,23,Cockatiel,White,In Aviary,False
AUTO1303,Bird1303,21,Owl,Red,Quarantine,False
AUTO1304,Bird1304,1,Parrot,Black,Quarantine,True
AUTO1305,Bird1305,1,Cockatiel,Black,Quarantine,True
AUTO1306,Bird1306,12,Cockatiel,White,In Aviary,False
AUTO1307,Bird1307,18,Finch,White,Quarantine,False
AUTO1308,Bird1308,8,Owl,Black,In Aviary,False
AUTO1309,Bird1309,15,Finch,White,In Aviary,True
AUTO1310,Bird1310,15,Cockatiel,Black,Quarantine,True
AUTO1311,Bird1311,11,Parrot,Red,Quarantine,True
AUTO1312,Bird1312,21,Owl,Red,Quarantine,True
AUTO1313,Bird1313,2,Owl,Green,Sold,False
AUTO1314,Bird1314,21,Eagle,White,In Aviary,True
AUTO1315,Bird1315,7,Cockatiel,Green,Quarantine,False
AUTO1316,Bird1316,16,Parrot,White,In Aviary,False
AUTO1317,Bird1317,15,Parrot,Red,In Aviary,True
AUTO1318,Bird1318,17,Eagle,Yellow,Quarantine,True
AUTO1319,Bird1319,23,Cockatiel,Red,Sold,True
AUTO1320,Bird1320,21,Eagle,Yellow,Sold,True
AUTO1321,Bird1321,3,Parrot,Yellow,In Aviary,False
AUTO1322,Bird1322,8,Finch,Red,Sold,True
AUTO1323,Bird1323,12,Owl,Red,Sold,False
AUTO1324,Bird1324,8,Cockatiel,Blue,Sold,True
AUTO1325,Bird1325,24,Parrot,Blue,In Aviary,False
AUTO1326,Bird1326,12,Eagle,Yellow,In Aviary,True
AUTO1327,Bird1327,15,Finch,Green,Quarantine,False
AUTO1328,Bird1328,15,Owl,Blue,Quarantine,True
AUTO1329,Bird1329,13,Owl,Green,Sold,True
AUTO1330,Bird1330,18,Owl,Green,Sold,False
AUTO1331,Bird1331,15,Finch,Blue,Quarantine,False
AUTO1332,Bird1332,20,Owl,Green,In Aviary,True
AUTO1333,Bird1333,22,Eagle,Red,Sold,False
AUTO1334,Bird1334,18,Finch,Red,In Aviary,True
AUTO1335,Bird1335,15,Parrot,White,Sold,False
AUTO1336,Bird1336,15,Owl,Red,Quarantine,True
AUTO1337,Bird1337,5,Eagle,White,In Aviary,True
AUTO1338,Bird1338,7,Owl,Blue,Sold,False
AUTO1339,Bird1339,3,Eagle,Blue,Sold,False
AUTO1340,Bird1340,15,Owl,Blue,Quarantine,True
AUTO1341,Bird1341,3,Finch,Yellow,Quarantine,True
AUTO1342,Bird1342,6,Finch,Yellow,Sold,True
AUTO1343,Bird1343,4,Cockatiel,Black,In Aviary,False
AUTO1344,Bird1344,22,Eagle,Green,Sold,True
AUTO1345,Bird1345,11,Cockatiel,Blue,Sold,True
AUTO1346,Bird1346,15,Finch,Blue,Sold,True
AUTO1347,Bird1347,2,Cockatiel,Black,Quarantine,True
AUTO1348,Bird1348,3,Owl,Red,Quarantine,True
AUTO1349,Bird1349,9,Eagle,White,Quarantine,True
AUTO1350,Bird1350,11,Owl,Green,Sold,False
AUTO1351,Bird1351,10,Finch,Red,In Aviary,True
AUTO1352,Bird1352,15,Cockatiel,White,In Aviary,True
AUTO1353,Bird1353,11,Cockatiel,White,Quarantine,False
AUTO1354,Bird1354,1,Parrot,White,Quarantine,False
AUTO1355,Bird1355,4,Owl,Blue,Quarantine,True
AUTO1356,Bird1356,8,Parrot,White,Sold,False
AUTO1357,Bird1357,14,Finch,Black,Sold,True
AUTO1358,Bird1358,21,Parrot,White,Quarantine,False
AUTO1359,Bird1359,7,Cockatiel,Red,Quarantine,True
AUTO1360,Bird1360,19,Finch,Black,Quarantine,True
AUTO1361,Bird1361,13,Parrot,White,Quarantine,False
AUTO1362,Bird1362,3,Parrot,Black,Quarantine,False
AUTO1363,Bird1363,4,Owl,White,Sold,True
AUTO1364,Bird1364,4,Cockatiel,Green,In Aviary,False
AUTO1365,Bird1365,21,Parrot,Green,Quarantine,True
AUTO1366,Bird1366,11,Parrot,White,Quarantine,False
AUTO1367,Bird1367,9,Finch,White,In Aviary,True
AUTO1368,Bird1368,4,Owl,Yellow,In Aviary,True
AUTO1369,Bird1369,10,Parrot,Yellow,In Aviary,False
AUTO1370,Bird1370,7,Owl,Green,Quarantine,True
AUTO1371,Bird1371,23,Finch,Black,Sold,True
AUTO1372,Bird1372,23,Parrot,White,In Aviary,False
AUTO1373,Bird1373,5,Cockatiel,Blue,Sold,False
AUTO1374,Bird1374,6,Finch,Black,Sold,False
AUTO1375,Bird1375,6,Owl,Black,Sold,False
AUTO1376,Bird1376,22,Eagle,Red,Quarantine,False
AUTO1377,Bird1377,8,Eagle,Red,Quarantine,False
AUTO1378,Bird1378,17,Cockatiel,Blue,Sold,True
AUTO1379,Bird1379,4,Eagle,Red,Quarantine,True
AUTO1380,Bird1380,24,Owl,Yellow,Quarantine,False
AUTO1381,Bird1381,11,Finch,Yellow,In Aviary,True
AUTO1382,Bird1382,18,Finch,Red,Sold,True
AUTO1383,Bird1383,14,Parrot,Red,Quarantine,False
AUTO1384,Bird1384,5,Owl,Green,Quarantine,True
AUTO1385,Bird1385,9,Parrot,Red,Sold,False
AUTO1386,Bird1386,12,Finch,Red,Quarantine,False
AUTO1387,Bird1387,6,Finch,White,In Aviary,True
AUTO1388,Bird1388,7,Parrot,Blue,Sold,False
AUTO1389,Bird1389,22,Owl,Green,Sold,False
AUTO1390,Bird1390,8,Owl,Blue,Quarantine,True
AUTO1391,Bird1391,14,Cockatiel,Black,Sold,True
AUTO1392,Bird1392,18,Parrot,Green,Quarantine,True
AUTO1393,Bird1393,13,Finch,Red,Sold,True
AUTO1394,Bird1394,1,Cockatiel,Green,In Aviary,True
AUTO1395,Bird1395,21,Eagle,Red,In Aviary,True
AUTO1396,Bird1396,17,Cockatiel,Yellow,In Aviary,False
AUTO1397,Bird1397,11,Owl,Black,Sold,False
AUTO1398,Bird1398,17,Owl,Green,Sold,True
AUTO1399,Bird1399,12,Finch,Red,Quarantine,True
AUTO1400,Bird1400,24,Cockatiel,Blue,In Aviary,False
AUTO1401,Bird1401,23,Eagle,White,Sold,True
AUTO1402,Bird1402,7,Owl,White,In Aviary,True
AUTO1403,Bird1403,14,Owl,Black,Sold,True
AUTO1404,Bird1404,12,Finch,White,In Aviary,True
AUTO1405,Bird1405,8,Finch,Green,Quarantine,True
AUTO1406,Bird1406,9,Owl,Yellow,In Aviary,False
AUTO1407,Bird1407,17,Eagle,Green,Quarantine,True
AUTO1408,Bird1408,5,Owl,Yellow,Quarantine,False
AUTO1409,Bird1409,5,Owl,Red,Sold,False
AUTO1410,Bird1410,2,Owl,Green,Quarantine,True
AUTO1411,Bird1411,1,Parrot,Yellow,In Aviary,False
AUTO1412,Bird1412,13,Parrot,Red,In Aviary,True
AUTO1413,Bird1413,23,Eagle,Green,In Aviary,True
AUTO1414,Bird1414,10,Cockatiel,Black,Sold,True
AUTO1415,Bird1415,5,Parrot,Yellow,Quarantine,False
AUTO1416,Bird1416,19,Cockatiel,Yellow,Sold,True
AUTO1417,Bird1417,1,Parrot,White,Quarantine,True
AUTO1418,Bird1418,16,Finch,Black,Sold,True
AUTO1419,Bird1419,1,Eagle,Yellow,Sold,True
AUTO1420,Bird1420,13,Finch,Red,Quarantine,True
AUTO1421,Bird1421,11,Eagle,Black,Sold,False
AUTO1422,Bird1422,14,Finch,Yellow,Sold,False
AUTO1423,Bird1423,24,Cockatiel,Green,In Aviary,True
AUTO1424,Bird1424,3,Parrot,Black,Sold,True
AUTO1425,Bird1425,16,Owl,Red,In Aviary,False
AUTO1426,Bird1426,23,Finch,Black,In Aviary,False
AUTO1427,Bird1427,7,Eagle,Green,Quarantine,True
AUTO1428,Bird1428,15,Parrot,Green,Quarantine,True
AUTO1429,Bird1429,10,Eagle,White,In Aviary,True
AUTO1430,Bird1430,16,Parrot,Black,Sold,False
AUTO1431,Bird1431,10,Parrot,Blue,In Aviary,False
AUTO1432,Bird1432,14,Eagle,Yellow,In Aviary,True
AUTO1433,Bird1433,16,Eagle,Red,In Aviary,True
AUTO1434,Bird1434,21,Finch,Red,In Aviary,True
AUTO1435,Bird1435,8,Owl,Blue,In Aviary,True
AUTO1436,Bird1436,16,Cockatiel,Green,Quarantine,False
AUTO1437,Bird1437,8,Finch,Yellow,Quarantine,True
AUTO1438,Bird1438,5,Finch,Green,In Aviary,True
AUTO1439,Bird1439,5,Finch,Red,In Aviary,True
AUTO1440,Bird1440,7,Finch,Yellow,Quarantine,True
AUTO1441,Bird1441,6,Eagle,Red,Quarantine,False
AUTO1442,Bird1442,12,Parrot,Green,In Aviary,False
AUTO1443,Bird1443,17,Finch,White,In Aviary,False
AUTO1444,Bird1444,24,Finch,Black,Sold,False
AUTO1445,Bird1445,20,Owl,Red,Quarantine,True
AUTO1446,Bird1446,11,Eagle,White,Quarantine,False
AUTO1447,Bird1447,8,Owl,Yellow,Sold,True
AUTO1448,Bird1448,23,Finch,Yellow,Sold,False
AUTO1449,Bird1449,4,Owl,Yellow,Sold,True
AUTO1450,Bird1450,24,Owl,Black,Quarantine,True
AUTO1451,Bird1451,14,Eagle,Yellow,Quarantine,True
AUTO1452,Bird1452,2,Cockatiel,Yellow,Quarantine,True
AUTO1453,Bird1453,3,Parrot,Blue,In Aviary,True
AUTO1454,Bird1454,7,Parrot,Black,In Aviary,False
AUTO1455,Bird1455,9,Owl,Black,Quarantine,False
AUTO1456,Bird1456,14,Parrot,Black,Sold,False
AUTO1457,Bird1457,15,Cockatiel,Black,Quarantine,False
AUTO1458,Bird1458,20,Finch,Black,Quarantine,False
AUTO1459,Bird1459,20,Owl,Blue,In Aviary,False
AUTO1460,Bird1460,14,Cockatiel,Blue,Sold,True
AUTO1461,Bird1461,1,Parrot,Red,Sold,True
AUTO1462,Bird1462,11,Cockatiel,Red,In Aviary,False
AUTO1463,Bird1463,23,Cockatiel,White,Sold,False
AUTO1464,Bird1464,15,Finch,Green,In Aviary,False
AUTO1465,Bird1465,14,Parrot,Green,In Aviary,True
AUTO1466,Bird1466,11,Parrot,Yellow,Quarantine,True
AUTO1467,Bird1467,18,Eagle,Red,In Aviary,True
AUTO1468,Bird1468,3,Finch,Blue,Sold,False
AUTO1469,Bird1469,19,Eagle,Yellow,In Aviary,False
AUTO1470,Bird1470,3,Parrot,Green,Quarantine,False
AUTO1471,Bird1471,2,Eagle,Blue,Quarantine,True
AUTO1472,Bird1472,6,Owl,Red,Sold,False
AUTO1473,Bird1473,20,Finch,Black,In Aviary,False
AUTO1474,Bird1474,12,Parrot,Blue,Sold,False
AUTO1475,Bird1475,18,Eagle,Black,Sold,False
AUTO1476,Bird1476,18,Cockatiel,White,Sold,False
AUTO1477,Bird1477,22,Parrot,Green,In Aviary,False
AUTO1478,Bird1478,3,Owl,White,Quarantine,False
AUTO1479,Bird1479,17,Cockatiel,Black,Sold,True
AUTO1480,Bird1480,9,Owl,Black,Sold,True
AUTO1481,Bird1481,21,Cockatiel,Blue,Sold,True
AUTO1482,Bird1482,6,Cockatiel,White,Quarantine,False
AUTO1483,Bird1483,5,Cockatiel,White,Quarantine,True
AUTO1484,Bird1484,21,Parrot,Yellow,In Aviary,False
AUTO1485,Bird1485,16,Owl,Blue,In Aviary,True
AUTO1486,Bird1486,21,Cockatiel,Yellow,Quarantine,True
AUTO1487,Bird1487,15,Owl,Black,Quarantine,True
AUTO1488,Bird1488,22,Finch,Green,In Aviary,False
AUTO1489,Bird1489,10,Parrot,Green,Quarantine,False
AUTO1490,Bird1490,14,Parrot,Red,Quarantine,False
AUTO1491,Bird1491,5,Owl,Red,In Aviary,True
AUTO1492,Bird1492,12,Eagle,Red,Quarantine,False
AUTO1493,Bird1493,4,Parrot,Yellow,In Aviary,False
AUTO1494,Bird1494,10,Eagle,Black,Quarantine,False
AUTO1495,Bird1495,12,Eagle,Green,Sold,False
AUTO1496,Bird1496,8,Parrot,White,In Aviary,True
AUTO1497,Bird1497,23,Parrot,Blue,In Aviary,True
AUTO1498,Bird1498,17,Finch,Yellow,Sold,False
AUTO1499,Bird1499,21,Finch,Black,In Aviary,False
AUTO1500,Bird1500,3,Owl,Black,Quarantine,True
AUTO1501,Bird1501,23,Eagle,Black,In Aviary,True
AUTO1502,Bird1502,13,Eagle,Yellow,Sold,True
AUTO1503,Bird1503,21,Eagle,White,Sold,True
AUTO1504,Bird1504,23,Eagle,Green,In Aviary,False
AUTO1505,Bird1505,12,Eagle,Blue,Quarantine,False
AUTO1506,Bird1506,5,Eagle,Green,Sold,False
AUTO1507,Bird1507,8,Eagle,White,Quarantine,True
AUTO1508,Bird1508,13,Finch,Black,Sold,True
AUTO1509,Bird1509,15,Eagle,Black,Sold,True
AUTO1510,Bird1510,3,Owl,Blue,In Aviary,False
AUTO1511,Bird1511,14,Eagle,Black,Quarantine,True
AUTO1512,Bird1512,3,Cockatiel,Black,In Aviary,False
AUTO1513,Bird1513,15,Parrot,Yellow,Sold,True
AUTO1514,Bird1514,19,Eagle,Green,In Aviary,False
AUTO1515,Bird1515,11,Finch,Black,In Aviary,True
AUTO1516,Bird1516,13,Finch,White,Sold,True
AUTO1517,Bird1517,2,Finch,Blue,In Aviary,False
AUTO1518,Bird1518,22,Eagle,Red,In Aviary,True
AUTO1519,Bird1519,17,Eagle,Black,In Aviary,False
AUTO1520,Bird1520,22,Parrot,Yellow,In Aviary,False
AUTO1521,Bird1521,9,Owl,Black,Sold,True
AUTO1522,Bird1522,3,Eagle,Black,Sold,False
AUTO1523,Bird1523,20,Parrot,Black,Sold,False
AUTO1524,Bird1524,3,Finch,Green,Sold,True
AUTO1525,Bird1525,24,Parrot,White,Quarantine,False
AUTO1526,Bird1526,18,Parrot,Yellow,In Aviary,True
AUTO1527,Bird1527,18,Eagle,Blue,In Aviary,True
AUTO1528,Bird1528,6,Parrot,Blue,Sold,True
AUTO1529,Bird1529,5,Cockatiel,Yellow,In Aviary,True
AUTO1530,Bird1530,1,Finch,Blue,In Aviary,False
AUTO1531,Bird1531,7,Parrot,White,Sold,False
AUTO1532,Bird1532,22,Parrot,Black,In Aviary,False
AUTO1533,Bird1533,7,Cockatiel,Black,In Aviary,True
AUTO1534,Bird1534,11,Eagle,Black,Quarantine,False
AUTO1535,Bird1535,23,Finch,Green,Sold,False
AUTO1536,Bird1536,24,Eagle,Blue,In Aviary,True
AUTO1537,Bird1537,1,Finch,Red,In Aviary,True
AUTO1538,Bird1538,18,Owl,Green,In Aviary,False
AUTO1539,Bird1539,6,Parrot,White,Sold,False
AUTO1540,Bird1540,9,Eagle,Black,Quarantine,False
AUTO1541,Bird1541,11,Eagle,Yellow,Sold,False
AUTO1542,Bird1542,1,Owl,Black,Sold,True
AUTO1543,Bird1543,23,Cockatiel,Blue,In Aviary,True
AUTO1544,Bird1544,8,Cockatiel,Black,Quarantine,False
AUTO1545,Bird1545,21,Eagle,Blue,Sold,True
AUTO1546,Bird1546,5,Parrot,White,In Aviary,False
AUTO1547,Bird1547,13,Owl,Yellow,Sold,False
AUTO1548,Bird1548,12,Eagle,Black,Sold,True
AUTO1549,Bird1549,20,Parrot,White,In Aviary,True
AUTO1550,Bird1550,19,Finch,Red,In Aviary,False
AUTO1551,Bird1551,6,Eagle,Green,Quarantine,False
AUTO1552,Bird1552,2,Cockatiel,Yellow,In Aviary,False
AUTO1553,Bird1553,5,Owl,White,Quarantine,True
AUTO1554,Bird1554,11,Owl,Black,Sold,False
AUTO1555,Bird1555,10,Finch,Yellow,Quarantine,False
AUTO1556,Bird1556,8,Eagle,Blue,In Aviary,False
AUTO1557,Bird1557,4,Finch,Black,Quarantine,False
AUTO1558,Bird1558,13,Cockatiel,Black,In Aviary,False
AUTO1559,Bird1559,12,Cockatiel,Yellow,Sold,True
AUTO1560,Bird1560,2,Parrot,Red,In Aviary,False
AUTO1561,Bird1561,2,Eagle,White,In Aviary,False
AUTO1562,Bird1562,15,Parrot,Green,Quarantine,True
AUTO1563,Bird1563,11,Owl,Blue,In Aviary,True
AUTO1564,Bird1564,11,Finch,Black,In Aviary,True
AUTO1565,Bird1565,6,Owl,Yellow,Quarantine,True
AUTO1566,Bird1566,15,Parrot,White,Sold,False
AUTO1567,Bird1567,7,Eagle,Red,Quarantine,False
AUTO1568,Bird1568,3,Cockatiel,Green,Quarantine,True
AUTO1569,Bird1569,19,Finch,Red,Sold,True
AUTO1570,Bird1570,11,Cockatiel,Black,Sold,False
AUTO1571,Bird1571,13,Eagle,Red,In Aviary,False
AUTO1572,Bird1572,16,Finch,Black,Sold,True
AUTO1573,Bird1573,24,Eagle,Green,Sold,False
AUTO1574,Bird1574,13,Eagle,White,Sold,False
AUTO1575,Bird1575,3,Parrot,Red,In Aviary,True
AUTO1576,Bird1576,13,Parrot,Black,In Aviary,True
AUTO1577,Bird1577,6,Finch,White,Quarantine,True
AUTO1578,Bird1578,17,Owl,Black,Quarantine,True
AUTO1579,Bird1579,21,Eagle,Red,Sold,False
AUTO1580,Bird1580,3,Eagle,Yellow,Sold,False
AUTO1581,Bird1581,10,Eagle,White,Quarantine,True
AUTO1582,Bird1582,11,Owl,White,In Aviary,True
AUTO1583,Bird1583,7,Finch,Blue,In Aviary,True
AUTO1584,Bird1584,22,Cockatiel,Red,In Aviary,False
AUTO1585,Bird1585,12,Eagle,Red,Quarantine,True
AUTO1586,Bird1586,24,Owl,Red,Quarantine,False
AUTO1587,Bird1587,17,Cockatiel,Black,In Aviary,True
AUTO1588,Bird1588,4,Owl,Red,In Aviary,False
AUTO1589,Bird1589,11,Finch,Yellow,Quarantine,True
AUTO1590,Bird1590,18,Owl,White,Quarantine,False
AUTO1591,Bird1591,15,Finch,Green,In Aviary,False
AUTO1592,Bird1592,14,Finch,Black,Quarantine,True
AUTO1593,Bird1593,22,Owl,Green,In Aviary,True
AUTO1594,Bird1594,5,Parrot,White,Quarantine,True
AUTO1595,Bird1595,19,Finch,Yellow,In Aviary,True
AUTO1596,Bird1596,6,Eagle,Green,In Aviary,False
AUTO1597,Bird1597,19,Owl,White,Quarantine,False
AUTO1598,Bird1598,3,Finch,Green,Sold,True
AUTO1599,Bird1599,16,Eagle,Blue,Quarantine,True
AUTO1600,Bird1600,22,Eagle,Blue,Quarantine,False
AUTO1601,Bird1601,8,Finch,Yellow,Quarantine,True
AUTO1602,Bird1602,8,Eagle,Yellow,Sold,True
AUTO1603,Bird1603,24,Parrot,Green,In Aviary,True
AUTO1604,Bird1604,9,Cockatiel,Blue,Quarantine,True
AUTO1605,Bird1605,2,Eagle,Black,In Aviary,True
AUTO1606,Bird1606,11,Owl,Black,Sold,False
AUTO1607,Bird1607,11,Parrot,Red,In Aviary,True
AUTO1608,Bird1608,13,Eagle,Yellow,Sold,False
AUTO1609,Bird1609,18,Parrot,Blue,Quarantine,False
AUTO1610,Bird1610,19,Owl,Blue,In Aviary,False
AUTO1611,Bird1611,16,Eagle,Blue,Quarantine,False
AUTO1612,Bird1612,10,Cockatiel,Red,In Aviary,False
AUTO1613,Bird1613,19,Cockatiel,Black,In Aviary,False
AUTO1614,Bird1614,12,Owl,Green,Quarantine,False
AUTO1615,Bird1615,20,Parrot,White,Sold,False
AUTO1616,Bird1616,11,Owl,Yellow,Sold,True
AUTO1617,Bird1617,18,Cockatiel,Black,In Aviary,True
AUTO1618,Bird1618,13,Owl,Green,Quarantine,True
AUTO1619,Bird1619,17,Cockatiel,Blue,In Aviary,False
AUTO1620,Bird1620,5,Owl,Yellow,Sold,True
AUTO1621,Bird1621,10,Parrot,Yellow,Sold,False
AUTO1622,Bird1622,15,Finch,Yellow,Quarantine,True
AUTO1623,Bird1623,4,Owl,Red,Quarantine,False
AUTO1624,Bird1624,15,Cockatiel,Green,Sold,True
AUTO1625,Bird1625,5,Eagle,White,In Aviary,False
AUTO1626,Bird1626,16,Finch,Yellow,In Aviary,True
AUTO1627,Bird1627,4,Finch,White,Quarantine,True
AUTO1628,Bird1628,13,Cockatiel,Yellow,Quarantine,False
AUTO1629,Bird1629,2,Finch,Yellow,Sold,True
AUTO1630,Bird1630,19,Finch,Yellow,Quarantine,True
AUTO1631,Bird1631,4,Eagle,Blue,Quarantine,True
AUTO1632,Bird1632,19,Finch,Green,In Aviary,False
AUTO1633,Bird1633,19,Cockatiel,Black,Quarantine,True
AUTO1634,Bird1634,11,Parrot,Black,Sold,False
AUTO1635,Bird1635,19,Eagle,Red,Sold,False
AUTO1636,Bird1636,21,Cockatiel,Blue,In Aviary,False
AUTO1637,Bird1637,22,Owl,Yellow,Sold,False
AUTO1638,Bird1638,23,Cockatiel,Green,In Aviary,False
AUTO1639,Bird1639,14,Parrot,Green,Quarantine,True
AUTO1640,Bird1640,23,Parrot,Black,Sold,False
AUTO1641,Bird1641,17,Owl,Blue,In Aviary,True
AUTO1642,Bird1642,1,Eagle,Yellow,In Aviary,False
AUTO1643,Bird1643,20,Finch,Black,Sold,True
AUTO1644,Bird1644,5,Finch,Yellow,Quarantine,False
AUTO1645,Bird1645,7,Owl,Black,In Aviary,True
AUTO1646,Bird1646,10,Eagle,Red,Sold,False
AUTO1647,Bird1647,21,Finch,Yellow,Sold,False
AUTO1648,Bird1648,21,Eagle,Red,In Aviary,True
AUTO1649,Bird1649,21,Parrot,Black,Sold,False
AUTO1650,Bird1650,4,Finch,Black,Sold,False
AUTO1651,Bird1651,15,Eagle,White,Quarantine,False
AUTO1652,Bird1652,17,Finch,Blue,Sold,False
AUTO1653,Bird1653,22,Owl,Yellow,In Aviary,False
AUTO1654,Bird1654,3,Eagle,Green,Sold,False
AUTO1655,Bird1655,14,Eagle,Blue,Quarantine,False
AUTO1656,Bird1656,17,Owl,Red,Quarantine,True
AUTO1657,Bird1657,3,Finch,Black,Quarantine,True
AUTO1658,Bird1658,16,Finch,Black,In Aviary,True
AUTO1659,Bird1659,20,Owl,White,Sold,False
AUTO1660,Bird1660,6,Eagle,Red,Sold,True
AUTO1661,Bird1661,10,Finch,Black,In Aviary,True
AUTO1662,Bird1662,12,Eagle,Green,In Aviary,True
AUTO1663,Bird1663,14,Eagle,Red,Quarantine,False
AUTO1664,Bird1664,4,Eagle,Green,In Aviary,False
AUTO1665,Bird1665,11,Owl,Blue,Sold,False
AUTO1666,Bird1666,23,Parrot,White,Sold,True
AUTO1667,Bird1667,5,Owl,Green,Quarantine,True
AUTO1668,Bird1668,20,Finch,Blue,Quarantine,True
AUTO1669,Bird1669,18,Finch,Green,Quarantine,False
AUTO1670,Bird1670,15,Parrot,White,In Aviary,True
AUTO1671,Bird1671,22,Finch,Black,Sold,False
AUTO1672,Bird1672,13,Eagle,White,Sold,True
AUTO1673,Bird1673,22,Owl,Red,Quarantine,True
AUTO1674,Bird1674,23,Parrot,Green,In Aviary,True
AUTO1675,Bird1675,11,Cockatiel,Red,In Aviary,False
AUTO1676,Bird1676,18,Finch,Black,Quarantine,False
AUTO1677,Bird1677,3,Finch,White,In Aviary,False
AUTO1678,Bird1678,5,Parrot,Red,In Aviary,True
AUTO1679,Bird1679,2,Cockatiel,Red,Quarantine,True
AUTO1680,Bird1680,24,Cockatiel,Black,Quarantine,False
AUTO1681,Bird1681,3,Cockatiel,White,Quarantine,True
AUTO1682,Bird1682,3,Eagle,Red,In Aviary,False
AUTO1683,Bird1683,8,Eagle,Green,Quarantine,False
AUTO1684,Bird1684,15,Cockatiel,Yellow,Sold,False
AUTO1685,Bird1685,3,Owl,Green,In Aviary,False
AUTO1686,Bird1686,9,Owl,Yellow,In Aviary,True
AUTO1687,Bird1687,10,Finch,Green,In Aviary,False
AUTO1688,Bird1688,14,Cockatiel,Green,Sold,True
AUTO1689,Bird1689,12,Cockatiel,Red,In Aviary,False
AUTO1690,Bird1690,22,Parrot,White,Quarantine,False
AUTO1691,Bird1691,14,Finch,Green,Sold,True
AUTO1692,Bird1692,15,Finch,Green,Quarantine,False
AUTO1693,Bird1693,20,Eagle,Blue,In Aviary,True
AUTO1694,Bird1694,8,Finch,Red,Sold,True
AUTO1695,Bird1695,9,Parrot,Yellow,Quarantine,True
AUTO1696,Bird1696,22,Parrot,Black,Sold,True
AUTO1697,Bird1697,7,Parrot,Red,In Aviary,True
AUTO1698,Bird1698,9,Parrot,Blue,Sold,False
AUTO1699,Bird1699,14,Owl,Black,Sold,False
AUTO1700,Bird1700,14,Cockatiel,White,In Aviary,False
AUTO1701,Bird1701,3,Eagle,Green,Quarantine,True
AUTO1702,Bird1702,20,Owl,Black,Quarantine,False
AUTO1703,Bird1703,11,Owl,Red,Sold,True
AUTO1704,Bird1704,18,Owl,Red,In Aviary,False
AUTO1705,Bird1705,23,Cockatiel,Green,Quarantine,False
AUTO1706,Bird1706,14,Parrot,Red,Quarantine,True
AUTO1707,Bird1707,19,Parrot,Black,Sold,True
AUTO1708,Bird1708,1,Parrot,White,Quarantine,False
AUTO1709,Bird1709,11,Cockatiel,Blue,Sold,True
AUTO1710,Bird1710,20,Owl,Red,Sold,False
AUTO1711,Bird1711,6,Cockatiel,Green,Sold,False
AUTO1712,Bird1712,1,Parrot,Black,Sold,False
AUTO1713,Bird1713,7,Owl,Green,In Aviary,False
AUTO1714,Bird1714,7,Parrot,Blue,In Aviary,False
AUTO1715,Bird1715,22,Parrot,Black,Sold,True
AUTO1716,Bird1716,14,Finch,Blue,In Aviary,True
AUTO1717,Bird1717,17,Cockatiel,Green,In Aviary,True
AUTO1718,Bird1718,10,Cockatiel,Blue,In Aviary,True
AUTO1719,Bird1719,20,Eagle,Yellow,Sold,False
AUTO1720,Bird1720,17,Cockatiel,White,Sold,True
AUTO1721,Bird1721,14,Parrot,Yellow,Quarantine,True
AUTO1722,Bird1722,6,Parrot,Red,In Aviary,True
AUTO1723,Bird1723,16,Owl,Blue,Sold,False
AUTO1724,Bird1724,18,Owl,White,Quarantine,True
AUTO1725,Bird1725,16,Cockatiel,Green,In Aviary,True
AUTO1726,Bird1726,24,Owl,Red,Sold,True
AUTO1727,Bird1727,7,Parrot,Red,In Aviary,False
AUTO1728,Bird1728,14,Cockatiel,Yellow,In Aviary,False
AUTO1729,Bird1729,17,Eagle,Black,In Aviary,True
AUTO1730,Bird1730,10,Finch,Green,Quarantine,True
AUTO1731,Bird1731,23,Parrot,Blue,In Aviary,False
AUTO1732,Bird1732,2,Owl,Blue,In Aviary,True
AUTO1733,Bird1733,13,Owl,Black,Sold,True
AUTO1734,Bird1734,15,Finch,Blue,Quarantine,False
AUTO1735,Bird1735,20,Parrot,Black,Quarantine,True
AUTO1736,Bird1736,21,Owl,Yellow,In Aviary,True
AUTO1737,Bird1737,10,Parrot,Red,Sold,True
AUTO1738,Bird1738,16,Cockatiel,Blue,Sold,False
AUTO1739,Bird1739,18,Finch,Green,Sold,False
AUTO1740,Bird1740,13,Parrot,White,Sold,True
AUTO1741,Bird1741,17,Finch,Blue,In Aviary,False
AUTO1742,Bird1742,2,Eagle,Black,In Aviary,False
AUTO1743,Bird1743,7,Finch,Green,In Aviary,False
AUTO1744,Bird1744,20,Eagle,Blue,Sold,False
AUTO1745,Bird1745,8,Finch,White,Quarantine,False
AUTO1746,Bird1746,3,Eagle,White,Quarantine,True
AUTO1747,Bird1747,15,Eagle,Blue,Sold,True
AUTO1748,Bird1748,5,Finch,White,Quarantine,False
AUTO1749,Bird1749,9,Cockatiel,Red,Quarantine,False
AUTO1750,Bird1750,12,Cockatiel,White,Quarantine,False
AUTO1751,Bird1751,21,Owl,White,Quarantine,True
AUTO1752,Bird1752,19,Owl,White,In Aviary,True
AUTO1753,Bird1753,22,Eagle,Blue,Quarantine,False
AUTO1754,Bird1754,17,Parrot,Green,In Aviary,False
AUTO1755,Bird1755,4,Finch,Black,Quarantine,False
AUTO1756,Bird1756,14,Parrot,White,Sold,True
AUTO1757,Bird1757,22,Finch,Green,Sold,True
AUTO1758,Bird1758,15,Parrot,Blue,In Aviary,True
AUTO1759,Bird1759,18,Eagle,Yellow,Quarantine,False
AUTO1760,Bird1760,2,Eagle,Yellow,In Aviary,True
AUTO1761,Bird1761,19,Finch,Red,Sold,True
AUTO1762,Bird1762,15,Eagle,Black,Sold,False
AUTO1763,Bird1763,22,Owl,Yellow,Sold,False
AUTO1764,Bird1764,20,Owl,Yellow,In Aviary,False
AUTO1765,Bird1765,8,Finch,Blue,In Aviary,False
AUTO1766,Bird1766,11,Owl,Red,Sold,True
AUTO1767,Bird1767,4,Finch,Blue,In Aviary,True
AUTO1768,Bird1768,18,Parrot,Black,Sold,True
AUTO1769,Bird1769,24,Cockatiel,Blue,Sold,True
AUTO1770,Bird1770,4,Finch,Red,Quarantine,False
AUTO1771,Bird1771,3,Parrot,Black,In Aviary,True
AUTO1772,Bird1772,21,Cockatiel,Green,Sold,True
AUTO1773,Bird1773,17,Eagle,Green,In Aviary,False
AUTO1774,Bird1774,6,Eagle,White,Sold,False
AUTO1775,Bird1775,21,Owl,Red,In Aviary,True
AUTO1776,Bird1776,1,Eagle,Black,Sold,False
AUTO1777,Bird1777,11,Eagle,White,In Aviary,True
AUTO1778,Bird1778,20,Parrot,Blue,Quarantine,False
AUTO1779,Bird1779,14,Owl,Blue,Quarantine,False
AUTO1780,Bird1780,2,Eagle,White,Sold,True
AUTO1781,Bird1781,7,Cockatiel,Red,In Aviary,False
AUTO1782,Bird1782,12,Finch,Black,Sold,False
AUTO1783,Bird1783,18,Parrot,Blue,Quarantine,False
AUTO1784,Bird1784,5,Eagle,Red,Quarantine,True
AUTO1785,Bird1785,6,Parrot,Red,Quarantine,False
AUTO1786,Bird1786,14,Owl,Blue,Sold,True
AUTO1787,Bird1787,5,Owl,White,Quarantine,True
AUTO1788,Bird1788,19,Parrot,Black,Quarantine,True
AUTO1789,Bird1789,1,Cockatiel,Blue,Sold,True
AUTO1790,Bird1790,19,Finch,Black,In Aviary,True
AUTO1791,Bird1791,20,Cockatiel,Black,In Aviary,False
AUTO1792,Bird1792,13,Finch,White,In Aviary,False
AUTO1793,Bird1793,19,Eagle,Blue,Sold,True
AUTO1794,Bird1794,15,Cockatiel,White,Sold,False
AUTO1795,Bird1795,2,Cockatiel,Black,In Aviary,True
AUTO1796,Bird1796,19,Parrot,Yellow,In Aviary,False
AUTO1797,Bird1797,11,Cockatiel,Black,Sold,False
AUTO1798,Bird1798,19,Eagle,Red,Sold,False
AUTO1799,Bird1799,5,Eagle,Green,Sold,False
AUTO1800,Bird1800,22,Eagle,Red,Sold,True
AUTO1801,Bird1801,2,Parrot,Red,In Aviary,False
AUTO1802,Bird1802,12,Finch,Red,In Aviary,False
AUTO1803,Bird1803,23,Owl,Red,Quarantine,True
AUTO1804,Bird1804,8,Parrot,White,Sold,False
AUTO1805,Bird1805,10,Owl,White,Sold,True
AUTO1806,Bird1806,3,Eagle,Black,Sold,True
AUTO1807,Bird1807,20,Finch,Yellow,In Aviary,True
AUTO1808,Bird1808,20,Finch,White,In Aviary,True
AUTO1809,Bird1809,8,Cockatiel,Black,Quarantine,True
AUTO1810,Bird1810,2,Finch,Yellow,Quarantine,True
AUTO1811,Bird1811,11,Finch,Red,In Aviary,False
AUTO1812,Bird1812,4,Eagle,Red,Sold,False
AUTO1813,Bird1813,7,Owl,White,Sold,False
AUTO1814,Bird1814,8,Parrot,Blue,Sold,True
AUTO1815,Bird1815,24,Owl,Blue,In Aviary,True
AUTO1816,Bird1816,6,Owl,White,Sold,False
AUTO1817,Bird1817,22,Parrot,White,Sold,False
AUTO1818,Bird1818,5,Owl,Black,Sold,True
AUTO1819,Bird1819,1,Owl,Blue,In Aviary,False
AUTO1820,Bird1820,2,Parrot,Black,Quarantine,True
AUTO1821,Bird1821,6,Finch,Blue,Sold,True
AUTO1822,Bird1822,17,Owl,Green,In Aviary,True
AUTO1823,Bird1823,4,Eagle,Green,Sold,False
AUTO1824,Bird1824,1,Finch,Black,Quarantine,False
AUTO1825,Bird1825,23,Owl,Blue,In Aviary,True
AUTO1826,Bird1826,4,Cockatiel,Green,Quarantine,True
AUTO1827,Bird1827,5,Parrot,Green,In Aviary,False
AUTO1828,Bird1828,16,Eagle,Green,Sold,False
AUTO1829,Bird1829,8,Cockatiel,Red,In Aviary,True
AUTO1830,Bird1830,13,Owl,Blue,Quarantine,True
AUTO1831,Bird1831,20,Eagle,Black,Quarantine,False
AUTO1832,Bird1832,5,Parrot,Red,In Aviary,True
AUTO1833,Bird1833,20,Parrot,Green,Quarantine,False
AUTO1834,Bird1834,24,Eagle,Red,Quarantine,False
AUTO1835,Bird1835,23,Eagle,Yellow,In Aviary,True
AUTO1836,Bird1836,24,Parrot,Yellow,Quarantine,True
AUTO1837,Bird1837,18,Finch,Black,Sold,False
AUTO1838,Bird1838,10,Cockatiel,Red,Sold,False
AUTO1839,Bird1839,22,Cockatiel,Yellow,Quarantine,False
AUTO1840,Bird1840,6,Eagle,Yellow,Quarantine,False
AUTO1841,Bird1841,14,Owl,Yellow,Sold,False
AUTO1842,Bird1842,18,Owl,Red,In Aviary,True
AUTO1843,Bird1843,15,Cockatiel,Red,In Aviary,False
AUTO1844,Bird1844,7,Finch,Blue,Sold,False
AUTO1845,Bird1845,1,Owl,Green,Sold,True
AUTO1846,Bird1846,8,Cockatiel,Blue,In Aviary,False
AUTO1847,Bird1847,17,Parrot,Yellow,Sold,True
AUTO1848,Bird1848,14,Owl,Blue,Quarantine,False
AUTO1849,Bird1849,20,Cockatiel,White,In Aviary,False
AUTO1850,Bird1850,18,Eagle,Black,Quarantine,True
AUTO1851,Bird1851,9,Owl,Red,Sold,False
AUTO1852,Bird1852,24,Finch,Blue,Quarantine,True
AUTO1853,Bird1853,1,Parrot,White,In Aviary,False
AUTO1854,Bird1854,2,Owl,White,Sold,True
AUTO1855,Bird1855,2,Cockatiel,Yellow,Quarantine,False
AUTO1856,Bird1856,7,Finch,White,Sold,False
AUTO1857,Bird1857,21,Parrot,Green,Quarantine,False
AUTO1858,Bird1858,15,Eagle,White,In Aviary,True
AUTO1859,Bird1859,19,Owl,White,In Aviary,True
AUTO1860,Bird1860,10,Finch,Green,In Aviary,False
AUTO1861,Bird1861,9,Cockatiel,Black,In Aviary,False
AUTO1862,Bird1862,20,Parrot,White,Quarantine,True
AUTO1863,Bird1863,23,Eagle,White,In Aviary,True
AUTO1864,Bird1864,6,Eagle,Yellow,Sold,False
AUTO1865,Bird1865,6,Parrot,Yellow,In Aviary,True
AUTO1866,Bird1866,13,Owl,Blue,Sold,True
AUTO1867,Bird1867,21,Finch,Yellow,Quarantine,True
AUTO1868,Bird1868,20,Owl,Green,Sold,True
AUTO1869,Bird1869,12,Finch,Black,Sold,True
AUTO1870,Bird1870,7,Eagle,White,Quarantine,False
AUTO1871,Bird1871,11,Parrot,White,In Aviary,False
AUTO1872,Bird1872,12,Owl,Red,In Aviary,True
AUTO1873,Bird1873,23,Owl,Blue,Quarantine,False
AUTO1874,Bird1874,5,Owl,Blue,Sold,False
AUTO1875,Bird1875,16,Parrot,Green,In Aviary,True
AUTO1876,Bird1876,13,Owl,Green,Sold,True
AUTO1877,Bird1877,14,Eagle,Green,In Aviary,False
AUTO1878,Bird1878,15,Owl,Green,In Aviary,True
AUTO1879,Bird1879,21,Eagle,Yellow,Quarantine,False
AUTO1880,Bird1880,9,Cockatiel,Black,Sold,False
AUTO1881,Bird1881,21,Owl,White,In Aviary,True
AUTO1882,Bird1882,18,Eagle,Black,Quarantine,True
AUTO1883,Bird1883,21,Eagle,White,Quarantine,False
AUTO1884,Bird1884,21,Finch,Blue,In Aviary,False
AUTO1885,Bird1885,1,Finch,Green,Sold,False
AUTO1886,Bird1886,12,Finch,Blue,Quarantine,False
AUTO1887,Bird1887,17,Owl,Blue,Quarantine,False
AUTO1888,Bird1888,16,Owl,White,In Aviary,True
AUTO1889,Bird1889,6,Eagle,Yellow,In Aviary,True
AUTO1890,Bird1890,1,Cockatiel,Yellow,In Aviary,True
AUTO1891,Bird1891,8,Parrot,Blue,Quarantine,False
AUTO1892,Bird1892,22,Finch,Red,Quarantine,False
AUTO1893,Bird1893,5,Cockatiel,Black,Sold,False
AUTO1894,Bird1894,9,Finch,Green,Sold,True
AUTO1895,Bird1895,9,Cockatiel,Black,Quarantine,False
AUTO1896,Bird1896,13,Parrot,Yellow,In Aviary,False
AUTO1897,Bird1897,7,Parrot,Green,Sold,True
AUTO1898,Bird1898,10,Owl,White,Quarantine,False
AUTO1899,Bird1899,10,Parrot,White,In Aviary,False
AUTO1900,Bird1900,20,Eagle,White,Sold,True
AUTO1901,Bird1901,22,Parrot,Blue,In Aviary,True
AUTO1902,Bird1902,1,Owl,Red,Sold,False
AUTO1903,Bird1903,17,Eagle,Green,Quarantine,True
AUTO1904,Bird1904,3,Finch,Black,In Aviary,True
AUTO1905,Bird1905,15,Eagle,Red,Quarantine,False
AUTO1906,Bird1906,5,Owl,Yellow,Quarantine,False
AUTO1907,Bird1907,14,Owl,White,Sold,False
AUTO1908,Bird1908,4,Cockatiel,Red,In Aviary,True
AUTO1909,Bird1909,13,Owl,Red,Quarantine,False
AUTO1910,Bird1910,2,Owl,Green,In Aviary,False
AUTO1911,Bird1911,6,Cockatiel,Green,Sold,True
AUTO1912,Bird1912,18,Owl,Green,Sold,True
AUTO1913,Bird1913,9,Cockatiel,Blue,Quarantine,True
AUTO1914,Bird1914,20,Eagle,Black,Quarantine,False
AUTO1915,Bird1915,16,Cockatiel,Red,Quarantine,False
AUTO1916,Bird1916,15,Cockatiel,Red,In Aviary,True
AUTO1917,Bird1917,9,Finch,White,Quarantine,True
AUTO1918,Bird1918,14,Owl,Red,Sold,True
AUTO1919,Bird1919,8,Owl,Yellow,In Aviary,True
AUTO1920,Bird1920,16,Finch,White,In Aviary,False
AUTO1921,Bird1921,15,Cockatiel,Green,In Aviary,False
AUTO1922,Bird1922,7,Finch,White,Sold,True
AUTO1923,Bird1923,18,Parrot,Green,Sold,False
AUTO1924,Bird1924,1,Owl,White,In Aviary,False
AUTO1925,Bird1925,3,Parrot,Red,In Aviary,False
AUTO1926,Bird1926,22,Eagle,Green,Sold,False
AUTO1927,Bird1927,13,Owl,White,Quarantine,False
AUTO1928,Bird1928,12,Eagle,Blue,Quarantine,True
AUTO1929,Bird1929,15,Parrot,Red,Sold,True
AUTO1930,Bird1930,3,Finch,Green,Sold,False
AUTO1931,Bird1931,3,Cockatiel,Blue,In Aviary,True
AUTO1932,Bird1932,18,Owl,White,In Aviary,False
AUTO1933,Bird1933,5,Eagle,Black,Sold,True
AUTO1934,Bird1934,19,Parrot,Yellow,Sold,True
AUTO1935,Bird1935,12,Owl,Yellow,Sold,True
AUTO1936,Bird1936,22,Cockatiel,Black,Sold,True
AUTO1937,Bird1937,20,Cockatiel,White,Sold,True
AUTO1938,Bird1938,24,Finch,Black,Sold,True
AUTO1939,Bird1939,24,Owl,Black,Quarantine,False
AUTO1940,Bird1940,12,Owl,Black,Quarantine,True
AUTO1941,Bird1941,11,Owl,White,Quarantine,False
AUTO1942,Bird1942,2,Parrot,Red,In Aviary,False
AUTO1943,Bird1943,23,Cockatiel,Black,In Aviary,False
AUTO1944,Bird1944,24,Parrot,White,In Aviary,True
AUTO1945,Bird1945,3,Eagle,Yellow,Quarantine,True
AUTO1946,Bird1946,2,Cockatiel,White,In Aviary,False
AUTO1947,Bird1947,10,Eagle,Black,Sold,False
AUTO1948,Bird1948,14,Eagle,Green,Quarantine,False
AUTO1949,Bird1949,13,Parrot,Black,Sold,True
AUTO1950,Bird1950,22,Cockatiel,Red,In Aviary,True
AUTO1951,Bird1951,5,Parrot,Green,Sold,True
AUTO1952,Bird1952,9,Parrot,Red,In Aviary,False
AUTO1953,Bird1953,8,Eagle,White,Quarantine,True
AUTO1954,Bird1954,3,Parrot,Green,Sold,True
AUTO1955,Bird1955,7,Parrot,White,Sold,True
AUTO1956,Bird1956,15,Finch,Blue,Quarantine,True
AUTO1957,Bird1957,10,Owl,Blue,Sold,False
AUTO1958,Bird1958,18,Finch,Black,In Aviary,False
AUTO1959,Bird1959,12,Finch,Yellow,Quarantine,False
AUTO1960,Bird1960,4,Eagle,White,Sold,True
AUTO1961,Bird1961,11,Cockatiel,Blue,In Aviary,False
AUTO1962,Bird1962,9,Owl,Blue,Sold,True
AUTO1963,Bird1963,3,Finch,Green,In Aviary,True
AUTO1964,Bird1964,13,Parrot,Black,In Aviary,False
AUTO1965,Bird1965,15,Cockatiel,Blue,In Aviary,False
AUTO1966,Bird1966,16,Parrot,Black,Quarantine,False
AUTO1967,Bird1967,7,Owl,Green,Sold,True
AUTO1968,Bird1968,13,Cockatiel,Red,In Aviary,False
AUTO1969,Bird1969,13,Parrot,Yellow,In Aviary,False
AUTO1970,Bird1970,3,Finch,White,Quarantine,False
AUTO1971,Bird1971,13,Parrot,Red,Sold,True
AUTO1972,Bird1972,22,Owl,Green,In Aviary,False
AUTO1973,Bird1973,7,Parrot,Red,Sold,True
AUTO1974,Bird1974,10,Cockatiel,Green,Quarantine,True
AUTO1975,Bird1975,10,Eagle,Blue,Sold,True
AUTO1976,Bird1976,17,Parrot,Green,Sold,False
AUTO1977,Bird1977,16,Finch,Red,Sold,True
AUTO1978,Bird1978,14,Eagle,Blue,Quarantine,True
AUTO1979,Bird1979,20,Cockatiel,Red,Quarantine,False
AUTO1980,Bird1980,20,Owl,Yellow,In Aviary,False
AUTO1981,Bird1981,18,Parrot,Green,Quarantine,False
AUTO1982,Bird1982,21,Parrot,Green,In Aviary,True
AUTO1983,Bird1983,12,Owl,Red,Quarantine,True
AUTO1984,Bird1984,7,Cockatiel,Yellow,Sold,True
AUTO1985,Bird1985,9,Owl,Yellow,In Aviary,True
AUTO1986,Bird1986,13,Parrot,Red,Quarantine,False
AUTO1987,Bird1987,23,Parrot,Red,Sold,False
AUTO1988,Bird1988,1,Parrot,Green,Sold,True
AUTO1989,Bird1989,16,Parrot,Yellow,In Aviary,False
AUTO1990,Bird1990,13,Eagle,Yellow,Sold,False
AUTO1991,Bird1991,1,Cockatiel,Yellow,Quarantine,False
AUTO1992,Bird1992,12,Cockatiel,White,Sold,False
AUTO1993,Bird1993,18,Finch,Black,In Aviary,True
AUTO1994,Bird1994,17,Parrot,Red,Quarantine,True
AUTO1995,Bird1995,12,Cockatiel,Black,Sold,True
AUTO1996,Bird1996,13,Finch,White,Sold,True
AUTO1997,Bird1997,17,Parrot,Yellow,Quarantine,True
AUTO1998,Bird1998,17,Finch,Blue,Sold,False
AUTO1999,Bird1999,2,Eagle,Red,Quarantine,False
AUTO2000,Bird2000,4,Parrot,White,In Aviary,True
AUTO2001,Bird2001,24,Parrot,Red,Quarantine,True
AUTO2002,Bird2002,7,Cockatiel,Blue,Quarantine,False
AUTO2003,Bird2003,9,Cockatiel,Green,Quarantine,True
AUTO2004,Bird2004,17,Cockatiel,Green,Sold,True
AUTO2005,Bird2005,13,Eagle,Red,In Aviary,True
AUTO2006,Bird2006,19,Finch,Red,In Aviary,True
AUTO2007,Bird2007,19,Cockatiel,Green,Quarantine,False
AUTO2008,Bird2008,18,Cockatiel,Blue,Quarantine,False
AUTO2009,Bird2009,13,Parrot,Black,Quarantine,False
AUTO2010,Bird2010,10,Cockatiel,Yellow,In Aviary,True
AUTO2011,Bird2011,23,Owl,Yellow,Sold,True
AUTO2012,Bird2012,14,Cockatiel,Black,In Aviary,True
AUTO2013,Bird2013,2,Cockatiel,White,Quarantine,True
AUTO2014,Bird2014,9,Finch,Red,In Aviary,False
AUTO2015,Bird2015,20,Parrot,Red,In Aviary,False
AUTO2016,Bird2016,9,Cockatiel,White,In Aviary,False
AUTO2017,Bird2017,8,Parrot,Red,Sold,False
AUTO2018,Bird2018,19,Eagle,Black,In Aviary,False
AUTO2019,Bird2019,5,Finch,Yellow,In Aviary,True
AUTO2020,Bird2020,15,Finch,Yellow,In Aviary,True
AUTO2021,Bird2021,11,Finch,Green,Quarantine,True
AUTO2022,Bird2022,19,Eagle,White,Sold,True
AUTO2023,Bird2023,3,Cockatiel,Green,Quarantine,True
AUTO2024,Bird2024,22,Finch,Red,In Aviary,True
AUTO2025,Bird2025,10,Parrot,Yellow,Sold,False
AUTO2026,Bird2026,9,Owl,Blue,Sold,True
AUTO2027,Bird2027,22,Finch,White,In Aviary,True
AUTO2028,Bird2028,24,Owl,Red,Sold,True
AUTO2029,Bird2029,7,Finch,Green,In Aviary,True
AUTO2030,Bird2030,7,Cockatiel,Yellow,Sold,False
AUTO2031,Bird2031,4,Cockatiel,Blue,Sold,True
AUTO2032,Bird2032,15,Owl,Blue,In Aviary,True
AUTO2033,Bird2033,3,Parrot,Yellow,Quarantine,False
AUTO2034,Bird2034,21,Eagle,Green,Quarantine,False
AUTO2035,Bird2035,21,Eagle,Blue,Sold,False
AUTO2036,Bird2036,18,Owl,Red,In Aviary,False
AUTO2037,Bird2037,23,Eagle,Blue,Quarantine,True
AUTO2038,Bird2038,12,Cockatiel,Blue,Sold,True
AUTO2039,Bird2039,4,Owl,Green,Quarantine,True
AUTO2040,Bird2040,24,Owl,Black,In Aviary,False
AUTO2041,Bird2041,11,Cockatiel,Yellow,Quarantine,False
AUTO2042,Bird2042,21,Eagle,Yellow,Quarantine,True
AUTO2043,Bird2043,18,Finch,Green,In Aviary,True
AUTO2044,Bird2044,11,Finch,Blue,Quarantine,True
AUTO2045,Bird2045,12,Owl,Red,In Aviary,True
AUTO2046,Bird2046,5,Cockatiel,Red,Quarantine,True
AUTO2047,Bird2047,1,Eagle,Yellow,Sold,False
AUTO2048,Bird2048,2,Eagle,Green,In Aviary,False
AUTO2049,Bird2049,3,Finch,Green,Quarantine,False
AUTO2050,Bird2050,14,Owl,Red,In Aviary,True
AUTO2051,Bird2051,9,Cockatiel,White,In Aviary,False
AUTO2052,Bird2052,19,Owl,Red,In Aviary,False
AUTO2053,Bird2053,20,Cockatiel,Black,Sold,False
AUTO2054,Bird2054,2,Owl,Green,Quarantine,False
AUTO2055,Bird2055,14,Parrot,Black,Quarantine,False
AUTO2056,Bird2056,6,Owl,White,In Aviary,False
AUTO2057,Bird2057,1,Finch,Blue,In Aviary,False
AUTO2058,Bird2058,23,Cockatiel,Black,Quarantine,True
AUTO2059,Bird2059,2,Parrot,Red,In Aviary,False
AUTO2060,Bird2060,6,Owl,White,Quarantine,True
AUTO2061,Bird2061,17,Eagle,Red,In Aviary,True
AUTO2062,Bird2062,4,Parrot,Red,Quarantine,True
AUTO2063,Bird2063,23,Finch,White,In Aviary,False
AUTO2064,Bird2064,19,Owl,White,In Aviary,True
AUTO2065,Bird2065,15,Cockatiel,White,Sold,False
AUTO2066,Bird2066,12,Finch,Green,In Aviary,False
AUTO2067,Bird2067,24,Owl,Green,Quarantine,True
AUTO2068,Bird2068,14,Owl,Red,In Aviary,False
AUTO2069,Bird2069,8,Eagle,Blue,Sold,True
AUTO2070,Bird2070,17,Finch,White,In Aviary,True
AUTO2071,Bird2071,8,Parrot,White,In Aviary,True
AUTO2072,Bird2072,20,Finch,Yellow,In Aviary,True
AUTO2073,Bird2073,14,Owl,Green,Quarantine,False
AUTO2074,Bird2074,19,Finch,White,In Aviary,False
AUTO2075,Bird2075,15,Eagle,Blue,In Aviary,True
AUTO2076,Bird2076,9,Cockatiel,Red,Sold,False
AUTO2077,Bird2077,3,Parrot,Red,In Aviary,True
AUTO2078,Bird2078,22,Parrot,White,In Aviary,False
AUTO2079,Bird2079,3,Finch,Yellow,Quarantine,True
AUTO2080,Bird2080,5,Eagle,Black,In Aviary,False
AUTO2081,Bird2081,10,Finch,Blue,In Aviary,False
AUTO2082,Bird2082,4,Owl,Blue,In Aviary,True
AUTO2083,Bird2083,8,Parrot,Yellow,In Aviary,True
AUTO2084,Bird2084,5,Parrot,White,Sold,True
AUTO2085,Bird2085,20,Eagle,Yellow,Quarantine,True
AUTO2086,Bird2086,3,Parrot,Green,Quarantine,True
AUTO2087,Bird2087,20,Owl,Blue,Sold,False
AUTO2088,Bird2088,3,Eagle,White,In Aviary,True
AUTO2089,Bird2089,17,Parrot,Green,Sold,False
AUTO2090,Bird2090,6,Eagle,Blue,Quarantine,False
AUTO2091,Bird2091,24,Finch,Blue,In Aviary,False
AUTO2092,Bird2092,5,Parrot,White,In Aviary,True
AUTO2093,Bird2093,5,Cockatiel,White,Quarantine,False
AUTO2094,Bird2094,5,Cockatiel,Blue,Sold,False
AUTO2095,Bird2095,6,Owl,Black,In Aviary,False
AUTO2096,Bird2096,18,Cockatiel,Black,Quarantine,False
AUTO2097,Bird2097,6,Parrot,Green,Quarantine,False
AUTO2098,Bird2098,22,Cockatiel,White,Quarantine,False
AUTO2099,Bird2099,7,Owl,Red,Sold,False
AUTO2100,Bird2100,22,Eagle,White,Quarantine,False
AUTO2101,Bird2101,18,Cockatiel,Black,In Aviary,False
AUTO2102,Bird2102,5,Parrot,Green,In Aviary,False
AUTO2103,Bird2103,18,Finch,Red,In Aviary,False
AUTO2104,Bird2104,8,Finch,Red,Quarantine,False
AUTO2105,Bird2105,10,Cockatiel,Green,Quarantine,True
AUTO2106,Bird2106,5,Owl,Green,In Aviary,True
AUTO2107,Bird2107,23,Cockatiel,Green,Sold,False
AUTO2108,Bird2108,7,Owl,Red,Quarantine,True
AUTO2109,Bird2109,11,Cockatiel,Yellow,Quarantine,False
AUTO2110,Bird2110,4,Finch,Yellow,In Aviary,False
AUTO2111,Bird2111,16,Parrot,Black,Quarantine,True
AUTO2112,Bird2112,8,Owl,Green,In Aviary,True
AUTO2113,Bird2113,24,Finch,Green,Quarantine,True
AUTO2114,Bird2114,11,Eagle,Blue,Sold,False
AUTO2115,Bird2115,19,Parrot,White,Quarantine,False
AUTO2116,Bird2116,9,Finch,Yellow,Sold,True
AUTO2117,Bird2117,14,Eagle,Green,Sold,True
AUTO2118,Bird2118,14,Eagle,Black,In Aviary,False
AUTO2119,Bird2119,14,Cockatiel,White,In Aviary,True
AUTO2120,Bird2120,17,Owl,White,Sold,False
AUTO2121,Bird2121,22,Cockatiel,Blue,Sold,False
AUTO2122,Bird2122,9,Owl,White,Quarantine,True
AUTO2123,Bird2123,15,Parrot,Black,Quarantine,True
AUTO2124,Bird2124,20,Finch,Black,Quarantine,False
AUTO2125,Bird2125,24,Cockatiel,Red,Quarantine,False
AUTO2126,Bird2126,20,Cockatiel,Green,Sold,True
AUTO2127,Bird2127,20,Parrot,Black,Sold,True
AUTO2128,Bird2128,10,Finch,Green,In Aviary,False
AUTO2129,Bird2129,2,Owl,Black,Quarantine,True
AUTO2130,Bird2130,2,Eagle,Yellow,In Aviary,False
AUTO2131,Bird2131,10,Eagle,Blue,In Aviary,True
AUTO2132,Bird2132,13,Finch,White,Quarantine,True
AUTO2133,Bird2133,6,Cockatiel,Blue,Sold,False
AUTO2134,Bird2134,5,Parrot,Red,Sold,True
AUTO2135,Bird2135,24,Eagle,Black,Quarantine,False
AUTO2136,Bird2136,21,Finch,White,In Aviary,True
AUTO2137,Bird2137,14,Parrot,Blue,Quarantine,False
AUTO2138,Bird2138,7,Eagle,Yellow,Quarantine,False
AUTO2139,Bird2139,14,Parrot,Black,In Aviary,True
AUTO2140,Bird2140,9,Cockatiel,Red,Sold,False
AUTO2141,Bird2141,16,Finch,Black,In Aviary,True
AUTO2142,Bird2142,1,Parrot,Red,Sold,True
AUTO2143,Bird2143,21,Cockatiel,Red,Quarantine,True
AUTO2144,Bird2144,21,Owl,Black,Quarantine,True
AUTO2145,Bird2145,12,Cockatiel,Blue,Sold,False
AUTO2146,Bird2146,5,Owl,Blue,Quarantine,False
AUTO2147,Bird2147,1,Parrot,White,In Aviary,True
AUTO2148,Bird2148,5,Owl,Green,Quarantine,False
AUTO2149,Bird2149,2,Finch,Green,Sold,True
AUTO2150,Bird2150,20,Finch,Yellow,Quarantine,False
AUTO2151,Bird2151,9,Cockatiel,Green,In Aviary,False
AUTO2152,Bird2152,17,Finch,Blue,Quarantine,True
AUTO2153,Bird2153,17,Finch,White,Sold,True
AUTO2154,Bird2154,5,Eagle,White,Sold,False
AUTO2155,Bird2155,15,Cockatiel,Red,Sold,True
AUTO2156,Bird2156,8,Eagle,Blue,In Aviary,False
AUTO2157,Bird2157,23,Cockatiel,Red,Quarantine,False
AUTO2158,Bird2158,9,Cockatiel,Black,Sold,False
AUTO2159,Bird2159,2,Cockatiel,Black,Sold,False
AUTO2160,Bird2160,16,Eagle,Yellow,In Aviary,True
AUTO2161,Bird2161,9,Finch,Green,In Aviary,False
AUTO2162,Bird2162,11,Parrot,Yellow,In Aviary,True
AUTO2163,Bird2163,15,Parrot,Blue,Sold,True
AUTO2164,Bird2164,9,Eagle,Green,Sold,True
AUTO2165,Bird2165,5,Finch,Black,Quarantine,False
AUTO2166,Bird2166,9,Eagle,Blue,Quarantine,True
AUTO2167,Bird2167,13,Parrot,Black,In Aviary,True
AUTO2168,Bird2168,22,Eagle,Red,Quarantine,False
AUTO2169,Bird2169,22,Cockatiel,Green,In Aviary,False
AUTO2170,Bird2170,16,Finch,Green,In Aviary,True
AUTO2171,Bird2171,18,Owl,White,Quarantine,False
AUTO2172,Bird2172,19,Owl,Black,In Aviary,True
AUTO2173,Bird2173,3,Cockatiel,Black,Quarantine,False
AUTO2174,Bird2174,21,Eagle,Blue,In Aviary,False
AUTO2175,Bird2175,9,Eagle,Blue,In Aviary,False
AUTO2176,Bird2176,9,Eagle,Blue,Quarantine,False
AUTO2177,Bird2177,21,Owl,Black,Sold,False
AUTO2178,Bird2178,1,Finch,White,Sold,True
AUTO2179,Bird2179,21,Eagle,White,Sold,False
AUTO2180,Bird2180,4,Eagle,Yellow,In Aviary,False
AUTO2181,Bird2181,14,Finch,Green,In Aviary,False
AUTO2182,Bird2182,4,Owl,Yellow,Quarantine,False
AUTO2183,Bird2183,2,Owl,Yellow,In Aviary,True
AUTO2184,Bird2184,16,Owl,Yellow,Sold,False
AUTO2185,Bird2185,16,Owl,Yellow,In Aviary,False
AUTO2186,Bird2186,17,Parrot,Blue,Quarantine,True
AUTO2187,Bird2187,17,Finch,Black,Sold,True
AUTO2188,Bird2188,17,Parrot,Blue,Sold,True
AUTO2189,Bird2189,23,Finch,Blue,Sold,False
AUTO2190,Bird2190,22,Owl,Red,Sold,False
AUTO2191,Bird2191,7,Finch,White,Sold,False
AUTO2192,Bird2192,3,Parrot,Blue,Quarantine,True
AUTO2193,Bird2193,13,Finch,Yellow,Sold,False
AUTO2194,Bird2194,3,Parrot,Blue,In Aviary,True
AUTO2195,Bird2195,13,Cockatiel,Black,Quarantine,True
AUTO2196,Bird2196,7,Parrot,Blue,Quarantine,True
AUTO2197,Bird2197,2,Owl,Red,In Aviary,False
AUTO2198,Bird2198,15,Finch,Yellow,Quarantine,True
AUTO2199,Bird2199,2,Cockatiel,Green,Sold,True
AUTO2200,Bird2200,20,Cockatiel,Yellow,Quarantine,False
AUTO2201,Bird2201,11,Cockatiel,Red,In Aviary,True
AUTO2202,Bird2202,14,Parrot,Yellow,Quarantine,True
AUTO2203,Bird2203,4,Eagle,Black,Quarantine,False
AUTO2204,Bird2204,21,Owl,Blue,Sold,False
AUTO2205,Bird2205,22,Finch,Black,In Aviary,False
AUTO2206,Bird2206,5,Parrot,Red,Sold,True
AUTO2207,Bird2207,9,Eagle,Blue,Sold,True
AUTO2208,Bird2208,11,Owl,Blue,Sold,False
AUTO2209,Bird2209,6,Cockatiel,White,In Aviary,True
AUTO2210,Bird2210,22,Cockatiel,Black,Sold,True
AUTO2211,Bird2211,4,Parrot,Blue,Sold,False
AUTO2212,Bird2212,2,Owl,Green,Quarantine,True
AUTO2213,Bird2213,20,Finch,Red,In Aviary,True
AUTO2214,Bird2214,19,Owl,Green,Quarantine,False
AUTO2215,Bird2215,16,Finch,White,Sold,True
AUTO2216,Bird2216,17,Owl,Red,Quarantine,True
AUTO2217,Bird2217,10,Owl,Yellow,Sold,False
AUTO2218,Bird2218,9,Owl,Green,In Aviary,True
AUTO2219,Bird2219,8,Finch,Yellow,Quarantine,True
AUTO2220,Bird2220,10,Eagle,Black,Quarantine,False
AUTO2221,Bird2221,8,Cockatiel,Blue,Sold,True
AUTO2222,Bird2222,10,Owl,Black,In Aviary,True
AUTO2223,Bird2223,11,Cockatiel,White,Quarantine,False
AUTO2224,Bird2224,16,Parrot,Black,In Aviary,True
AUTO2225,Bird2225,9,Eagle,Black,In Aviary,True
AUTO2226,Bird2226,10,Parrot,Red,Quarantine,True
AUTO2227,Bird2227,3,Finch,Green,In Aviary,True
AUTO2228,Bird2228,11,Cockatiel,Blue,Sold,False
AUTO2229,Bird2229,20,Cockatiel,Red,In Aviary,False
AUTO2230,Bird2230,5,Owl,Green,In Aviary,False
AUTO2231,Bird2231,24,Parrot,Green,In Aviary,True
AUTO2232,Bird2232,17,Eagle,Black,Sold,False
AUTO2233,Bird2233,11,Finch,Blue,In Aviary,True
AUTO2234,Bird2234,7,Finch,Green,Sold,False
AUTO2235,Bird2235,16,Parrot,Red,Quarantine,False
AUTO2236,Bird2236,20,Owl,Red,Sold,True
AUTO2237,Bird2237,4,Cockatiel,Black,Sold,False
AUTO2238,Bird2238,17,Cockatiel,Black,Quarantine,False
AUTO2239,Bird2239,13,Finch,Blue,In Aviary,True
AUTO2240,Bird2240,15,Owl,Black,In Aviary,True
AUTO2241,Bird2241,5,Parrot,Blue,Quarantine,False
AUTO2242,Bird2242,11,Finch,Green,Quarantine,True
AUTO2243,Bird2243,13,Finch,Yellow,Sold,True
AUTO2244,Bird2244,17,Eagle,Black,Sold,True
AUTO2245,Bird2245,11,Owl,Green,In Aviary,False
AUTO2246,Bird2246,3,Owl,Red,In Aviary,False
AUTO2247,Bird2247,5,Owl,Green,Sold,False
AUTO2248,Bird2248,17,Eagle,White,In Aviary,True
AUTO2249,Bird2249,14,Owl,Green,In Aviary,True
AUTO2250,Bird2250,14,Owl,Black,Quarantine,True
AUTO2251,Bird2251,22,Finch,White,In Aviary,True
AUTO2252,Bird2252,15,Finch,Black,Sold,True
AUTO2253,Bird2253,6,Owl,Red,Quarantine,False
AUTO2254,Bird2254,2,Finch,White,In Aviary,True
AUTO2255,Bird2255,23,Parrot,Green,Sold,True
AUTO2256,Bird2256,16,Owl,Black,Quarantine,False
AUTO2257,Bird2257,13,Finch,White,Quarantine,True
AUTO2258,Bird2258,23,Parrot,Yellow,Sold,True
AUTO2259,Bird2259,2,Owl,Red,Quarantine,False
AUTO2260,Bird2260,18,Owl,Yellow,Quarantine,True
AUTO2261,Bird2261,23,Finch,Green,In Aviary,False
AUTO2262,Bird2262,2,Owl,Green,Quarantine,False
AUTO2263,Bird2263,20,Cockatiel,Red,In Aviary,False
AUTO2264,Bird2264,16,Eagle,Red,Quarantine,True
AUTO2265,Bird2265,19,Eagle,Blue,Sold,False
AUTO2266,Bird2266,8,Cockatiel,Green,Quarantine,False
AUTO2267,Bird2267,22,Eagle,White,In Aviary,False
AUTO2268,Bird2268,23,Owl,Black,Quarantine,True
AUTO2269,Bird2269,22,Eagle,White,Sold,True
AUTO2270,Bird2270,13,Finch,White,Quarantine,False
AUTO2271,Bird2271,14,Parrot,Red,In Aviary,True
AUTO2272,Bird2272,3,Parrot,Red,In Aviary,True
AUTO2273,Bird2273,7,Owl,Green,In Aviary,True
AUTO2274,Bird2274,19,Eagle,White,Sold,False
AUTO2275,Bird2275,11,Owl,Green,In Aviary,True
AUTO2276,Bird2276,20,Parrot,White,In Aviary,False
AUTO2277,Bird2277,6,Cockatiel,White,Sold,False
AUTO2278,Bird2278,8,Eagle,White,Quarantine,False
AUTO2279,Bird2279,8,Owl,White,Quarantine,False
AUTO2280,Bird2280,7,Finch,Black,Quarantine,True
AUTO2281,Bird2281,10,Parrot,Red,Sold,True
AUTO2282,Bird2282,20,Owl,Black,Quarantine,False
AUTO2283,Bird2283,18,Cockatiel,Red,Quarantine,True
AUTO2284,Bird2284,14,Parrot,Blue,Sold,True
AUTO2285,Bird2285,14,Parrot,Blue,Sold,True
AUTO2286,Bird2286,1,Eagle,Black,In Aviary,False
AUTO2287,Bird2287,10,Owl,White,Quarantine,False
AUTO2288,Bird2288,15,Parrot,Blue,Sold,True
AUTO2289,Bird2289,21,Cockatiel,White,Sold,False
AUTO2290,Bird2290,16,Owl,White,In Aviary,True
AUTO2291,Bird2291,18,Eagle,Green,Sold,True
AUTO2292,Bird2292,14,Cockatiel,Green,In Aviary,False
AUTO2293,Bird2293,6,Finch,Red,In Aviary,False
AUTO2294,Bird2294,19,Parrot,Black,Quarantine,True
AUTO2295,Bird2295,1,Finch,Green,In Aviary,True
AUTO2296,Bird2296,22,Owl,Black,Sold,False
AUTO2297,Bird2297,9,Parrot,Blue,In Aviary,False
AUTO2298,Bird2298,17,Owl,Black,Sold,False
AUTO2299,Bird2299,8,Parrot,Blue,Sold,True
AUTO2300,Bird2300,21,Finch,White,Sold,True
AUTO2301,Bird2301,3,Owl,Black,Sold,False
AUTO2302,Bird2302,4,Eagle,Red,In Aviary,True
AUTO2303,Bird2303,1,Owl,Green,In Aviary,False
AUTO2304,Bird2304,23,Cockatiel,Black,Quarantine,False
AUTO2305,Bird2305,18,Cockatiel,Yellow,Sold,True
AUTO2306,Bird2306,18,Parrot,Red,Quarantine,True
AUTO2307,Bird2307,24,Eagle,Blue,Sold,True
AUTO2308,Bird2308,15,Parrot,Yellow,Quarantine,True
AUTO2309,Bird2309,3,Eagle,Blue,Quarantine,True
AUTO2310,Bird2310,9,Cockatiel,Yellow,Sold,False
AUTO2311,Bird2311,1,Eagle,Blue,Quarantine,False
AUTO2312,Bird2312,11,Owl,Green,In Aviary,False
AUTO2313,Bird2313,19,Owl,Green,In Aviary,False
AUTO2314,Bird2314,7,Cockatiel,White,In Aviary,False
AUTO2315,Bird2315,4,Eagle,Yellow,In Aviary,False
AUTO2316,Bird2316,2,Owl,Blue,In Aviary,True
AUTO2317,Bird2317,19,Cockatiel,Green,Sold,True
AUTO2318,Bird2318,4,Parrot,Green,Quarantine,False
AUTO2319,Bird2319,3,Eagle,Black,Quarantine,True
AUTO2320,Bird2320,7,Parrot,Black,Sold,False
AUTO2321,Bird2321,21,Cockatiel,Green,Sold,True
AUTO2322,Bird2322,20,Owl,Green,In Aviary,True
AUTO2323,Bird2323,21,Cockatiel,Red,In Aviary,True
AUTO2324,Bird2324,21,Cockatiel,Red,Quarantine,False
AUTO2325,Bird2325,6,Cockatiel,Blue,Sold,True
AUTO2326,Bird2326,9,Cockatiel,Black,Sold,True
AUTO2327,Bird2327,16,Parrot,Yellow,Sold,False
AUTO2328,Bird2328,17,Eagle,Red,In Aviary,False
AUTO2329,Bird2329,24,Eagle,Black,In Aviary,True
AUTO2330,Bird2330,23,Owl,Red,Sold,True
AUTO2331,Bird2331,1,Cockatiel,Blue,Sold,True
AUTO2332,Bird2332,2,Parrot,Black,Sold,True
AUTO2333,Bird2333,1,Cockatiel,White,Quarantine,True
AUTO2334,Bird2334,9,Parrot,Yellow,Quarantine,False
AUTO2335,Bird2335,12,Cockatiel,Green,Quarantine,True
AUTO2336,Bird2336,2,Eagle,White,Sold,True
AUTO2337,Bird2337,19,Owl,White,Sold,False
AUTO2338,Bird2338,10,Eagle,Yellow,Sold,False
AUTO2339,Bird2339,15,Parrot,White,Quarantine,False
AUTO2340,Bird2340,10,Finch,Yellow,In Aviary,True
AUTO2341,Bird2341,22,Cockatiel,Yellow,Quarantine,False
AUTO2342,Bird2342,19,Eagle,Black,In Aviary,False
AUTO2343,Bird2343,20,Parrot,Red,Quarantine,True
AUTO2344,Bird2344,5,Parrot,Black,Sold,True
AUTO2345,Bird2345,8,Cockatiel,White,Quarantine,False
AUTO2346,Bird2346,18,Cockatiel,White,In Aviary,False
AUTO2347,Bird2347,19,Owl,White,Sold,True
AUTO2348,Bird2348,16,Eagle,Blue,In Aviary,False
AUTO2349,Bird2349,18,Owl,Yellow,Sold,False
AUTO2350,Bird2350,16,Eagle,Black,Sold,True
AUTO2351,Bird2351,17,Finch,White,Quarantine,False
AUTO2352,Bird2352,20,Cockatiel,Red,In Aviary,False
AUTO2353,Bird2353,16,Parrot,Red,Quarantine,True
AUTO2354,Bird2354,5,Finch,Red,In Aviary,False
AUTO2355,Bird2355,19,Eagle,Blue,Sold,True
AUTO2356,Bird2356,21,Finch,Green,Sold,False
AUTO2357,Bird2357,13,Finch,Blue,Quarantine,True
AUTO2358,Bird2358,12,Owl,Black,In Aviary,False
AUTO2359,Bird2359,15,Parrot,Green,In Aviary,False
AUTO2360,Bird2360,12,Cockatiel,Red,In Aviary,False
AUTO2361,Bird2361,9,Cockatiel,Black,Sold,True
AUTO2362,Bird2362,17,Owl,Red,Quarantine,False
AUTO2363,Bird2363,6,Cockatiel,Blue,Quarantine,False
AUTO2364,Bird2364,4,Parrot,White,Sold,True
AUTO2365,Bird2365,3,Parrot,Yellow,Sold,True
AUTO2366,Bird2366,5,Finch,Black,In Aviary,True
AUTO2367,Bird2367,19,Owl,White,Quarantine,False
AUTO2368,Bird2368,16,Parrot,White,Sold,True
AUTO2369,Bird2369,12,Cockatiel,Blue,Quarantine,False
AUTO2370,Bird2370,13,Owl,Blue,Quarantine,True
AUTO2371,Bird2371,14,Finch,Red,Quarantine,False
AUTO2372,Bird2372,18,Finch,Yellow,In Aviary,True
AUTO2373,Bird2373,17,Eagle,Red,Quarantine,True
AUTO2374,Bird2374,11,Finch,Blue,Quarantine,True
AUTO2375,Bird2375,19,Cockatiel,Green,Sold,True
AUTO2376,Bird2376,20,Parrot,Yellow,Sold,True
AUTO2377,Bird2377,7,Finch,White,Quarantine,True
AUTO2378,Bird2378,7,Owl,Yellow,In Aviary,True
AUTO2379,Bird2379,7,Owl,Yellow,In Aviary,False
AUTO2380,Bird2380,24,Owl,Green,Quarantine,True
AUTO2381,Bird2381,24,Finch,Black,In Aviary,False
AUTO2382,Bird2382,1,Eagle,Red,In Aviary,True
AUTO2383,Bird2383,17,Eagle,Yellow,Sold,True
AUTO2384,Bird2384,22,Cockatiel,Yellow,Sold,True
AUTO2385,Bird2385,19,Eagle,Red,Quarantine,False
AUTO2386,Bird2386,10,Eagle,Black,Sold,True
AUTO2387,Bird2387,20,Owl,Yellow,Sold,False
AUTO2388,Bird2388,13,Finch,Black,Sold,True
AUTO2389,Bird2389,7,Owl,Yellow,Quarantine,False
AUTO2390,Bird2390,6,Parrot,Red,In Aviary,False
AUTO2391,Bird2391,18,Eagle,Green,Quarantine,True
AUTO2392,Bird2392,10,Eagle,White,In Aviary,False
AUTO2393,Bird2393,14,Parrot,Green,In Aviary,True
AUTO2394,Bird2394,4,Owl,Green,In Aviary,True
AUTO2395,Bird2395,12,Parrot,Red,In Aviary,True
AUTO2396,Bird2396,5,Finch,Green,Sold,False
AUTO2397,Bird2397,17,Parrot,Black,Sold,True
AUTO2398,Bird2398,11,Owl,Black,Quarantine,False
AUTO2399,Bird2399,10,Eagle,Black,Quarantine,True
AUTO2400,Bird2400,4,Owl,White,Quarantine,True
AUTO2401,Bird2401,6,Cockatiel,Red,Quarantine,True
AUTO2402,Bird2402,1,Finch,Red,In Aviary,True
AUTO2403,Bird2403,12,Owl,Blue,Quarantine,True
AUTO2404,Bird2404,12,Owl,Green,In Aviary,False
AUTO2405,Bird2405,18,Finch,Yellow,Quarantine,True
AUTO2406,Bird2406,15,Parrot,Green,Quarantine,False
AUTO2407,Bird2407,11,Finch,Yellow,Sold,True
AUTO2408,Bird2408,1,Owl,Green,Sold,False
AUTO2409,Bird2409,2,Owl,Blue,In Aviary,False
AUTO2410,Bird2410,14,Owl,Yellow,Sold,False
AUTO2411,Bird2411,10,Owl,Blue,Sold,False
AUTO2412,Bird2412,1,Finch,Blue,Sold,True
AUTO2413,Bird2413,17,Finch,Yellow,Quarantine,False
AUTO2414,Bird2414,19,Cockatiel,Blue,Quarantine,False
AUTO2415,Bird2415,10,Finch,Red,Quarantine,False
AUTO2416,Bird2416,18,Finch,Blue,Quarantine,False
AUTO2417,Bird2417,15,Finch,Black,Quarantine,True
AUTO2418,Bird2418,11,Parrot,Black,In Aviary,True
AUTO2419,Bird2419,2,Eagle,White,Quarantine,True
AUTO2420,Bird2420,17,Parrot,Green,Quarantine,True
AUTO2421,Bird2421,19,Finch,Red,Quarantine,True
AUTO2422,Bird2422,13,Owl,Blue,In Aviary,True
AUTO2423,Bird2423,12,Parrot,Blue,In Aviary,True
AUTO2424,Bird2424,23,Owl,Blue,Sold,True
AUTO2425,Bird2425,13,Parrot,Red,In Aviary,True
AUTO2426,Bird2426,13,Eagle,Green,In Aviary,False
AUTO2427,Bird2427,16,Cockatiel,White,Quarantine,False
AUTO2428,Bird2428,2,Finch,Red,In Aviary,False
AUTO2429,Bird2429,12,Cockatiel,Black,In Aviary,True
AUTO2430,Bird2430,3,Eagle,Red,In Aviary,True
AUTO2431,Bird2431,7,Eagle,Blue,In Aviary,True
AUTO2432,Bird2432,1,Eagle,Green,In Aviary,False
AUTO2433,Bird2433,16,Eagle,Blue,Sold,True
AUTO2434,Bird2434,1,Eagle,Black,Quarantine,True
AUTO2435,Bird2435,15,Owl,Black,Sold,False
AUTO2436,Bird2436,17,Owl,Blue,Quarantine,False
AUTO2437,Bird2437,23,Owl,Red,In Aviary,False
AUTO2438,Bird2438,4,Owl,Green,Quarantine,True
AUTO2439,Bird2439,24,Parrot,Green,In Aviary,False
AUTO2440,Bird2440,7,Parrot,White,Sold,False
AUTO2441,Bird2441,2,Eagle,Yellow,Quarantine,False
AUTO2442,Bird2442,13,Finch,White,In Aviary,False
AUTO2443,Bird2443,4,Finch,Red,Quarantine,False
AUTO2444,Bird2444,22,Owl,Black,In Aviary,True
AUTO2445,Bird2445,12,Eagle,Yellow,In Aviary,False
AUTO2446,Bird2446,16,Finch,White,In Aviary,False
AUTO2447,Bird2447,15,Eagle,Blue,In Aviary,False
AUTO2448,Bird2448,4,Finch,Red,Sold,True
AUTO2449,Bird2449,3,Finch,Blue,Sold,True
AUTO2450,Bird2450,23,Finch,Red,Sold,True
AUTO2451,Bird2451,18,Owl,Green,Sold,False
AUTO2452,Bird2452,23,Eagle,White,In Aviary,True
AUTO2453,Bird2453,18,Owl,Black,In Aviary,False
AUTO2454,Bird2454,4,Cockatiel,Yellow,Quarantine,True
AUTO2455,Bird2455,17,Parrot,Green,Quarantine,False
AUTO2456,Bird2456,13,Finch,Red,Sold,True
AUTO2457,Bird2457,18,Owl,Black,In Aviary,True
AUTO2458,Bird2458,8,Cockatiel,Red,Sold,False
AUTO2459,Bird2459,5,Parrot,Blue,Quarantine,True
AUTO2460,Bird2460,5,Owl,Red,In Aviary,False
AUTO2461,Bird2461,20,Cockatiel,Red,Sold,True
AUTO2462,Bird2462,20,Cockatiel,White,In Aviary,False
AUTO2463,Bird2463,17,Owl,White,Sold,True
AUTO2464,Bird2464,20,Owl,Yellow,Sold,False
AUTO2465,Bird2465,14,Owl,Red,Quarantine,False
AUTO2466,Bird2466,21,Owl,Green,In Aviary,False
AUTO2467,Bird2467,7,Cockatiel,Red,Sold,True
AUTO2468,Bird2468,22,Cockatiel,Blue,Sold,False
AUTO2469,Bird2469,5,Finch,Red,Quarantine,True
AUTO2470,Bird2470,5,Finch,Green,Sold,True
AUTO2471,Bird2471,5,Cockatiel,Blue,In Aviary,False
AUTO2472,Bird2472,7,Cockatiel,White,Quarantine,False
AUTO2473,Bird2473,23,Eagle,White,Sold,True
AUTO2474,Bird2474,23,Cockatiel,White,In Aviary,True
AUTO2475,Bird2475,2,Eagle,White,Quarantine,True
AUTO2476,Bird2476,1,Eagle,Blue,In Aviary,False
AUTO2477,Bird2477,3,Owl,Black,Sold,True
AUTO2478,Bird2478,24,Finch,Black,Sold,False
AUTO2479,Bird2479,1,Cockatiel,Red,Sold,True
AUTO2480,Bird2480,9,Owl,Black,Sold,True
AUTO2481,Bird2481,11,Eagle,Blue,Sold,True
AUTO2482,Bird2482,7,Eagle,Blue,Quarantine,False
AUTO2483,Bird2483,20,Finch,Green,Quarantine,False
AUTO2484,Bird2484,9,Eagle,White,In Aviary,False
AUTO2485,Bird2485,1,Owl,White,Sold,False
AUTO2486,Bird2486,3,Parrot,Green,Quarantine,False
AUTO2487,Bird2487,24,Eagle,Red,Quarantine,True
AUTO2488,Bird2488,8,Cockatiel,Red,In Aviary,True
AUTO2489,Bird2489,4,Eagle,Black,In Aviary,False
AUTO2490,Bird2490,11,Finch,Blue,In Aviary,False
AUTO2491,Bird2491,5,Finch,Green,Sold,False
AUTO2492,Bird2492,6,Owl,Black,Quarantine,False
AUTO2493,Bird2493,11,Cockatiel,Green,Sold,True
AUTO2494,Bird2494,7,Owl,Yellow,In Aviary,False
AUTO2495,Bird2495,4,Owl,White,In Aviary,False
AUTO2496,Bird2496,16,Owl,Black,In Aviary,True
AUTO2497,Bird2497,13,Cockatiel,Red,In Aviary,False
AUTO2498,Bird2498,2,Finch,Green,Sold,True
AUTO2499,Bird2499,12,Finch,White,Quarantine,True
AUTO2500,Bird2500,21,Eagle,Green,Quarantine,True
AUTO2501,Bird2501,22,Finch,Red,Sold,True
AUTO2502,Bird2502,1,Finch,Yellow,In Aviary,True
AUTO2503,Bird2503,18,Parrot,Red,Quarantine,False
AUTO2504,Bird2504,7,Eagle,Yellow,In Aviary,True
AUTO2505,Bird2505,3,Owl,Blue,Quarantine,True
AUTO2506,Bird2506,21,Parrot,Green,Sold,False
AUTO2507,Bird2507,11,Owl,Black,In Aviary,False
AUTO2508,Bird2508,22,Parrot,Red,Quarantine,False
AUTO2509,Bird2509,23,Owl,Blue,Sold,False
AUTO2510,Bird2510,3,Owl,Yellow,Sold,False
AUTO2511,Bird2511,18,Eagle,Red,In Aviary,False
AUTO2512,Bird2512,1,Parrot,Black,In Aviary,True
AUTO2513,Bird2513,14,Cockatiel,Yellow,Quarantine,False
AUTO2514,Bird2514,9,Eagle,Yellow,Sold,False
AUTO2515,Bird2515,22,Finch,Green,In Aviary,True
AUTO2516,Bird2516,21,Owl,Yellow,Quarantine,True
AUTO2517,Bird2517,4,Parrot,Blue,Sold,True
AUTO2518,Bird2518,2,Owl,Red,In Aviary,True
AUTO2519,Bird2519,9,Parrot,Black,Sold,True
AUTO2520,Bird2520,15,Eagle,Red,Sold,True
AUTO2521,Bird2521,18,Cockatiel,Blue,Sold,True
AUTO2522,Bird2522,17,Parrot,Blue,Quarantine,False
AUTO2523,Bird2523,3,Parrot,Blue,Sold,False
AUTO2524,Bird2524,10,Cockatiel,Green,In Aviary,True
AUTO2525,Bird2525,13,Parrot,Blue,In Aviary,False
AUTO2526,Bird2526,17,Finch,Black,In Aviary,True
AUTO2527,Bird2527,22,Finch,Red,In Aviary,True
AUTO2528,Bird2528,24,Eagle,Red,Sold,True
AUTO2529,Bird2529,10,Owl,White,Quarantine,True
AUTO2530,Bird2530,22,Eagle,Green,In Aviary,False
AUTO2531,Bird2531,13,Parrot,Yellow,Quarantine,False
AUTO2532,Bird2532,24,Cockatiel,Yellow,In Aviary,False
AUTO2533,Bird2533,1,Cockatiel,Black,In Aviary,False
AUTO2534,Bird2534,1,Owl,Green,Sold,True
AUTO2535,Bird2535,1,Owl,Green,Sold,True
AUTO2536,Bird2536,6,Owl,Red,Sold,True
AUTO2537,Bird2537,23,Owl,Black,Quarantine,False
AUTO2538,Bird2538,3,Finch,White,In Aviary,True
AUTO2539,Bird2539,20,Finch,Blue,In Aviary,False
AUTO2540,Bird2540,23,Finch,Blue,Quarantine,False
AUTO2541,Bird2541,19,Parrot,White,Quarantine,False
AUTO2542,Bird2542,16,Parrot,Red,In Aviary,True
AUTO2543,Bird2543,17,Cockatiel,Yellow,Quarantine,True
AUTO2544,Bird2544,15,Owl,Black,In Aviary,True
AUTO2545,Bird2545,1,Owl,Green,Quarantine,True
AUTO2546,Bird2546,1,Eagle,Green,Quarantine,True
AUTO2547,Bird2547,23,Eagle,Yellow,Sold,False
AUTO2548,Bird2548,5,Eagle,Green,Sold,False
AUTO2549,Bird2549,10,Owl,Red,In Aviary,True
AUTO2550,Bird2550,1,Owl,Red,In Aviary,False
AUTO2551,Bird2551,23,Eagle,Yellow,Sold,True
AUTO2552,Bird2552,24,Owl,Green,Quarantine,True
AUTO2553,Bird2553,18,Cockatiel,Green,Quarantine,True
AUTO2554,Bird2554,20,Cockatiel,Green,In Aviary,False
AUTO2555,Bird2555,1,Parrot,Green,In Aviary,True
AUTO2556,Bird2556,14,Finch,Blue,Sold,False
AUTO2557,Bird2557,13,Owl,Blue,Sold,False
AUTO2558,Bird2558,6,Eagle,Yellow,Quarantine,True
AUTO2559,Bird2559,22,Finch,Green,In Aviary,True
AUTO2560,Bird2560,10,Eagle,Black,Quarantine,False
AUTO2561,Bird2561,1,Parrot,Yellow,Sold,False
AUTO2562,Bird2562,17,Parrot,Blue,In Aviary,True
AUTO2563,Bird2563,1,Eagle,Yellow,Quarantine,False
AUTO2564,Bird2564,13,Finch,Black,Quarantine,False
AUTO2565,Bird2565,16,Cockatiel,Blue,Sold,False
AUTO2566,Bird2566,24,Parrot,White,In Aviary,True
AUTO2567,Bird2567,7,Owl,Black,Quarantine,False
AUTO2568,Bird2568,3,Eagle,White,Quarantine,True
AUTO2569,Bird2569,12,Owl,Red,Sold,True
AUTO2570,Bird2570,20,Cockatiel,Green,Sold,True
AUTO2571,Bird2571,4,Finch,Yellow,Sold,False
AUTO2572,Bird2572,1,Cockatiel,Red,In Aviary,False
AUTO2573,Bird2573,6,Cockatiel,Green,Quarantine,True
AUTO2574,Bird2574,2,Eagle,Blue,Quarantine,True
AUTO2575,Bird2575,22,Eagle,Black,Sold,False
AUTO2576,Bird2576,1,Parrot,Black,Quarantine,False
AUTO2577,Bird2577,5,Owl,White,Sold,False
AUTO2578,Bird2578,12,Parrot,Red,Sold,False
AUTO2579,Bird2579,8,Finch,Yellow,In Aviary,False
AUTO2580,Bird2580,4,Eagle,Yellow,Quarantine,True
AUTO2581,Bird2581,9,Eagle,Green,In Aviary,True
AUTO2582,Bird2582,11,Owl,Green,Quarantine,True
AUTO2583,Bird2583,17,Eagle,White,Sold,False
AUTO2584,Bird2584,20,Finch,White,Sold,True
AUTO2585,Bird2585,9,Cockatiel,Red,Quarantine,True
AUTO2586,Bird2586,5,Owl,Black,Quarantine,False
AUTO2587,Bird2587,10,Finch,Blue,In Aviary,True
AUTO2588,Bird2588,6,Finch,Green,In Aviary,True
AUTO2589,Bird2589,24,Cockatiel,Yellow,Sold,True
AUTO2590,Bird2590,18,Cockatiel,Green,In Aviary,True
AUTO2591,Bird2591,14,Parrot,Green,Sold,False
AUTO2592,Bird2592,1,Eagle,Red,In Aviary,True
AUTO2593,Bird2593,2,Cockatiel,Yellow,Quarantine,False
AUTO2594,Bird2594,17,Owl,Red,Quarantine,False
AUTO2595,Bird2595,20,Owl,Blue,Quarantine,False
AUTO2596,Bird2596,20,Eagle,Yellow,In Aviary,True
AUTO2597,Bird2597,3,Parrot,Black,Quarantine,False
AUTO2598,Bird2598,14,Parrot,Red,In Aviary,False
AUTO2599,Bird2599,14,Finch,Blue,Sold,False
AUTO2600,Bird2600,16,Finch,Yellow,Sold,False
AUTO2601,Bird2601,7,Cockatiel,White,Sold,True
AUTO2602,Bird2602,9,Parrot,White,In Aviary,True
AUTO2603,Bird2603,6,Owl,Green,Sold,False
AUTO2604,Bird2604,15,Cockatiel,White,Quarantine,True
AUTO2605,Bird2605,1,Parrot,Yellow,Quarantine,True
AUTO2606,Bird2606,11,Eagle,Red,Quarantine,False
AUTO2607,Bird2607,10,Finch,Yellow,Quarantine,True
AUTO2608,Bird2608,10,Cockatiel,Red,In Aviary,False
AUTO2609,Bird2609,23,Cockatiel,Green,Sold,True
AUTO2610,Bird2610,3,Parrot,Blue,Quarantine,False
AUTO2611,Bird2611,19,Finch,Blue,In Aviary,True
AUTO2612,Bird2612,22,Eagle,Yellow,Quarantine,True
AUTO2613,Bird2613,12,Cockatiel,White,In Aviary,True
AUTO2614,Bird2614,19,Eagle,White,In Aviary,True
AUTO2615,Bird2615,24,Finch,Yellow,Sold,False
AUTO2616,Bird2616,6,Finch,White,In Aviary,True
AUTO2617,Bird2617,6,Parrot,Red,Quarantine,False
AUTO2618,Bird2618,17,Eagle,Red,Sold,False
AUTO2619,Bird2619,8,Owl,Black,Sold,False
AUTO2620,Bird2620,8,Eagle,Green,In Aviary,True
AUTO2621,Bird2621,20,Finch,Yellow,Sold,False
AUTO2622,Bird2622,14,Owl,Blue,Quarantine,False
AUTO2623,Bird2623,18,Eagle,Red,Sold,True
AUTO2624,Bird2624,3,Owl,Green,Sold,True
AUTO2625,Bird2625,16,Finch,Black,Quarantine,False
AUTO2626,Bird2626,14,Parrot,Blue,Sold,True
AUTO2627,Bird2627,16,Owl,Green,Sold,True
AUTO2628,Bird2628,16,Owl,Blue,Sold,True
AUTO2629,Bird2629,5,Parrot,White,Quarantine,False
AUTO2630,Bird2630,21,Owl,Green,In Aviary,True
AUTO2631,Bird2631,20,Finch,Green,In Aviary,True
AUTO2632,Bird2632,10,Parrot,Blue,In Aviary,False
AUTO2633,Bird2633,2,Cockatiel,Blue,Sold,False
AUTO2634,Bird2634,4,Eagle,Red,In Aviary,True
AUTO2635,Bird2635,14,Finch,White,In Aviary,True
AUTO2636,Bird2636,17,Parrot,Red,Quarantine,True
AUTO2637,Bird2637,23,Parrot,White,Sold,False
AUTO2638,Bird2638,19,Finch,Green,Sold,False
AUTO2639,Bird2639,6,Eagle,White,Quarantine,False
AUTO2640,Bird2640,10,Parrot,White,In Aviary,True
AUTO2641,Bird2641,1,Finch,Red,Sold,False
AUTO2642,Bird2642,7,Finch,Black,Sold,False
AUTO2643,Bird2643,15,Cockatiel,White,Quarantine,True
AUTO2644,Bird2644,20,Parrot,Black,Sold,False
AUTO2645,Bird2645,16,Finch,White,Sold,False
AUTO2646,Bird2646,24,Eagle,White,Quarantine,True
AUTO2647,Bird2647,6,Eagle,White,In Aviary,True
AUTO2648,Bird2648,6,Owl,Blue,Sold,False
AUTO2649,Bird2649,8,Cockatiel,Yellow,Quarantine,True
AUTO2650,Bird2650,21,Cockatiel,Blue,In Aviary,False
AUTO2651,Bird2651,18,Eagle,Yellow,In Aviary,False
AUTO2652,Bird2652,18,Parrot,Red,In Aviary,True
AUTO2653,Bird2653,20,Eagle,Green,Sold,True
AUTO2654,Bird2654,18,Finch,White,In Aviary,True
AUTO2655,Bird2655,10,Finch,Black,Quarantine,False
AUTO2656,Bird2656,24,Owl,Yellow,Quarantine,False
AUTO2657,Bird2657,24,Owl,Blue,Sold,False
AUTO2658,Bird2658,9,Owl,Yellow,Quarantine,True
AUTO2659,Bird2659,6,Parrot,Yellow,Sold,True
AUTO2660,Bird2660,2,Finch,Blue,In Aviary,False
AUTO2661,Bird2661,11,Cockatiel,Blue,In Aviary,False
AUTO2662,Bird2662,11,Eagle,Yellow,In Aviary,True
AUTO2663,Bird2663,19,Eagle,Green,Sold,True
AUTO2664,Bird2664,23,Eagle,Yellow,Sold,True
AUTO2665,Bird2665,15,Owl,Blue,Quarantine,False
AUTO2666,Bird2666,5,Owl,Green,Sold,False
AUTO2667,Bird2667,10,Owl,Green,In Aviary,True
AUTO2668,Bird2668,7,Parrot,Black,Quarantine,True
AUTO2669,Bird2669,14,Owl,Green,In Aviary,False
AUTO2670,Bird2670,2,Finch,White,Quarantine,True
AUTO2671,Bird2671,1,Eagle,Blue,Sold,True
AUTO2672,Bird2672,13,Eagle,Black,Sold,True
AUTO2673,Bird2673,2,Parrot,Blue,Quarantine,True
AUTO2674,Bird2674,12,Eagle,Yellow,Quarantine,False
AUTO2675,Bird2675,2,Eagle,Blue,Quarantine,False
AUTO2676,Bird2676,18,Eagle,White,In Aviary,False
AUTO2677,Bird2677,3,Finch,Green,Sold,True
AUTO2678,Bird2678,1,Parrot,Blue,Sold,False
AUTO2679,Bird2679,20,Eagle,White,Quarantine,True
AUTO2680,Bird2680,6,Finch,Blue,In Aviary,True
AUTO2681,Bird2681,22,Finch,Black,Quarantine,False
AUTO2682,Bird2682,9,Parrot,White,Quarantine,True
AUTO2683,Bird2683,13,Parrot,Blue,In Aviary,True
AUTO2684,Bird2684,21,Cockatiel,Red,In Aviary,False
AUTO2685,Bird2685,21,Eagle,Green,Sold,False
AUTO2686,Bird2686,20,Finch,Red,Sold,False
AUTO2687,Bird2687,11,Eagle,Black,Sold,False
AUTO2688,Bird2688,17,Eagle,Yellow,Sold,False
AUTO2689,Bird2689,1,Eagle,Green,Sold,True
AUTO2690,Bird2690,19,Finch,Red,Quarantine,True
AUTO2691,Bird2691,10,Finch,Black,Sold,True
AUTO2692,Bird2692,21,Eagle,White,In Aviary,True
AUTO2693,Bird2693,17,Finch,Yellow,In Aviary,False
AUTO2694,Bird2694,4,Cockatiel,Red,In Aviary,False
AUTO2695,Bird2695,10,Owl,Green,Sold,True
AUTO2696,Bird2696,17,Owl,Blue,Sold,True
AUTO2697,Bird2697,1,Owl,White,Quarantine,False
AUTO2698,Bird2698,22,Cockatiel,Black,In Aviary,False
AUTO2699,Bird2699,18,Owl,Black,Quarantine,False
AUTO2700,Bird2700,2,Parrot,Yellow,Sold,True
AUTO2701,Bird2701,15,Finch,White,Sold,True
AUTO2702,Bird2702,22,Parrot,Yellow,Sold,False
AUTO2703,Bird2703,18,Cockatiel,Red,Sold,True
AUTO2704,Bird2704,2,Eagle,White,Sold,True
AUTO2705,Bird2705,23,Owl,Green,Sold,True
AUTO2706,Bird2706,18,Owl,Green,In Aviary,False
AUTO2707,Bird2707,2,Cockatiel,Red,Sold,False
AUTO2708,Bird2708,18,Owl,Black,Sold,False
AUTO2709,Bird2709,16,Finch,Black,In Aviary,True
AUTO2710,Bird2710,7,Eagle,Green,Quarantine,False
AUTO2711,Bird2711,17,Parrot,Green,Quarantine,True
AUTO2712,Bird2712,12,Finch,Blue,Quarantine,True
AUTO2713,Bird2713,7,Owl,Black,In Aviary,True
AUTO2714,Bird2714,3,Cockatiel,White,Sold,False
AUTO2715,Bird2715,21,Parrot,White,In Aviary,False
AUTO2716,Bird2716,12,Eagle,Green,In Aviary,False
AUTO2717,Bird2717,22,Finch,Black,In Aviary,True
AUTO2718,Bird2718,19,Cockatiel,Yellow,In Aviary,False
AUTO2719,Bird2719,9,Finch,Green,Quarantine,True
AUTO2720,Bird2720,18,Owl,White,Quarantine,False
AUTO2721,Bird2721,20,Finch,White,Sold,True
AUTO2722,Bird2722,4,Owl,White,In Aviary,False
AUTO2723,Bird2723,8,Finch,Green,Sold,False
AUTO2724,Bird2724,19,Parrot,Yellow,Sold,True
AUTO2725,Bird2725,14,Parrot,Blue,Sold,False
AUTO2726,Bird2726,9,Cockatiel,Green,Sold,False
AUTO2727,Bird2727,14,Parrot,Green,Quarantine,True
AUTO2728,Bird2728,16,Owl,Yellow,Quarantine,True
AUTO2729,Bird2729,24,Eagle,Blue,Quarantine,False
AUTO2730,Bird2730,2,Cockatiel,Black,Quarantine,False
AUTO2731,Bird2731,2,Parrot,Blue,Quarantine,True
AUTO2732,Bird2732,21,Eagle,Black,Sold,True
AUTO2733,Bird2733,19,Parrot,Black,Quarantine,True
AUTO2734,Bird2734,22,Parrot,Green,Sold,True
AUTO2735,Bird2735,18,Finch,Red,Quarantine,False
AUTO2736,Bird2736,11,Parrot,Red,Sold,False
AUTO2737,Bird2737,8,Parrot,Yellow,Sold,False
AUTO2738,Bird2738,16,Finch,Red,In Aviary,False
AUTO2739,Bird2739,8,Eagle,Yellow,Quarantine,True
AUTO2740,Bird2740,19,Parrot,Blue,Sold,True
AUTO2741,Bird2741,15,Finch,Green,Quarantine,True
AUTO2742,Bird2742,18,Eagle,Blue,In Aviary,True
AUTO2743,Bird2743,4,Eagle,Blue,Sold,True
AUTO2744,Bird2744,1,Cockatiel,Yellow,In Aviary,False
AUTO2745,Bird2745,13,Cockatiel,Blue,Sold,False
AUTO2746,Bird2746,13,Cockatiel,Blue,Sold,True
AUTO2747,Bird2747,8,Owl,Green,In Aviary,False
AUTO2748,Bird2748,1,Owl,Black,Sold,False
AUTO2749,Bird2749,10,Cockatiel,Green,Quarantine,True
AUTO2750,Bird2750,24,Eagle,Blue,In Aviary,False
AUTO2751,Bird2751,10,Cockatiel,Green,In Aviary,False
AUTO2752,Bird2752,12,Eagle,Green,Quarantine,True
AUTO2753,Bird2753,16,Cockatiel,Yellow,Quarantine,True
AUTO2754,Bird2754,20,Cockatiel,Blue,Sold,True
AUTO2755,Bird2755,5,Parrot,Black,Quarantine,False
AUTO2756,Bird2756,16,Eagle,Yellow,Sold,False
AUTO2757,Bird2757,17,Cockatiel,Green,Sold,False
AUTO2758,Bird2758,24,Finch,Black,In Aviary,False
AUTO2759,Bird2759,13,Finch,Green,Sold,False
AUTO2760,Bird2760,22,Parrot,Red,Sold,False
AUTO2761,Bird2761,10,Owl,Blue,Quarantine,False
AUTO2762,Bird2762,22,Cockatiel,Yellow,In Aviary,True
AUTO2763,Bird2763,6,Parrot,Black,Sold,False
AUTO2764,Bird2764,3,Owl,White,Quarantine,True
AUTO2765,Bird2765,16,Parrot,Blue,Quarantine,True
AUTO2766,Bird2766,12,Eagle,Red,Quarantine,True
AUTO2767,Bird2767,13,Owl,White,In Aviary,False
AUTO2768,Bird2768,2,Eagle,White,Sold,False
AUTO2769,Bird2769,24,Owl,White,Sold,True
AUTO2770,Bird2770,5,Parrot,Green,Sold,True
AUTO2771,Bird2771,10,Parrot,White,Quarantine,True
AUTO2772,Bird2772,16,Eagle,Green,In Aviary,False
AUTO2773,Bird2773,23,Parrot,White,Sold,True
AUTO2774,Bird2774,21,Eagle,Red,Sold,True
AUTO2775,Bird2775,2,Owl,Yellow,Sold,False
AUTO2776,Bird2776,18,Finch,White,In Aviary,True
AUTO2777,Bird2777,4,Parrot,Blue,Sold,True
AUTO2778,Bird2778,12,Finch,Green,Sold,True
AUTO2779,Bird2779,16,Owl,Green,Quarantine,False
AUTO2780,Bird2780,10,Eagle,Yellow,Sold,True
AUTO2781,Bird2781,2,Cockatiel,Yellow,In Aviary,False
AUTO2782,Bird2782,12,Finch,Red,Sold,True
AUTO2783,Bird2783,11,Cockatiel,Red,In Aviary,True
AUTO2784,Bird2784,1,Cockatiel,White,In Aviary,True
AUTO2785,Bird2785,2,Parrot,White,Quarantine,False
AUTO2786,Bird2786,3,Parrot,Green,In Aviary,True
AUTO2787,Bird2787,13,Owl,Green,Quarantine,False
AUTO2788,Bird2788,14,Parrot,White,In Aviary,False
AUTO2789,Bird2789,24,Owl,Black,Sold,False
AUTO2790,Bird2790,13,Eagle,Yellow,In Aviary,False
AUTO2791,Bird2791,20,Finch,Yellow,In Aviary,False
AUTO2792,Bird2792,5,Finch,Blue,In Aviary,False
AUTO2793,Bird2793,15,Finch,Black,Quarantine,True
AUTO2794,Bird2794,21,Cockatiel,Black,Quarantine,True
AUTO2795,Bird2795,3,Cockatiel,Green,In Aviary,False
AUTO2796,Bird2796,21,Cockatiel,White,In Aviary,False
AUTO2797,Bird2797,5,Parrot,White,In Aviary,False
AUTO2798,Bird2798,12,Finch,Yellow,In Aviary,True
AUTO2799,Bird2799,4,Parrot,Red,Sold,False
AUTO2800,Bird2800,6,Cockatiel,Blue,In Aviary,True
AUTO2801,Bird2801,8,Eagle,Green,Sold,False
AUTO2802,Bird2802,8,Finch,Black,Sold,True
AUTO2803,Bird2803,12,Eagle,Black,Quarantine,True
AUTO2804,Bird2804,5,Parrot,White,In Aviary,False
AUTO2805,Bird2805,8,Owl,Green,Quarantine,True
AUTO2806,Bird2806,19,Finch,White,In Aviary,False
AUTO2807,Bird2807,5,Parrot,Blue,In Aviary,False
AUTO2808,Bird2808,17,Finch,Yellow,In Aviary,True
AUTO2809,Bird2809,24,Parrot,Blue,Sold,False
AUTO2810,Bird2810,6,Eagle,Yellow,Sold,True
AUTO2811,Bird2811,13,Eagle,Blue,Quarantine,True
AUTO2812,Bird2812,1,Eagle,White,In Aviary,False
AUTO2813,Bird2813,14,Cockatiel,Blue,In Aviary,False
AUTO2814,Bird2814,20,Parrot,White,In Aviary,True
AUTO2815,Bird2815,10,Parrot,Red,Quarantine,True
AUTO2816,Bird2816,6,Cockatiel,Black,Sold,True
AUTO2817,Bird2817,24,Finch,White,In Aviary,False
AUTO2818,Bird2818,21,Eagle,Yellow,In Aviary,False
AUTO2819,Bird2819,12,Owl,Red,Sold,True
AUTO2820,Bird2820,22,Eagle,Black,Sold,False
AUTO2821,Bird2821,5,Parrot,Red,Quarantine,False
AUTO2822,Bird2822,19,Finch,Black,In Aviary,False
AUTO2823,Bird2823,3,Finch,Yellow,Quarantine,True
AUTO2824,Bird2824,13,Cockatiel,White,In Aviary,False
AUTO2825,Bird2825,11,Finch,White,In Aviary,True
AUTO2826,Bird2826,6,Eagle,Yellow,Quarantine,False
AUTO2827,Bird2827,14,Finch,White,Sold,False
AUTO2828,Bird2828,2,Parrot,Blue,Quarantine,False
AUTO2829,Bird2829,3,Cockatiel,White,Sold,True
AUTO2830,Bird2830,5,Finch,White,Sold,True
AUTO2831,Bird2831,10,Eagle,Red,Quarantine,False
AUTO2832,Bird2832,22,Finch,Red,In Aviary,False
AUTO2833,Bird2833,9,Finch,Blue,Quarantine,True
AUTO2834,Bird2834,24,Finch,White,In Aviary,True
AUTO2835,Bird2835,9,Cockatiel,Green,Quarantine,False
AUTO2836,Bird2836,6,Finch,Green,Quarantine,True
AUTO2837,Bird2837,21,Finch,White,In Aviary,True
AUTO2838,Bird2838,5,Cockatiel,Red,Quarantine,False
AUTO2839,Bird2839,9,Cockatiel,White,Quarantine,False
AUTO2840,Bird2840,2,Cockatiel,Red,Quarantine,True
AUTO2841,Bird2841,10,Eagle,Blue,Sold,True
AUTO2842,Bird2842,18,Eagle,Green,In Aviary,True
AUTO2843,Bird2843,14,Parrot,White,Quarantine,True
AUTO2844,Bird2844,9,Finch,White,Quarantine,True
AUTO2845,Bird2845,23,Finch,Black,Sold,False
AUTO2846,Bird2846,17,Finch,Black,In Aviary,True
AUTO2847,Bird2847,24,Eagle,Yellow,In Aviary,True
AUTO2848,Bird2848,7,Cockatiel,Black,In Aviary,False
AUTO2849,Bird2849,1,Finch,Green,Quarantine,True
AUTO2850,Bird2850,2,Owl,Green,Quarantine,False
AUTO2851,Bird2851,4,Parrot,Yellow,Quarantine,False
AUTO2852,Bird2852,17,Owl,Green,Sold,True
AUTO2853,Bird2853,21,Cockatiel,Yellow,Sold,True
AUTO2854,Bird2854,21,Eagle,White,In Aviary,True
AUTO2855,Bird2855,6,Eagle,Black,In Aviary,True
AUTO2856,Bird2856,22,Cockatiel,Red,In Aviary,True
AUTO2857,Bird2857,7,Finch,White,Sold,True
AUTO2858,Bird2858,6,Eagle,Green,Sold,True
AUTO2859,Bird2859,20,Parrot,White,In Aviary,False
AUTO2860,Bird2860,9,Owl,Black,Quarantine,False
AUTO2861,Bird2861,12,Owl,Yellow,Sold,False
AUTO2862,Bird2862,17,Eagle,Red,Quarantine,True
AUTO2863,Bird2863,20,Owl,Green,Quarantine,False
AUTO2864,Bird2864,20,Owl,Red,Sold,True
AUTO2865,Bird2865,12,Finch,White,Quarantine,False
AUTO2866,Bird2866,6,Finch,Yellow,Sold,False
AUTO2867,Bird2867,16,Cockatiel,Black,Sold,True
AUTO2868,Bird2868,12,Eagle,Red,Quarantine,True
AUTO2869,Bird2869,7,Parrot,Black,In Aviary,True
AUTO2870,Bird2870,3,Owl,Blue,In Aviary,True
AUTO2871,Bird2871,8,Cockatiel,Yellow,In Aviary,True
AUTO2872,Bird2872,5,Owl,Red,In Aviary,False
AUTO2873,Bird2873,1,Eagle,Yellow,Quarantine,False
AUTO2874,Bird2874,9,Owl,Black,Quarantine,True
AUTO2875,Bird2875,9,Eagle,White,In Aviary,False
AUTO2876,Bird2876,11,Cockatiel,Blue,Quarantine,False
AUTO2877,Bird2877,4,Owl,Red,Quarantine,False
AUTO2878,Bird2878,12,Finch,Black,Quarantine,True
AUTO2879,Bird2879,19,Owl,Green,In Aviary,True
AUTO2880,Bird2880,16,Finch,White,Quarantine,True
AUTO2881,Bird2881,17,Eagle,Green,Quarantine,False
AUTO2882,Bird2882,6,Owl,Black,In Aviary,True
AUTO2883,Bird2883,11,Owl,Yellow,In Aviary,False
AUTO2884,Bird2884,18,Eagle,Red,Sold,False
AUTO2885,Bird2885,5,Parrot,Yellow,Quarantine,False
AUTO2886,Bird2886,9,Parrot,Red,In Aviary,True
AUTO2887,Bird2887,20,Finch,White,In Aviary,True
AUTO2888,Bird2888,13,Owl,Yellow,Sold,False
AUTO2889,Bird2889,22,Owl,Black,Sold,False
AUTO2890,Bird2890,24,Parrot,Green,Sold,False
AUTO2891,Bird2891,16,Finch,Yellow,Quarantine,False
AUTO2892,Bird2892,18,Eagle,Yellow,In Aviary,True
AUTO2893,Bird2893,19,Eagle,Blue,Quarantine,False
AUTO2894,Bird2894,16,Cockatiel,Yellow,Sold,True
AUTO2895,Bird2895,9,Parrot,Blue,In Aviary,True
AUTO2896,Bird2896,7,Parrot,Black,Sold,True
AUTO2897,Bird2897,17,Cockatiel,Yellow,In Aviary,False
AUTO2898,Bird2898,21,Eagle,Green,In Aviary,True
AUTO2899,Bird2899,16,Finch,Red,Quarantine,False
AUTO2900,Bird2900,6,Owl,Red,In Aviary,True
AUTO2901,Bird2901,6,Finch,Blue,Quarantine,True
AUTO2902,Bird2902,9,Parrot,White,Sold,False
AUTO2903,Bird2903,18,Parrot,Green,Quarantine,True
AUTO2904,Bird2904,1,Owl,Black,Sold,True
AUTO2905,Bird2905,13,Parrot,White,Quarantine,False
AUTO2906,Bird2906,12,Cockatiel,Yellow,In Aviary,True
AUTO2907,Bird2907,17,Parrot,Blue,Sold,True
AUTO2908,Bird2908,5,Parrot,Red,Sold,False
AUTO2909,Bird2909,4,Eagle,Blue,In Aviary,False
AUTO2910,Bird2910,2,Cockatiel,Blue,In Aviary,True
AUTO2911,Bird2911,12,Cockatiel,Blue,Sold,True
AUTO2912,Bird2912,6,Parrot,Green,In Aviary,False
AUTO2913,Bird2913,14,Owl,White,Sold,False
AUTO2914,Bird2914,21,Cockatiel,Blue,Sold,False
AUTO2915,Bird2915,2,Finch,Black,Quarantine,True
AUTO2916,Bird2916,22,Parrot,Yellow,Sold,False
AUTO2917,Bird2917,21,Eagle,Blue,In Aviary,False
AUTO2918,Bird2918,16,Cockatiel,Red,In Aviary,False
AUTO2919,Bird2919,11,Eagle,Yellow,Quarantine,True
AUTO2920,Bird2920,3,Parrot,Red,In Aviary,False
AUTO2921,Bird2921,14,Owl,Yellow,Quarantine,True
AUTO2922,Bird2922,3,Parrot,Yellow,In Aviary,True
AUTO2923,Bird2923,3,Cockatiel,Black,In Aviary,False
AUTO2924,Bird2924,16,Eagle,Black,Sold,False
AUTO2925,Bird2925,15,Cockatiel,Blue,Quarantine,False
AUTO2926,Bird2926,18,Cockatiel,Blue,Quarantine,False
AUTO2927,Bird2927,1,Finch,Red,In Aviary,False
AUTO2928,Bird2928,6,Finch,White,In Aviary,True
AUTO2929,Bird2929,6,Parrot,Green,In Aviary,False
AUTO2930,Bird2930,22,Owl,Green,Sold,True
AUTO2931,Bird2931,2,Parrot,Black,Sold,False
AUTO2932,Bird2932,14,Parrot,Blue,In Aviary,False
AUTO2933,Bird2933,6,Owl,White,Sold,False
AUTO2934,Bird2934,3,Owl,Black,Quarantine,False
AUTO2935,Bird2935,9,Finch,White,In Aviary,False
AUTO2936,Bird2936,8,Eagle,Yellow,Quarantine,False
AUTO2937,Bird2937,2,Parrot,Yellow,Sold,False
AUTO2938,Bird2938,6,Eagle,Blue,Quarantine,True
AUTO2939,Bird2939,19,Owl,Red,Sold,False
AUTO2940,Bird2940,18,Finch,Red,Quarantine,True
AUTO2941,Bird2941,5,Eagle,White,Quarantine,True
AUTO2942,Bird2942,12,Parrot,White,Quarantine,False
AUTO2943,Bird2943,19,Parrot,Black,In Aviary,True
AUTO2944,Bird2944,21,Finch,White,Quarantine,True
AUTO2945,Bird2945,22,Owl,White,Quarantine,False
AUTO2946,Bird2946,18,Owl,Red,In Aviary,False
AUTO2947,Bird2947,17,Finch,Black,Sold,False
AUTO2948,Bird2948,18,Parrot,White,Quarantine,True
AUTO2949,Bird2949,17,Eagle,Red,Quarantine,False
AUTO2950,Bird2950,6,Eagle,Red,In Aviary,True
AUTO2951,Bird2951,2,Cockatiel,Yellow,Quarantine,True
AUTO2952,Bird2952,17,Eagle,Blue,Quarantine,True
AUTO2953,Bird2953,21,Owl,Red,Sold,True
AUTO2954,Bird2954,24,Finch,Green,In Aviary,True
AUTO2955,Bird2955,17,Cockatiel,White,Sold,True
AUTO2956,Bird2956,16,Eagle,Blue,Quarantine,False
AUTO2957,Bird2957,19,Finch,Red,Quarantine,True
AUTO2958,Bird2958,17,Cockatiel,Yellow,In Aviary,False
AUTO2959,Bird2959,11,Parrot,White,Sold,False
AUTO2960,Bird2960,16,Parrot,White,In Aviary,False
AUTO2961,Bird2961,22,Eagle,Blue,In Aviary,True
AUTO2962,Bird2962,12,Owl,Red,In Aviary,False
AUTO2963,Bird2963,24,Owl,Black,Quarantine,False
AUTO2964,Bird2964,21,Cockatiel,Red,Sold,False
AUTO2965,Bird2965,9,Owl,White,Sold,False
AUTO2966,Bird2966,8,Owl,White,Sold,False
AUTO2967,Bird2967,11,Finch,Green,Quarantine,True
AUTO2968,Bird2968,12,Finch,White,Quarantine,True
AUTO2969,Bird2969,3,Eagle,Red,Sold,False
AUTO2970,Bird2970,1,Finch,White,Quarantine,True
AUTO2971,Bird2971,6,Parrot,White,Quarantine,False
AUTO2972,Bird2972,18,Cockatiel,White,Sold,True
AUTO2973,Bird2973,19,Finch,White,Quarantine,True
AUTO2974,Bird2974,14,Parrot,Red,Quarantine,True
AUTO2975,Bird2975,19,Eagle,Blue,Sold,True
AUTO2976,Bird2976,5,Parrot,Blue,Quarantine,True
AUTO2977,Bird2977,17,Parrot,Black,Sold,False
AUTO2978,Bird2978,19,Parrot,Yellow,In Aviary,False
AUTO2979,Bird2979,24,Parrot,Blue,Sold,False
AUTO2980,Bird2980,17,Cockatiel,Black,Quarantine,True
AUTO2981,Bird2981,8,Eagle,Blue,Sold,False
AUTO2982,Bird2982,10,Parrot,Black,Sold,False
AUTO2983,Bird2983,13,Owl,White,Quarantine,False
AUTO2984,Bird2984,15,Finch,Green,Quarantine,False
AUTO2985,Bird2985,18,Cockatiel,Yellow,Quarantine,False
AUTO2986,Bird2986,18,Owl,White,Sold,True
AUTO2987,Bird2987,6,Owl,Black,Sold,True
AUTO2988,Bird2988,19,Owl,Blue,Sold,True
AUTO2989,Bird2989,15,Parrot,Red,In Aviary,False
AUTO2990,Bird2990,8,Owl,White,In Aviary,True
AUTO2991,Bird2991,17,Owl,Yellow,Quarantine,False
AUTO2992,Bird2992,16,Parrot,Black,Quarantine,False
AUTO2993,Bird2993,22,Owl,Green,Quarantine,False
AUTO2994,Bird2994,5,Parrot,Blue,In Aviary,True
AUTO2995,Bird2995,3,Owl,Green,In Aviary,True
AUTO2996,Bird2996,7,Owl,White,In Aviary,False
AUTO2997,Bird2997,5,Cockatiel,Green,In Aviary,True
AUTO2998,Bird2998,17,Parrot,Green,Sold,True
AUTO2999,Bird2999,24,Cockatiel,White,Sold,True
AUTO3000,Bird3000,10,Owl,Red,Sold,False
AUTO3001,Bird3001,1,Finch,Yellow,Sold,True
AUTO3002,Bird3002,7,Parrot,Green,In Aviary,False
AUTO3003,Bird3003,7,Eagle,White,Quarantine,True
AUTO3004,Bird3004,23,Parrot,White,Quarantine,False
AUTO3005,Bird3005,2,Cockatiel,White,Quarantine,False
AUTO3006,Bird3006,14,Finch,Green,In Aviary,False
AUTO3007,Bird3007,13,Parrot,Red,In Aviary,True
AUTO3008,Bird3008,22,Cockatiel,Green,Quarantine,True
AUTO3009,Bird3009,18,Owl,Yellow,Quarantine,False
AUTO3010,Bird3010,4,Cockatiel,Yellow,Quarantine,True
AUTO3011,Bird3011,17,Owl,Red,Quarantine,True
AUTO3012,Bird3012,4,Finch,White,Quarantine,False
AUTO3013,Bird3013,12,Owl,Blue,In Aviary,True
AUTO3014,Bird3014,3,Cockatiel,Red,Sold,True
AUTO3015,Bird3015,22,Parrot,Yellow,Sold,True
AUTO3016,Bird3016,20,Cockatiel,Black,In Aviary,False
AUTO3017,Bird3017,2,Cockatiel,Blue,Quarantine,False
AUTO3018,Bird3018,17,Parrot,Yellow,Sold,True
AUTO3019,Bird3019,1,Eagle,Yellow,Sold,False
AUTO3020,Bird3020,5,Parrot,Red,Quarantine,False
AUTO3021,Bird3021,18,Cockatiel,Green,Quarantine,True
AUTO3022,Bird3022,22,Parrot,White,In Aviary,True
AUTO3023,Bird3023,16,Parrot,Black,Quarantine,True
AUTO3024,Bird3024,19,Owl,Black,Sold,True
AUTO3025,Bird3025,20,Parrot,White,In Aviary,True
AUTO3026,Bird3026,7,Finch,Yellow,Sold,True
AUTO3027,Bird3027,23,Eagle,Green,In Aviary,False
AUTO3028,Bird3028,15,Owl,Red,Quarantine,False
AUTO3029,Bird3029,15,Eagle,Blue,Quarantine,False
AUTO3030,Bird3030,21,Parrot,Yellow,In Aviary,True
AUTO3031,Bird3031,1,Finch,Blue,Sold,False
AUTO3032,Bird3032,6,Cockatiel,Green,Sold,False
AUTO3033,Bird3033,3,Cockatiel,Green,In Aviary,True
AUTO3034,Bird3034,20,Eagle,Blue,In Aviary,True
AUTO3035,Bird3035,6,Parrot,White,In Aviary,False
AUTO3036,Bird3036,11,Cockatiel,Red,Sold,True
AUTO3037,Bird3037,6,Parrot,Blue,In Aviary,False
AUTO3038,Bird3038,12,Owl,Yellow,In Aviary,True
AUTO3039,Bird3039,2,Parrot,Red,Sold,True
AUTO3040,Bird3040,1,Parrot,Green,Quarantine,True
AUTO3041,Bird3041,9,Cockatiel,Blue,Sold,True
AUTO3042,Bird3042,12,Finch,Blue,In Aviary,False
AUTO3043,Bird3043,17,Cockatiel,Black,Sold,False
AUTO3044,Bird3044,11,Parrot,Blue,Sold,True
AUTO3045,Bird3045,10,Parrot,Green,Quarantine,True
AUTO3046,Bird3046,20,Finch,Yellow,In Aviary,False
AUTO3047,Bird3047,20,Owl,Blue,Sold,False
AUTO3048,Bird3048,22,Finch,Black,In Aviary,True
AUTO3049,Bird3049,8,Parrot,Green,Sold,True
AUTO3050,Bird3050,7,Owl,Green,Quarantine,True
AUTO3051,Bird3051,20,Eagle,Red,In Aviary,True
AUTO3052,Bird3052,17,Parrot,Black,Sold,True
AUTO3053,Bird3053,12,Parrot,Blue,Quarantine,False
AUTO3054,Bird3054,6,Parrot,Red,In Aviary,False
AUTO3055,Bird3055,23,Cockatiel,Red,Sold,True
AUTO3056,Bird3056,18,Cockatiel,Green,In Aviary,False
AUTO3057,Bird3057,23,Finch,White,In Aviary,True
AUTO3058,Bird3058,3,Finch,Red,Sold,False
AUTO3059,Bird3059,18,Cockatiel,Blue,Quarantine,False
AUTO3060,Bird3060,24,Owl,Yellow,Quarantine,False
AUTO3061,Bird3061,9,Cockatiel,Green,In Aviary,True
AUTO3062,Bird3062,18,Finch,White,Sold,True
AUTO3063,Bird3063,17,Parrot,Green,Sold,True
AUTO3064,Bird3064,14,Cockatiel,White,Sold,True
AUTO3065,Bird3065,3,Finch,Blue,Sold,False
AUTO3066,Bird3066,14,Eagle,White,Quarantine,True
AUTO3067,Bird3067,9,Eagle,Green,Quarantine,True
AUTO3068,Bird3068,11,Finch,Yellow,Quarantine,True
AUTO3069,Bird3069,4,Parrot,White,Quarantine,True
AUTO3070,Bird3070,7,Finch,Green,In Aviary,False
AUTO3071,Bird3071,9,Eagle,Red,In Aviary,False
AUTO3072,Bird3072,13,Parrot,Red,Quarantine,True
AUTO3073,Bird3073,19,Owl,White,Sold,True
AUTO3074,Bird3074,11,Finch,Yellow,Sold,True
AUTO3075,Bird3075,14,Cockatiel,Black,Quarantine,True
AUTO3076,Bird3076,9,Owl,Green,Quarantine,True
AUTO3077,Bird3077,19,Parrot,Black,In Aviary,True
AUTO3078,Bird3078,9,Cockatiel,Red,Quarantine,True
AUTO3079,Bird3079,10,Cockatiel,Red,Sold,True
AUTO3080,Bird3080,7,Parrot,Green,Sold,True
AUTO3081,Bird3081,19,Eagle,Black,In Aviary,False
AUTO3082,Bird3082,13,Owl,Green,In Aviary,False
AUTO3083,Bird3083,9,Owl,Red,In Aviary,False
AUTO3084,Bird3084,6,Finch,Green,Quarantine,True
AUTO3085,Bird3085,12,Parrot,White,Quarantine,True
AUTO3086,Bird3086,13,Parrot,Yellow,Sold,True
AUTO3087,Bird3087,5,Parrot,Yellow,Sold,False
AUTO3088,Bird3088,22,Cockatiel,White,Quarantine,True
AUTO3089,Bird3089,23,Eagle,Yellow,In Aviary,False
AUTO3090,Bird3090,23,Eagle,Yellow,Quarantine,False
AUTO3091,Bird3091,18,Parrot,Green,Sold,False
AUTO3092,Bird3092,17,Owl,Black,In Aviary,True
AUTO3093,Bird3093,24,Cockatiel,Red,Sold,False
AUTO3094,Bird3094,17,Cockatiel,Yellow,In Aviary,True
AUTO3095,Bird3095,11,Owl,White,Sold,False
AUTO3096,Bird3096,3,Cockatiel,Red,In Aviary,False
AUTO3097,Bird3097,10,Eagle,Black,Sold,True
AUTO3098,Bird3098,11,Finch,Blue,Sold,True
AUTO3099,Bird3099,16,Owl,Yellow,Quarantine,True
AUTO3100,Bird3100,21,Owl,White,Quarantine,False
AUTO3101,Bird3101,16,Owl,Red,Quarantine,False
AUTO3102,Bird3102,23,Owl,Green,Sold,False
AUTO3103,Bird3103,21,Parrot,Black,Sold,True
AUTO3104,Bird3104,19,Cockatiel,White,Sold,False
AUTO3105,Bird3105,12,Parrot,Green,Sold,True
AUTO3106,Bird3106,5,Owl,Blue,Quarantine,True
AUTO3107,Bird3107,5,Cockatiel,White,Quarantine,True
AUTO3108,Bird3108,19,Owl,Green,Quarantine,False
AUTO3109,Bird3109,1,Cockatiel,Blue,In Aviary,False
AUTO3110,Bird3110,1,Owl,Red,Sold,False
AUTO3111,Bird3111,24,Cockatiel,White,In Aviary,False
AUTO3112,Bird3112,20,Eagle,White,Quarantine,False
AUTO3113,Bird3113,9,Owl,Black,Sold,False
AUTO3114,Bird3114,3,Parrot,White,Sold,False
AUTO3115,Bird3115,6,Finch,Red,Quarantine,True
AUTO3116,Bird3116,22,Owl,Blue,In Aviary,True
AUTO3117,Bird3117,7,Parrot,White,Sold,True
AUTO3118,Bird3118,12,Cockatiel,Blue,Sold,True
AUTO3119,Bird3119,1,Cockatiel,Blue,Quarantine,False
AUTO3120,Bird3120,8,Finch,Red,In Aviary,True
AUTO3121,Bird3121,2,Cockatiel,Green,Quarantine,True
AUTO3122,Bird3122,21,Eagle,Green,Sold,False
AUTO3123,Bird3123,16,Eagle,White,Sold,False
AUTO3124,Bird3124,20,Owl,Black,Quarantine,True
AUTO3125,Bird3125,3,Cockatiel,Red,In Aviary,False
AUTO3126,Bird3126,5,Owl,White,In Aviary,False
AUTO3127,Bird3127,9,Owl,Black,In Aviary,False
AUTO3128,Bird3128,24,Eagle,Black,Sold,True
AUTO3129,Bird3129,2,Eagle,Blue,Quarantine,False
AUTO3130,Bird3130,5,Eagle,Blue,Sold,True
AUTO3131,Bird3131,2,Cockatiel,Yellow,Quarantine,False
AUTO3132,Bird3132,19,Cockatiel,Blue,Sold,False
AUTO3133,Bird3133,10,Eagle,White,Sold,True
AUTO3134,Bird3134,20,Finch,Yellow,Quarantine,False
AUTO3135,Bird3135,5,Eagle,Blue,Sold,False
AUTO3136,Bird3136,17,Finch,Black,In Aviary,False
AUTO3137,Bird3137,9,Cockatiel,Black,Sold,False
AUTO3138,Bird3138,23,Cockatiel,Blue,Sold,True
AUTO3139,Bird3139,11,Cockatiel,Green,Quarantine,False
AUTO3140,Bird3140,1,Parrot,Blue,In Aviary,False
AUTO3141,Bird3141,21,Parrot,Black,Quarantine,True
AUTO3142,Bird3142,17,Cockatiel,White,Quarantine,True
AUTO3143,Bird3143,1,Owl,Green,In Aviary,False
AUTO3144,Bird3144,11,Owl,Black,In Aviary,False
AUTO3145,Bird3145,6,Eagle,Green,Quarantine,True
AUTO3146,Bird3146,16,Eagle,Red,In Aviary,False
AUTO3147,Bird3147,24,Finch,Black,In Aviary,True
AUTO3148,Bird3148,2,Finch,Blue,In Aviary,False
AUTO3149,Bird3149,24,Cockatiel,Blue,Sold,True
AUTO3150,Bird3150,14,Parrot,Green,In Aviary,True
AUTO3151,Bird3151,8,Finch,Red,In Aviary,False
AUTO3152,Bird3152,12,Owl,Yellow,Sold,False
AUTO3153,Bird3153,5,Owl,Black,In Aviary,True
AUTO3154,Bird3154,4,Cockatiel,Yellow,Quarantine,True
AUTO3155,Bird3155,20,Eagle,Yellow,Quarantine,False
AUTO3156,Bird3156,20,Finch,Red,In Aviary,False
AUTO3157,Bird3157,13,Finch,White,Sold,True
AUTO3158,Bird3158,20,Eagle,White,In Aviary,True
AUTO3159,Bird3159,15,Parrot,Blue,Quarantine,True
AUTO3160,Bird3160,24,Parrot,Yellow,Quarantine,False
AUTO3161,Bird3161,14,Cockatiel,Black,In Aviary,True
AUTO3162,Bird3162,8,Eagle,Green,In Aviary,False
AUTO3163,Bird3163,17,Owl,Green,In Aviary,True
AUTO3164,Bird3164,8,Cockatiel,Yellow,Quarantine,False
AUTO3165,Bird3165,5,Cockatiel,Blue,Quarantine,False
AUTO3166,Bird3166,12,Cockatiel,Red,Sold,True
AUTO3167,Bird3167,20,Eagle,Yellow,Quarantine,False
AUTO3168,Bird3168,10,Owl,Yellow,Sold,False
AUTO3169,Bird3169,1,Cockatiel,Blue,Quarantine,False
AUTO3170,Bird3170,1,Cockatiel,Black,Sold,True
AUTO3171,Bird3171,21,Cockatiel,White,Sold,False
AUTO3172,Bird3172,4,Owl,Green,In Aviary,True
AUTO3173,Bird3173,1,Owl,Red,In Aviary,False
AUTO3174,Bird3174,5,Owl,Red,Quarantine,False
AUTO3175,Bird3175,24,Parrot,Blue,Sold,False
AUTO3176,Bird3176,12,Eagle,Blue,Quarantine,True
AUTO3177,Bird3177,4,Parrot,Green,Quarantine,False
AUTO3178,Bird3178,14,Parrot,Blue,Sold,False
AUTO3179,Bird3179,20,Parrot,Blue,Sold,True
AUTO3180,Bird3180,19,Cockatiel,Yellow,Quarantine,False
AUTO3181,Bird3181,17,Owl,Red,Sold,False
AUTO3182,Bird3182,7,Cockatiel,Blue,In Aviary,True
AUTO3183,Bird3183,4,Finch,Black,Quarantine,False
AUTO3184,Bird3184,23,Owl,Black,In Aviary,False
AUTO3185,Bird3185,12,Owl,Yellow,In Aviary,True
AUTO3186,Bird3186,12,Cockatiel,Green,In Aviary,True
AUTO3187,Bird3187,15,Owl,Red,Sold,False
AUTO3188,Bird3188,14,Eagle,White,In Aviary,False
AUTO3189,Bird3189,18,Owl,White,Quarantine,False
AUTO3190,Bird3190,18,Parrot,Red,Sold,True
AUTO3191,Bird3191,20,Parrot,Green,Sold,False
AUTO3192,Bird3192,10,Eagle,Green,In Aviary,False
AUTO3193,Bird3193,5,Eagle,Blue,Sold,True
AUTO3194,Bird3194,9,Parrot,Red,In Aviary,False
AUTO3195,Bird3195,11,Eagle,White,In Aviary,True
AUTO3196,Bird3196,5,Finch,Red,Sold,True
AUTO3197,Bird3197,3,Cockatiel,Black,In Aviary,True
AUTO3198,Bird3198,24,Eagle,Red,In Aviary,True
AUTO3199,Bird3199,3,Cockatiel,Blue,Sold,True
AUTO3200,Bird3200,4,Owl,Blue,Quarantine,False
AUTO3201,Bird3201,12,Owl,Yellow,In Aviary,False
AUTO3202,Bird3202,9,Finch,Blue,In Aviary,True
AUTO3203,Bird3203,2,Eagle,Black,In Aviary,True
AUTO3204,Bird3204,9,Cockatiel,Yellow,In Aviary,True
AUTO3205,Bird3205,20,Finch,Yellow,Sold,False
AUTO3206,Bird3206,20,Parrot,Red,Quarantine,False
AUTO3207,Bird3207,23,Owl,White,Sold,False
AUTO3208,Bird3208,18,Eagle,Red,Sold,False
AUTO3209,Bird3209,21,Parrot,White,Quarantine,True
AUTO3210,Bird3210,9,Finch,Yellow,Quarantine,True
AUTO3211,Bird3211,14,Owl,Yellow,Sold,False
AUTO3212,Bird3212,7,Cockatiel,Green,Quarantine,False
AUTO3213,Bird3213,17,Cockatiel,Green,In Aviary,False
AUTO3214,Bird3214,9,Parrot,Green,Quarantine,True
AUTO3215,Bird3215,6,Parrot,White,Quarantine,True
AUTO3216,Bird3216,18,Parrot,Red,Sold,False
AUTO3217,Bird3217,8,Owl,Blue,In Aviary,False
AUTO3218,Bird3218,20,Parrot,Yellow,Sold,False
AUTO3219,Bird3219,7,Owl,Green,In Aviary,False
AUTO3220,Bird3220,17,Owl,Red,In Aviary,False
AUTO3221,Bird3221,14,Cockatiel,Red,In Aviary,True
AUTO3222,Bird3222,22,Owl,White,Sold,True
AUTO3223,Bird3223,8,Finch,Yellow,Sold,False
AUTO3224,Bird3224,14,Cockatiel,Black,In Aviary,False
AUTO3225,Bird3225,6,Cockatiel,Green,Sold,True
AUTO3226,Bird3226,15,Parrot,Green,Quarantine,True
AUTO3227,Bird3227,16,Cockatiel,Yellow,Sold,True
AUTO3228,Bird3228,22,Cockatiel,Green,In Aviary,True
AUTO3229,Bird3229,2,Cockatiel,Yellow,Sold,False
AUTO3230,Bird3230,18,Cockatiel,Black,Quarantine,False
AUTO3231,Bird3231,2,Eagle,Red,Quarantine,False
AUTO3232,Bird3232,4,Owl,Red,Quarantine,True
AUTO3233,Bird3233,23,Owl,Yellow,Quarantine,True
AUTO3234,Bird3234,17,Owl,White,Sold,True
AUTO3235,Bird3235,16,Finch,Yellow,In Aviary,False
AUTO3236,Bird3236,12,Eagle,Red,Quarantine,True
AUTO3237,Bird3237,20,Owl,Red,Quarantine,True
AUTO3238,Bird3238,10,Finch,Red,In Aviary,True
AUTO3239,Bird3239,10,Owl,Black,Sold,True
AUTO3240,Bird3240,9,Eagle,Blue,Sold,True
AUTO3241,Bird3241,17,Finch,White,Sold,False
AUTO3242,Bird3242,18,Finch,Yellow,In Aviary,True
AUTO3243,Bird3243,1,Eagle,Yellow,In Aviary,True
AUTO3244,Bird3244,10,Eagle,Green,Quarantine,True
AUTO3245,Bird3245,22,Parrot,Yellow,Sold,True
AUTO3246,Bird3246,6,Owl,Blue,Quarantine,True
AUTO3247,Bird3247,8,Finch,Red,In Aviary,True
AUTO3248,Bird3248,7,Cockatiel,Black,Quarantine,False
AUTO3249,Bird3249,12,Finch,White,In Aviary,False
AUTO3250,Bird3250,12,Cockatiel,Yellow,In Aviary,False
AUTO3251,Bird3251,8,Parrot,White,Sold,False
AUTO3252,Bird3252,10,Finch,Black,Sold,True
AUTO3253,Bird3253,24,Finch,Red,In Aviary,True
AUTO3254,Bird3254,12,Owl,White,In Aviary,True
AUTO3255,Bird3255,24,Cockatiel,Red,Sold,False
AUTO3256,Bird3256,24,Parrot,Black,In Aviary,False
AUTO3257,Bird3257,24,Eagle,Blue,Quarantine,False
AUTO3258,Bird3258,18,Eagle,Red,In Aviary,True
AUTO3259,Bird3259,18,Parrot,White,Quarantine,True
AUTO3260,Bird3260,3,Finch,Blue,Sold,True
AUTO3261,Bird3261,2,Eagle,Green,Sold,True
AUTO3262,Bird3262,20,Finch,Green,In Aviary,True
AUTO3263,Bird3263,3,Finch,Black,Quarantine,True
AUTO3264,Bird3264,23,Parrot,Red,Sold,False
AUTO3265,Bird3265,24,Cockatiel,Yellow,Quarantine,False
AUTO3266,Bird3266,21,Cockatiel,Red,In Aviary,True
AUTO3267,Bird3267,12,Cockatiel,Red,Sold,True
AUTO3268,Bird3268,24,Finch,Red,Sold,False
AUTO3269,Bird3269,2,Parrot,White,Quarantine,True
AUTO3270,Bird3270,9,Cockatiel,Red,Quarantine,False
AUTO3271,Bird3271,12,Eagle,Red,Sold,False
AUTO3272,Bird3272,10,Eagle,Red,Quarantine,False
AUTO3273,Bird3273,9,Parrot,Blue,Quarantine,True
AUTO3274,Bird3274,15,Cockatiel,Black,Sold,True
AUTO3275,Bird3275,15,Finch,Black,Sold,False
AUTO3276,Bird3276,20,Parrot,Red,Sold,False
AUTO3277,Bird3277,5,Parrot,Blue,In Aviary,True
AUTO3278,Bird3278,4,Eagle,Blue,In Aviary,True
AUTO3279,Bird3279,21,Owl,White,Sold,False
AUTO3280,Bird3280,17,Owl,White,Sold,True
AUTO3281,Bird3281,21,Cockatiel,Yellow,Sold,True
AUTO3282,Bird3282,12,Parrot,White,In Aviary,False
AUTO3283,Bird3283,6,Finch,Green,Sold,False
AUTO3284,Bird3284,19,Owl,Blue,Quarantine,True
AUTO3285,Bird3285,3,Owl,Green,In Aviary,True
AUTO3286,Bird3286,7,Owl,Red,In Aviary,False
AUTO3287,Bird3287,3,Parrot,Green,Quarantine,False
AUTO3288,Bird3288,14,Owl,Blue,Sold,False
AUTO3289,Bird3289,14,Finch,Yellow,Quarantine,True
AUTO3290,Bird3290,18,Cockatiel,Yellow,Sold,True
AUTO3291,Bird3291,6,Finch,Red,Sold,True
AUTO3292,Bird3292,18,Eagle,Black,In Aviary,False
AUTO3293,Bird3293,16,Parrot,Red,In Aviary,False
AUTO3294,Bird3294,9,Cockatiel,Yellow,Sold,True
AUTO3295,Bird3295,23,Cockatiel,Blue,In Aviary,False
AUTO3296,Bird3296,12,Finch,Yellow,Sold,True
AUTO3297,Bird3297,6,Cockatiel,Green,Sold,False
AUTO3298,Bird3298,9,Parrot,Blue,Sold,True
AUTO3299,Bird3299,18,Finch,White,In Aviary,False
AUTO3300,Bird3300,5,Owl,Green,Quarantine,True
AUTO3301,Bird3301,2,Cockatiel,Green,Sold,True
AUTO3302,Bird3302,6,Cockatiel,Black,Quarantine,False
AUTO3303,Bird3303,22,Eagle,Black,Sold,True
AUTO3304,Bird3304,23,Owl,Black,In Aviary,False
AUTO3305,Bird3305,10,Cockatiel,Black,Sold,True
AUTO3306,Bird3306,8,Cockatiel,Blue,Quarantine,True
AUTO3307,Bird3307,18,Eagle,Red,Quarantine,False
AUTO3308,Bird3308,4,Parrot,Red,Quarantine,True
AUTO3309,Bird3309,4,Cockatiel,Green,In Aviary,False
AUTO3310,Bird3310,23,Finch,Yellow,Sold,False
AUTO3311,Bird3311,5,Parrot,Yellow,Quarantine,True
AUTO3312,Bird3312,5,Parrot,Blue,In Aviary,True
AUTO3313,Bird3313,16,Parrot,White,In Aviary,True
AUTO3314,Bird3314,7,Owl,Red,Quarantine,False
AUTO3315,Bird3315,14,Parrot,Green,Sold,False
AUTO3316,Bird3316,13,Parrot,Blue,In Aviary,False
AUTO3317,Bird3317,3,Eagle,Yellow,Sold,False
AUTO3318,Bird3318,14,Owl,Green,Quarantine,True
AUTO3319,Bird3319,21,Cockatiel,Yellow,In Aviary,True
AUTO3320,Bird3320,19,Eagle,White,Quarantine,False
AUTO3321,Bird3321,9,Finch,Red,In Aviary,False
AUTO3322,Bird3322,14,Owl,Black,In Aviary,False
AUTO3323,Bird3323,1,Cockatiel,Black,Sold,True
AUTO3324,Bird3324,1,Owl,Green,In Aviary,True
AUTO3325,Bird3325,2,Owl,Red,In Aviary,True
AUTO3326,Bird3326,23,Owl,Green,Sold,True
AUTO3327,Bird3327,6,Owl,Blue,Quarantine,False
AUTO3328,Bird3328,23,Cockatiel,White,In Aviary,True
AUTO3329,Bird3329,2,Finch,Blue,Quarantine,True
AUTO3330,Bird3330,8,Eagle,Red,Quarantine,False
AUTO3331,Bird3331,3,Eagle,Red,Quarantine,True
AUTO3332,Bird3332,11,Cockatiel,Blue,Sold,False
AUTO3333,Bird3333,2,Cockatiel,Black,In Aviary,False
AUTO3334,Bird3334,10,Owl,Yellow,In Aviary,True
AUTO3335,Bird3335,11,Owl,Black,In Aviary,True
AUTO3336,Bird3336,7,Parrot,Red,Quarantine,False
AUTO3337,Bird3337,20,Cockatiel,Green,Quarantine,False
AUTO3338,Bird3338,24,Finch,White,Sold,False
AUTO3339,Bird3339,14,Owl,Red,In Aviary,True
AUTO3340,Bird3340,16,Owl,White,Quarantine,True
AUTO3341,Bird3341,19,Finch,Red,Quarantine,True
AUTO3342,Bird3342,4,Parrot,Red,Sold,False
AUTO3343,Bird3343,23,Cockatiel,White,In Aviary,True
AUTO3344,Bird3344,4,Cockatiel,Green,Quarantine,False
AUTO3345,Bird3345,11,Cockatiel,White,In Aviary,False
AUTO3346,Bird3346,23,Finch,Blue,In Aviary,True
AUTO3347,Bird3347,18,Cockatiel,Green,In Aviary,False
AUTO3348,Bird3348,5,Cockatiel,Green,Quarantine,True
AUTO3349,Bird3349,7,Eagle,Green,Sold,True
AUTO3350,Bird3350,14,Parrot,White,Quarantine,True
AUTO3351,Bird3351,21,Cockatiel,Blue,In Aviary,True
AUTO3352,Bird3352,20,Eagle,Black,Quarantine,True
AUTO3353,Bird3353,18,Eagle,Green,Sold,False
AUTO3354,Bird3354,11,Parrot,Red,Quarantine,True
AUTO3355,Bird3355,18,Parrot,Red,In Aviary,True
AUTO3356,Bird3356,4,Cockatiel,White,In Aviary,True
AUTO3357,Bird3357,11,Cockatiel,White,In Aviary,False
AUTO3358,Bird3358,18,Parrot,White,In Aviary,False
AUTO3359,Bird3359,6,Finch,Yellow,Quarantine,True
AUTO3360,Bird3360,2,Eagle,Blue,Sold,True
AUTO3361,Bird3361,19,Parrot,Yellow,Quarantine,True
AUTO3362,Bird3362,10,Parrot,Green,In Aviary,True
AUTO3363,Bird3363,18,Owl,White,In Aviary,False
AUTO3364,Bird3364,9,Eagle,Blue,In Aviary,False
AUTO3365,Bird3365,21,Parrot,Yellow,Quarantine,False
AUTO3366,Bird3366,11,Parrot,Blue,In Aviary,True
AUTO3367,Bird3367,4,Finch,Yellow,Sold,False
AUTO3368,Bird3368,4,Owl,White,Quarantine,True
AUTO3369,Bird3369,8,Owl,Yellow,Quarantine,True
AUTO3370,Bird3370,17,Finch,White,Sold,False
AUTO3371,Bird3371,3,Cockatiel,Black,Quarantine,False
AUTO3372,Bird3372,12,Cockatiel,White,Sold,False
AUTO3373,Bird3373,12,Owl,White,Quarantine,False
AUTO3374,Bird3374,23,Parrot,White,In Aviary,True
AUTO3375,Bird3375,21,Owl,Red,Quarantine,False
AUTO3376,Bird3376,14,Cockatiel,Black,In Aviary,True
AUTO3377,Bird3377,18,Cockatiel,Blue,In Aviary,True
AUTO3378,Bird3378,5,Finch,White,Sold,False
AUTO3379,Bird3379,17,Cockatiel,White,Sold,False
AUTO3380,Bird3380,7,Parrot,Blue,Sold,False
AUTO3381,Bird3381,3,Cockatiel,White,Sold,True
AUTO3382,Bird3382,1,Owl,White,Sold,False
AUTO3383,Bird3383,15,Parrot,White,In Aviary,True
AUTO3384,Bird3384,2,Owl,Black,Sold,False
AUTO3385,Bird3385,23,Cockatiel,White,Sold,True
AUTO3386,Bird3386,8,Eagle,Green,In Aviary,True
AUTO3387,Bird3387,9,Cockatiel,Green,In Aviary,True
AUTO3388,Bird3388,2,Parrot,Green,In Aviary,False
AUTO3389,Bird3389,3,Eagle,Green,In Aviary,True
AUTO3390,Bird3390,12,Finch,Red,Quarantine,True
AUTO3391,Bird3391,1,Finch,Green,In Aviary,True
AUTO3392,Bird3392,8,Finch,Green,Sold,True
AUTO3393,Bird3393,23,Parrot,Black,Quarantine,False
AUTO3394,Bird3394,17,Owl,Yellow,Sold,False
AUTO3395,Bird3395,24,Parrot,Red,Quarantine,False
AUTO3396,Bird3396,10,Finch,White,Quarantine,False
AUTO3397,Bird3397,12,Cockatiel,Black,Quarantine,True
AUTO3398,Bird3398,18,Cockatiel,Black,Sold,False
AUTO3399,Bird3399,20,Cockatiel,White,In Aviary,False
AUTO3400,Bird3400,11,Finch,Red,Sold,False
AUTO3401,Bird3401,21,Cockatiel,Yellow,Quarantine,False
AUTO3402,Bird3402,16,Owl,Black,Sold,True
AUTO3403,Bird3403,20,Owl,Red,Sold,True
AUTO3404,Bird3404,3,Eagle,Black,Sold,False
AUTO3405,Bird3405,14,Finch,Black,Sold,True
AUTO3406,Bird3406,6,Parrot,Red,Sold,True
AUTO3407,Bird3407,5,Owl,Blue,Sold,False
AUTO3408,Bird3408,8,Eagle,Green,Quarantine,True
AUTO3409,Bird3409,7,Eagle,Yellow,Quarantine,True
AUTO3410,Bird3410,18,Parrot,Blue,In Aviary,True
AUTO3411,Bird3411,7,Parrot,Red,Quarantine,True
AUTO3412,Bird3412,16,Cockatiel,Blue,Quarantine,False
AUTO3413,Bird3413,2,Finch,White,In Aviary,True
AUTO3414,Bird3414,12,Parrot,White,Sold,False
AUTO3415,Bird3415,19,Parrot,White,In Aviary,True
AUTO3416,Bird3416,8,Eagle,Red,Quarantine,False
AUTO3417,Bird3417,20,Cockatiel,Black,Sold,False
AUTO3418,Bird3418,6,Parrot,Red,Quarantine,True
AUTO3419,Bird3419,5,Parrot,Red,Sold,False
AUTO3420,Bird3420,17,Eagle,Yellow,In Aviary,True
AUTO3421,Bird3421,24,Eagle,White,Sold,False
AUTO3422,Bird3422,16,Finch,White,Quarantine,True
AUTO3423,Bird3423,9,Cockatiel,Red,In Aviary,True
AUTO3424,Bird3424,2,Cockatiel,Black,Sold,False
AUTO3425,Bird3425,13,Owl,White,In Aviary,True
AUTO3426,Bird3426,24,Eagle,Red,In Aviary,True
AUTO3427,Bird3427,19,Cockatiel,Black,In Aviary,True
AUTO3428,Bird3428,8,Finch,Green,Quarantine,True
AUTO3429,Bird3429,12,Eagle,Green,Quarantine,False
AUTO3430,Bird3430,13,Cockatiel,Green,In Aviary,True
AUTO3431,Bird3431,6,Parrot,White,In Aviary,True
AUTO3432,Bird3432,13,Parrot,Blue,In Aviary,True
AUTO3433,Bird3433,12,Cockatiel,White,Quarantine,False
AUTO3434,Bird3434,23,Cockatiel,Yellow,In Aviary,False
AUTO3435,Bird3435,6,Parrot,Black,Sold,True
AUTO3436,Bird3436,9,Finch,Red,Quarantine,True
AUTO3437,Bird3437,7,Parrot,Red,In Aviary,False
AUTO3438,Bird3438,7,Finch,Blue,In Aviary,False
AUTO3439,Bird3439,6,Finch,Blue,In Aviary,False
AUTO3440,Bird3440,23,Owl,Blue,In Aviary,True
AUTO3441,Bird3441,3,Cockatiel,Blue,In Aviary,True
AUTO3442,Bird3442,18,Parrot,Green,Quarantine,False
AUTO3443,Bird3443,23,Finch,Red,Sold,False
AUTO3444,Bird3444,17,Eagle,White,Sold,False
AUTO3445,Bird3445,11,Cockatiel,Red,Quarantine,True
AUTO3446,Bird3446,3,Parrot,Green,Quarantine,True
AUTO3447,Bird3447,16,Owl,White,In Aviary,False
AUTO3448,Bird3448,17,Parrot,Yellow,Quarantine,False
AUTO3449,Bird3449,5,Eagle,Green,Sold,True
AUTO3450,Bird3450,16,Parrot,Yellow,Quarantine,False
AUTO3451,Bird3451,2,Eagle,Green,Quarantine,True
AUTO3452,Bird3452,5,Cockatiel,Black,Sold,False
AUTO3453,Bird3453,17,Owl,White,Sold,False
AUTO3454,Bird3454,18,Owl,Green,Quarantine,False
AUTO3455,Bird3455,14,Finch,Black,Quarantine,False
AUTO3456,Bird3456,21,Parrot,Black,Quarantine,True
AUTO3457,Bird3457,8,Cockatiel,Blue,Quarantine,False
AUTO3458,Bird3458,14,Finch,Green,Sold,True
AUTO3459,Bird3459,4,Parrot,White,Sold,False
AUTO3460,Bird3460,12,Finch,Red,In Aviary,True
AUTO3461,Bird3461,18,Cockatiel,Green,Sold,False
AUTO3462,Bird3462,22,Owl,White,Quarantine,True
AUTO3463,Bird3463,5,Owl,White,Quarantine,True
AUTO3464,Bird3464,5,Eagle,Red,Quarantine,False
AUTO3465,Bird3465,23,Parrot,Yellow,In Aviary,True
AUTO3466,Bird3466,16,Parrot,Red,Quarantine,False
AUTO3467,Bird3467,7,Cockatiel,Yellow,Sold,False
AUTO3468,Bird3468,8,Owl,Green,Quarantine,True
AUTO3469,Bird3469,20,Owl,Black,In Aviary,True
AUTO3470,Bird3470,9,Owl,White,Sold,True
AUTO3471,Bird3471,3,Parrot,Black,In Aviary,False
AUTO3472,Bird3472,4,Cockatiel,Yellow,In Aviary,True
AUTO3473,Bird3473,10,Finch,Yellow,Sold,True
AUTO3474,Bird3474,23,Finch,Green,In Aviary,True
AUTO3475,Bird3475,10,Finch,Green,In Aviary,True
AUTO3476,Bird3476,12,Finch,Yellow,Sold,True
AUTO3477,Bird3477,21,Parrot,Blue,Sold,True
AUTO3478,Bird3478,9,Finch,Black,In Aviary,False
AUTO3479,Bird3479,9,Parrot,White,In Aviary,False
AUTO3480,Bird3480,1,Owl,Black,Sold,True
AUTO3481,Bird3481,7,Eagle,Yellow,In Aviary,False
AUTO3482,Bird3482,6,Eagle,Green,In Aviary,True
AUTO3483,Bird3483,16,Owl,White,Sold,False
AUTO3484,Bird3484,11,Finch,Black,In Aviary,True
AUTO3485,Bird3485,4,Parrot,Yellow,In Aviary,True
AUTO3486,Bird3486,17,Eagle,Black,Quarantine,False
AUTO3487,Bird3487,11,Cockatiel,Red,Sold,False
AUTO3488,Bird3488,18,Parrot,Black,In Aviary,True
AUTO3489,Bird3489,18,Cockatiel,Black,Quarantine,True
AUTO3490,Bird3490,3,Finch,Yellow,Quarantine,True
AUTO3491,Bird3491,20,Parrot,Black,Quarantine,False
AUTO3492,Bird3492,6,Owl,Red,Quarantine,True
AUTO3493,Bird3493,16,Eagle,Red,Quarantine,False
AUTO3494,Bird3494,2,Eagle,Blue,In Aviary,False
AUTO3495,Bird3495,23,Cockatiel,Yellow,Sold,True
AUTO3496,Bird3496,1,Cockatiel,Blue,Quarantine,False
AUTO3497,Bird3497,13,Parrot,Black,Sold,False
AUTO3498,Bird3498,6,Owl,Yellow,In Aviary,True
AUTO3499,Bird3499,14,Parrot,Red,In Aviary,True
AUTO3500,Bird3500,16,Eagle,Yellow,Sold,False
AUTO3501,Bird3501,6,Eagle,Red,Sold,True
AUTO3502,Bird3502,15,Finch,Green,Quarantine,False
AUTO3503,Bird3503,19,Owl,White,Sold,False
AUTO3504,Bird3504,4,Finch,Yellow,Quarantine,False
AUTO3505,Bird3505,12,Eagle,Yellow,In Aviary,True
AUTO3506,Bird3506,20,Eagle,Black,In Aviary,False
AUTO3507,Bird3507,14,Cockatiel,White,In Aviary,True
AUTO3508,Bird3508,14,Finch,Yellow,In Aviary,True
AUTO3509,Bird3509,18,Finch,White,Sold,True
AUTO3510,Bird3510,14,Cockatiel,Red,In Aviary,True
AUTO3511,Bird3511,9,Eagle,Black,Quarantine,True
AUTO3512,Bird3512,9,Parrot,Green,Quarantine,True
AUTO3513,Bird3513,13,Finch,Green,Sold,True
AUTO3514,Bird3514,11,Cockatiel,Green,Quarantine,False
AUTO3515,Bird3515,24,Owl,Red,Sold,False
AUTO3516,Bird3516,13,Owl,White,Sold,False
AUTO3517,Bird3517,21,Finch,White,Sold,True
AUTO3518,Bird3518,16,Eagle,Yellow,In Aviary,True
AUTO3519,Bird3519,7,Eagle,Black,Sold,True
AUTO3520,Bird3520,12,Parrot,Blue,Quarantine,True
AUTO3521,Bird3521,10,Finch,White,Quarantine,True
AUTO3522,Bird3522,1,Parrot,Green,In Aviary,True
AUTO3523,Bird3523,6,Eagle,Red,In Aviary,True
AUTO3524,Bird3524,19,Owl,Black,Sold,False
AUTO3525,Bird3525,10,Eagle,Yellow,In Aviary,True
AUTO3526,Bird3526,5,Eagle,White,In Aviary,True
AUTO3527,Bird3527,16,Finch,Red,Sold,False
AUTO3528,Bird3528,21,Owl,Red,Quarantine,False
AUTO3529,Bird3529,6,Finch,Yellow,Quarantine,True
AUTO3530,Bird3530,23,Owl,White,In Aviary,False
AUTO3531,Bird3531,24,Finch,Black,In Aviary,True
AUTO3532,Bird3532,16,Owl,Yellow,In Aviary,False
AUTO3533,Bird3533,7,Finch,Yellow,Quarantine,False
AUTO3534,Bird3534,23,Owl,White,Quarantine,True
AUTO3535,Bird3535,1,Owl,Black,In Aviary,True
AUTO3536,Bird3536,9,Owl,Red,Sold,False
AUTO3537,Bird3537,23,Owl,Blue,In Aviary,False
AUTO3538,Bird3538,2,Finch,Yellow,In Aviary,False
AUTO3539,Bird3539,18,Parrot,Yellow,Sold,True
AUTO3540,Bird3540,12,Finch,Blue,Quarantine,True
AUTO3541,Bird3541,5,Cockatiel,Red,In Aviary,False
AUTO3542,Bird3542,8,Parrot,White,Sold,True
AUTO3543,Bird3543,2,Owl,Green,In Aviary,True
AUTO3544,Bird3544,2,Eagle,White,Quarantine,False
AUTO3545,Bird3545,14,Owl,Blue,In Aviary,True
AUTO3546,Bird3546,17,Parrot,Black,Sold,False
AUTO3547,Bird3547,11,Cockatiel,Blue,In Aviary,True
AUTO3548,Bird3548,1,Parrot,Black,In Aviary,True
AUTO3549,Bird3549,10,Owl,White,Sold,True
AUTO3550,Bird3550,12,Eagle,Black,In Aviary,True
AUTO3551,Bird3551,5,Cockatiel,White,In Aviary,False
AUTO3552,Bird3552,9,Owl,Green,Quarantine,False
AUTO3553,Bird3553,12,Parrot,White,Quarantine,True
AUTO3554,Bird3554,20,Finch,White,In Aviary,True
AUTO3555,Bird3555,14,Parrot,Green,Sold,True
AUTO3556,Bird3556,16,Finch,Red,Quarantine,True
AUTO3557,Bird3557,9,Parrot,Black,Quarantine,True
AUTO3558,Bird3558,2,Owl,Black,Quarantine,True
AUTO3559,Bird3559,20,Owl,Yellow,Quarantine,False
AUTO3560,Bird3560,3,Finch,Black,Quarantine,False
AUTO3561,Bird3561,11,Eagle,Green,In Aviary,True
AUTO3562,Bird3562,10,Eagle,Red,Sold,True
AUTO3563,Bird3563,20,Cockatiel,Green,Sold,False
AUTO3564,Bird3564,12,Cockatiel,White,Quarantine,True
AUTO3565,Bird3565,13,Owl,Blue,In Aviary,False
AUTO3566,Bird3566,13,Eagle,Yellow,In Aviary,True
AUTO3567,Bird3567,10,Owl,Black,Quarantine,False
AUTO3568,Bird3568,7,Eagle,Blue,In Aviary,True
AUTO3569,Bird3569,21,Cockatiel,Blue,Quarantine,False
AUTO3570,Bird3570,19,Cockatiel,Blue,Sold,False
AUTO3571,Bird3571,4,Finch,Blue,Sold,True
AUTO3572,Bird3572,17,Owl,Black,In Aviary,True
AUTO3573,Bird3573,18,Eagle,Blue,Quarantine,True
AUTO3574,Bird3574,20,Eagle,White,Sold,False
AUTO3575,Bird3575,4,Cockatiel,Yellow,Quarantine,True
AUTO3576,Bird3576,3,Owl,Yellow,Sold,False
AUTO3577,Bird3577,19,Cockatiel,Blue,Sold,True
AUTO3578,Bird3578,20,Finch,Red,Quarantine,False
AUTO3579,Bird3579,2,Finch,Yellow,In Aviary,True
AUTO3580,Bird3580,22,Cockatiel,White,In Aviary,False
AUTO3581,Bird3581,5,Finch,White,Quarantine,False
AUTO3582,Bird3582,3,Finch,Green,Sold,True
AUTO3583,Bird3583,10,Owl,White,Sold,True
AUTO3584,Bird3584,2,Parrot,Red,Sold,False
AUTO3585,Bird3585,19,Parrot,Red,Sold,True
AUTO3586,Bird3586,14,Cockatiel,Green,Sold,False
AUTO3587,Bird3587,6,Parrot,Red,Quarantine,True
AUTO3588,Bird3588,11,Parrot,Yellow,Quarantine,False
AUTO3589,Bird3589,16,Owl,Black,Quarantine,True
AUTO3590,Bird3590,4,Finch,Blue,Quarantine,True
AUTO3591,Bird3591,7,Eagle,White,Sold,True
AUTO3592,Bird3592,6,Owl,White,Sold,True
AUTO3593,Bird3593,3,Owl,Yellow,Quarantine,False
AUTO3594,Bird3594,10,Cockatiel,White,In Aviary,True
AUTO3595,Bird3595,15,Finch,Green,Quarantine,False
AUTO3596,Bird3596,11,Cockatiel,Black,In Aviary,True
AUTO3597,Bird3597,8,Owl,Blue,Sold,False
AUTO3598,Bird3598,10,Eagle,Black,In Aviary,False
AUTO3599,Bird3599,3,Cockatiel,Yellow,Quarantine,True
AUTO3600,Bird3600,8,Finch,Blue,In Aviary,False
AUTO3601,Bird3601,16,Owl,White,In Aviary,True
AUTO3602,Bird3602,20,Owl,Green,Sold,False
AUTO3603,Bird3603,5,Eagle,Blue,Sold,True
AUTO3604,Bird3604,11,Cockatiel,Yellow,Quarantine,False
AUTO3605,Bird3605,19,Owl,White,Sold,True
AUTO3606,Bird3606,16,Owl,Black,In Aviary,False
AUTO3607,Bird3607,8,Eagle,White,Sold,True
AUTO3608,Bird3608,1,Owl,Green,In Aviary,False
AUTO3609,Bird3609,15,Owl,Red,Sold,True
AUTO3610,Bird3610,19,Parrot,Black,Sold,True
AUTO3611,Bird3611,23,Cockatiel,Blue,Sold,True
AUTO3612,Bird3612,18,Eagle,Blue,Quarantine,True
AUTO3613,Bird3613,15,Owl,Red,Sold,True
AUTO3614,Bird3614,1,Cockatiel,Green,In Aviary,False
AUTO3615,Bird3615,11,Cockatiel,Yellow,In Aviary,False
AUTO3616,Bird3616,10,Cockatiel,Black,Sold,False
AUTO3617,Bird3617,10,Finch,Red,Quarantine,False
AUTO3618,Bird3618,9,Cockatiel,Black,Sold,True
AUTO3619,Bird3619,9,Cockatiel,Blue,In Aviary,False
AUTO3620,Bird3620,16,Cockatiel,Green,In Aviary,False
AUTO3621,Bird3621,11,Cockatiel,Red,In Aviary,True
AUTO3622,Bird3622,11,Eagle,Yellow,In Aviary,True
AUTO3623,Bird3623,13,Owl,Red,Sold,False
AUTO3624,Bird3624,10,Cockatiel,Green,In Aviary,True
AUTO3625,Bird3625,4,Parrot,Green,Sold,True
AUTO3626,Bird3626,7,Owl,White,In Aviary,False
AUTO3627,Bird3627,10,Parrot,Blue,Sold,True
AUTO3628,Bird3628,12,Eagle,Blue,In Aviary,True
AUTO3629,Bird3629,14,Finch,Yellow,In Aviary,False
AUTO3630,Bird3630,13,Parrot,White,Quarantine,False
AUTO3631,Bird3631,3,Eagle,Red,Sold,False
AUTO3632,Bird3632,19,Cockatiel,Blue,In Aviary,True
AUTO3633,Bird3633,3,Cockatiel,White,Sold,False
AUTO3634,Bird3634,22,Eagle,Red,Quarantine,True
AUTO3635,Bird3635,23,Eagle,Black,Quarantine,True
AUTO3636,Bird3636,18,Parrot,Blue,In Aviary,True
AUTO3637,Bird3637,24,Finch,Green,Quarantine,False
AUTO3638,Bird3638,18,Owl,Red,Sold,True
AUTO3639,Bird3639,16,Parrot,Red,Sold,False
AUTO3640,Bird3640,10,Finch,White,Sold,True
AUTO3641,Bird3641,9,Owl,Blue,Quarantine,False
AUTO3642,Bird3642,16,Owl,Black,Quarantine,False
AUTO3643,Bird3643,2,Owl,Green,In Aviary,False
AUTO3644,Bird3644,17,Finch,Blue,Quarantine,False
AUTO3645,Bird3645,19,Eagle,Red,Quarantine,False
AUTO3646,Bird3646,10,Finch,White,Sold,True
AUTO3647,Bird3647,4,Eagle,White,Quarantine,False
AUTO3648,Bird3648,24,Parrot,Red,Sold,True
AUTO3649,Bird3649,21,Cockatiel,Yellow,Sold,True
AUTO3650,Bird3650,23,Parrot,Blue,In Aviary,False
AUTO3651,Bird3651,12,Finch,Yellow,Quarantine,True
AUTO3652,Bird3652,4,Parrot,White,Sold,True
AUTO3653,Bird3653,22,Finch,Black,In Aviary,False
AUTO3654,Bird3654,8,Finch,Blue,In Aviary,False
AUTO3655,Bird3655,6,Owl,Red,Quarantine,True
AUTO3656,Bird3656,1,Owl,Black,In Aviary,False
AUTO3657,Bird3657,24,Parrot,Green,In Aviary,False
AUTO3658,Bird3658,3,Finch,Black,Quarantine,True
AUTO3659,Bird3659,3,Finch,Red,Sold,False
AUTO3660,Bird3660,22,Owl,Blue,Quarantine,True
AUTO3661,Bird3661,12,Eagle,Green,Quarantine,True
AUTO3662,Bird3662,18,Finch,Yellow,Sold,False
AUTO3663,Bird3663,21,Owl,Blue,Sold,True
AUTO3664,Bird3664,5,Cockatiel,Red,Sold,True
AUTO3665,Bird3665,11,Parrot,Red,In Aviary,True
AUTO3666,Bird3666,9,Cockatiel,Green,Sold,True
AUTO3667,Bird3667,24,Parrot,Red,Quarantine,True
AUTO3668,Bird3668,11,Cockatiel,Black,Quarantine,True
AUTO3669,Bird3669,7,Eagle,White,In Aviary,False
AUTO3670,Bird3670,20,Parrot,White,Quarantine,True
AUTO3671,Bird3671,21,Owl,Black,Quarantine,False
AUTO3672,Bird3672,16,Finch,White,In Aviary,False
AUTO3673,Bird3673,6,Parrot,Yellow,In Aviary,False
AUTO3674,Bird3674,21,Finch,Yellow,In Aviary,True
AUTO3675,Bird3675,16,Eagle,Yellow,In Aviary,False
AUTO3676,Bird3676,7,Eagle,Green,In Aviary,False
AUTO3677,Bird3677,9,Parrot,White,Quarantine,False
AUTO3678,Bird3678,10,Cockatiel,Red,Quarantine,False
AUTO3679,Bird3679,10,Eagle,Blue,In Aviary,False
AUTO3680,Bird3680,16,Cockatiel,Yellow,Quarantine,True
AUTO3681,Bird3681,14,Owl,Green,Quarantine,False
AUTO3682,Bird3682,1,Eagle,Black,Sold,False
AUTO3683,Bird3683,4,Owl,Red,In Aviary,False
AUTO3684,Bird3684,13,Eagle,Yellow,In Aviary,True
AUTO3685,Bird3685,10,Parrot,White,In Aviary,False
AUTO3686,Bird3686,18,Owl,White,In Aviary,False
AUTO3687,Bird3687,5,Parrot,Red,Sold,True
AUTO3688,Bird3688,13,Finch,Red,In Aviary,True
AUTO3689,Bird3689,22,Owl,Yellow,Sold,False
AUTO3690,Bird3690,10,Cockatiel,Green,Sold,False
AUTO3691,Bird3691,15,Owl,Blue,Quarantine,False
AUTO3692,Bird3692,24,Cockatiel,White,In Aviary,False
AUTO3693,Bird3693,24,Finch,Red,In Aviary,False
AUTO3694,Bird3694,9,Cockatiel,White,Quarantine,False
AUTO3695,Bird3695,5,Finch,Blue,Sold,True
AUTO3696,Bird3696,2,Owl,Black,Sold,True
AUTO3697,Bird3697,6,Cockatiel,Green,Quarantine,False
AUTO3698,Bird3698,13,Parrot,Green,In Aviary,True
AUTO3699,Bird3699,18,Cockatiel,Red,In Aviary,False
AUTO3700,Bird3700,14,Owl,White,Sold,False
AUTO3701,Bird3701,21,Cockatiel,Blue,In Aviary,True
AUTO3702,Bird3702,10,Parrot,Black,Sold,True
AUTO3703,Bird3703,7,Parrot,Red,Quarantine,False
AUTO3704,Bird3704,11,Eagle,Blue,Sold,False
AUTO3705,Bird3705,20,Cockatiel,White,Quarantine,False
AUTO3706,Bird3706,19,Parrot,Black,Sold,False
AUTO3707,Bird3707,23,Cockatiel,Black,In Aviary,True
AUTO3708,Bird3708,13,Parrot,White,Sold,False
AUTO3709,Bird3709,11,Owl,Yellow,Quarantine,True
AUTO3710,Bird3710,17,Eagle,Black,Sold,False
AUTO3711,Bird3711,11,Parrot,Red,Sold,True
AUTO3712,Bird3712,24,Parrot,Red,Quarantine,True
AUTO3713,Bird3713,16,Finch,Blue,Quarantine,False
AUTO3714,Bird3714,11,Owl,Blue,Quarantine,False
AUTO3715,Bird3715,24,Parrot,Green,In Aviary,False
AUTO3716,Bird3716,21,Finch,Yellow,Sold,False
AUTO3717,Bird3717,9,Cockatiel,Yellow,Quarantine,True
AUTO3718,Bird3718,18,Parrot,Yellow,Sold,True
AUTO3719,Bird3719,5,Owl,Green,Sold,True
AUTO3720,Bird3720,20,Eagle,Yellow,In Aviary,True
AUTO3721,Bird3721,22,Finch,Green,Quarantine,False
AUTO3722,Bird3722,9,Finch,Green,Quarantine,False
AUTO3723,Bird3723,14,Eagle,Red,In Aviary,False
AUTO3724,Bird3724,10,Eagle,Green,Quarantine,False
AUTO3725,Bird3725,5,Finch,White,Quarantine,False
AUTO3726,Bird3726,16,Owl,Blue,Quarantine,True
AUTO3727,Bird3727,3,Parrot,Black,In Aviary,False
AUTO3728,Bird3728,1,Owl,White,In Aviary,False
AUTO3729,Bird3729,19,Finch,Red,Quarantine,False
AUTO3730,Bird3730,21,Parrot,Yellow,Sold,False
AUTO3731,Bird3731,16,Parrot,Red,Sold,True
AUTO3732,Bird3732,5,Finch,Black,Quarantine,False
AUTO3733,Bird3733,15,Eagle,White,In Aviary,True
AUTO3734,Bird3734,2,Parrot,Red,Sold,False
AUTO3735,Bird3735,16,Eagle,Black,In Aviary,False
AUTO3736,Bird3736,4,Cockatiel,Red,Sold,False
AUTO3737,Bird3737,20,Owl,Red,Quarantine,False
AUTO3738,Bird3738,21,Owl,Black,Quarantine,False
AUTO3739,Bird3739,7,Finch,Green,Sold,False
AUTO3740,Bird3740,6,Cockatiel,Blue,Sold,False
AUTO3741,Bird3741,12,Cockatiel,Red,Sold,True
AUTO3742,Bird3742,22,Parrot,Green,Quarantine,False
AUTO3743,Bird3743,8,Cockatiel,Black,In Aviary,True
AUTO3744,Bird3744,1,Cockatiel,White,Sold,True
AUTO3745,Bird3745,16,Cockatiel,Black,Sold,True
AUTO3746,Bird3746,18,Eagle,Black,In Aviary,False
AUTO3747,Bird3747,23,Finch,White,Quarantine,False
AUTO3748,Bird3748,19,Finch,White,In Aviary,True
AUTO3749,Bird3749,6,Finch,Yellow,In Aviary,True
AUTO3750,Bird3750,19,Finch,Yellow,Quarantine,False
AUTO3751,Bird3751,11,Eagle,White,Quarantine,True
AUTO3752,Bird3752,24,Eagle,White,In Aviary,True
AUTO3753,Bird3753,7,Owl,Black,Quarantine,True
AUTO3754,Bird3754,11,Parrot,Yellow,Sold,False
AUTO3755,Bird3755,22,Owl,Green,In Aviary,True
AUTO3756,Bird3756,11,Finch,Black,Quarantine,False
AUTO3757,Bird3757,11,Cockatiel,White,Sold,False
AUTO3758,Bird3758,21,Parrot,Green,Quarantine,False
AUTO3759,Bird3759,17,Owl,Red,Sold,False
AUTO3760,Bird3760,4,Eagle,Green,Quarantine,True
AUTO3761,Bird3761,18,Owl,Red,Sold,False
AUTO3762,Bird3762,4,Parrot,White,In Aviary,False
AUTO3763,Bird3763,9,Cockatiel,Black,Sold,True
AUTO3764,Bird3764,21,Parrot,Black,Quarantine,False
AUTO3765,Bird3765,2,Owl,Green,In Aviary,True
AUTO3766,Bird3766,18,Cockatiel,White,In Aviary,True
AUTO3767,Bird3767,7,Owl,White,In Aviary,True
AUTO3768,Bird3768,9,Finch,Red,Sold,False
AUTO3769,Bird3769,17,Finch,Blue,Sold,True
AUTO3770,Bird3770,6,Eagle,Green,Quarantine,True
AUTO3771,Bird3771,8,Eagle,Red,Sold,False
AUTO3772,Bird3772,12,Owl,Yellow,Quarantine,True
AUTO3773,Bird3773,22,Finch,Green,Quarantine,False
AUTO3774,Bird3774,23,Eagle,Red,In Aviary,False
AUTO3775,Bird3775,22,Parrot,Yellow,Sold,True
AUTO3776,Bird3776,13,Finch,Black,Sold,False
AUTO3777,Bird3777,16,Parrot,White,Sold,False
AUTO3778,Bird3778,17,Finch,Yellow,In Aviary,True
AUTO3779,Bird3779,5,Owl,White,In Aviary,True
AUTO3780,Bird3780,11,Eagle,Green,Quarantine,False
AUTO3781,Bird3781,12,Cockatiel,Blue,Sold,True
AUTO3782,Bird3782,15,Finch,White,In Aviary,False
AUTO3783,Bird3783,2,Owl,Blue,Quarantine,True
AUTO3784,Bird3784,15,Cockatiel,Yellow,In Aviary,True
AUTO3785,Bird3785,11,Owl,Yellow,In Aviary,False
AUTO3786,Bird3786,9,Cockatiel,Black,Sold,True
AUTO3787,Bird3787,20,Parrot,Green,Quarantine,False
AUTO3788,Bird3788,21,Eagle,Green,In Aviary,True
AUTO3789,Bird3789,15,Finch,Yellow,Quarantine,True
AUTO3790,Bird3790,17,Finch,Black,Sold,True
AUTO3791,Bird3791,24,Owl,Black,Sold,False
AUTO3792,Bird3792,17,Eagle,Black,Sold,False
AUTO3793,Bird3793,14,Parrot,Green,Quarantine,False
AUTO3794,Bird3794,17,Parrot,Green,Quarantine,True
AUTO3795,Bird3795,15,Eagle,Yellow,In Aviary,True
AUTO3796,Bird3796,10,Finch,Red,Sold,True
AUTO3797,Bird3797,12,Eagle,Blue,Sold,True
AUTO3798,Bird3798,2,Owl,Blue,Sold,True
AUTO3799,Bird3799,3,Owl,Red,In Aviary,False
AUTO3800,Bird3800,16,Finch,Yellow,Sold,False
AUTO3801,Bird3801,19,Cockatiel,Blue,Sold,True
AUTO3802,Bird3802,2,Eagle,Blue,Quarantine,False
AUTO3803,Bird3803,23,Eagle,Yellow,Quarantine,False
AUTO3804,Bird3804,11,Cockatiel,Red,Quarantine,False
AUTO3805,Bird3805,12,Cockatiel,White,In Aviary,False
AUTO3806,Bird3806,15,Eagle,Yellow,Sold,False
AUTO3807,Bird3807,18,Owl,White,Sold,True
AUTO3808,Bird3808,9,Parrot,Blue,Sold,True
AUTO3809,Bird3809,22,Eagle,Black,In Aviary,False
AUTO3810,Bird3810,4,Finch,Blue,Sold,False
AUTO3811,Bird3811,4,Finch,Blue,In Aviary,True
AUTO3812,Bird3812,21,Parrot,White,Sold,True
AUTO3813,Bird3813,10,Owl,Blue,Quarantine,False
AUTO3814,Bird3814,7,Parrot,Green,Sold,False
AUTO3815,Bird3815,18,Cockatiel,Blue,Sold,True
AUTO3816,Bird3816,2,Owl,White,In Aviary,True
AUTO3817,Bird3817,12,Parrot,Yellow,Sold,False
AUTO3818,Bird3818,5,Finch,Blue,Quarantine,True
AUTO3819,Bird3819,8,Finch,White,In Aviary,False
AUTO3820,Bird3820,21,Eagle,Black,In Aviary,False
AUTO3821,Bird3821,12,Finch,Black,Sold,False
AUTO3822,Bird3822,21,Eagle,Blue,Quarantine,True
AUTO3823,Bird3823,2,Eagle,Black,Quarantine,False
AUTO3824,Bird3824,24,Eagle,Green,Sold,True
AUTO3825,Bird3825,12,Cockatiel,Black,Quarantine,True
AUTO3826,Bird3826,10,Cockatiel,Green,Sold,False
AUTO3827,Bird3827,1,Finch,Black,In Aviary,True
AUTO3828,Bird3828,9,Finch,Blue,Sold,False
AUTO3829,Bird3829,3,Owl,Green,Quarantine,False
AUTO3830,Bird3830,9,Cockatiel,Green,Sold,False
AUTO3831,Bird3831,23,Finch,Black,Quarantine,False
AUTO3832,Bird3832,16,Finch,Green,Sold,False
AUTO3833,Bird3833,3,Owl,Blue,Sold,True
AUTO3834,Bird3834,24,Owl,Black,In Aviary,False
AUTO3835,Bird3835,12,Finch,Red,Sold,True
AUTO3836,Bird3836,15,Parrot,Green,Quarantine,True
AUTO3837,Bird3837,19,Parrot,Yellow,In Aviary,True
AUTO3838,Bird3838,23,Cockatiel,Blue,Sold,False
AUTO3839,Bird3839,7,Owl,Black,In Aviary,False
AUTO3840,Bird3840,14,Eagle,White,Sold,False
AUTO3841,Bird3841,4,Eagle,Blue,In Aviary,False
AUTO3842,Bird3842,6,Eagle,Yellow,Sold,False
AUTO3843,Bird3843,11,Owl,Red,Sold,False
AUTO3844,Bird3844,2,Eagle,Green,Sold,False
AUTO3845,Bird3845,3,Parrot,Blue,In Aviary,True
AUTO3846,Bird3846,15,Cockatiel,Red,Sold,False
AUTO3847,Bird3847,12,Finch,Yellow,Quarantine,True
AUTO3848,Bird3848,18,Owl,Red,Quarantine,False
AUTO3849,Bird3849,1,Parrot,Green,In Aviary,False
AUTO3850,Bird3850,23,Cockatiel,Black,Quarantine,False
AUTO3851,Bird3851,7,Owl,Red,Sold,True
AUTO3852,Bird3852,11,Parrot,Green,Quarantine,True
AUTO3853,Bird3853,18,Eagle,White,In Aviary,True
AUTO3854,Bird3854,5,Cockatiel,Yellow,In Aviary,False
AUTO3855,Bird3855,2,Owl,Black,Sold,False
AUTO3856,Bird3856,9,Parrot,Yellow,Sold,False
AUTO3857,Bird3857,16,Cockatiel,Black,Sold,True
AUTO3858,Bird3858,9,Owl,Black,Quarantine,True
AUTO3859,Bird3859,9,Owl,Yellow,In Aviary,False
AUTO3860,Bird3860,8,Parrot,White,Sold,False
AUTO3861,Bird3861,16,Finch,Red,In Aviary,True
AUTO3862,Bird3862,18,Finch,Blue,In Aviary,True
AUTO3863,Bird3863,18,Eagle,Red,Quarantine,False
AUTO3864,Bird3864,4,Parrot,Red,Quarantine,False
AUTO3865,Bird3865,17,Owl,Green,In Aviary,True
AUTO3866,Bird3866,6,Parrot,Yellow,Sold,True
AUTO3867,Bird3867,1,Cockatiel,Green,Quarantine,False
AUTO3868,Bird3868,15,Parrot,Blue,Quarantine,True
AUTO3869,Bird3869,17,Cockatiel,Red,In Aviary,False
AUTO3870,Bird3870,15,Cockatiel,Green,Sold,True
AUTO3871,Bird3871,16,Owl,Black,In Aviary,True
AUTO3872,Bird3872,3,Finch,Yellow,Sold,True
AUTO3873,Bird3873,11,Owl,White,Quarantine,True
AUTO3874,Bird3874,24,Cockatiel,Black,Quarantine,True
AUTO3875,Bird3875,23,Finch,Green,Quarantine,True
AUTO3876,Bird3876,21,Parrot,White,Sold,True
AUTO3877,Bird3877,19,Parrot,Blue,Quarantine,False
AUTO3878,Bird3878,3,Parrot,Green,Quarantine,True
AUTO3879,Bird3879,3,Eagle,Yellow,Sold,True
AUTO3880,Bird3880,23,Cockatiel,Green,In Aviary,False
AUTO3881,Bird3881,20,Finch,White,Sold,False
AUTO3882,Bird3882,4,Eagle,Black,Sold,False
AUTO3883,Bird3883,20,Cockatiel,Yellow,Quarantine,True
AUTO3884,Bird3884,3,Eagle,Red,Sold,False
AUTO3885,Bird3885,22,Owl,Red,Quarantine,False
AUTO3886,Bird3886,15,Parrot,Red,Quarantine,False
AUTO3887,Bird3887,23,Eagle,Green,Quarantine,False
AUTO3888,Bird3888,24,Finch,Black,Sold,False
AUTO3889,Bird3889,23,Cockatiel,Blue,In Aviary,True
AUTO3890,Bird3890,8,Parrot,White,Quarantine,False
AUTO3891,Bird3891,1,Finch,Green,Quarantine,False
AUTO3892,Bird3892,17,Parrot,Red,Quarantine,True
AUTO3893,Bird3893,11,Finch,Green,Sold,False
AUTO3894,Bird3894,23,Cockatiel,White,In Aviary,True
AUTO3895,Bird3895,6,Cockatiel,Black,Sold,True
AUTO3896,Bird3896,17,Parrot,Yellow,In Aviary,True
AUTO3897,Bird3897,21,Parrot,Green,Sold,False
AUTO3898,Bird3898,7,Eagle,White,In Aviary,True
AUTO3899,Bird3899,10,Eagle,Yellow,Sold,True
AUTO3900,Bird3900,21,Eagle,Yellow,Quarantine,True
AUTO3901,Bird3901,6,Owl,Blue,Quarantine,True
AUTO3902,Bird3902,6,Eagle,Red,Sold,True
AUTO3903,Bird3903,21,Finch,Red,Sold,True
AUTO3904,Bird3904,21,Cockatiel,Yellow,Quarantine,True
AUTO3905,Bird3905,22,Owl,Blue,In Aviary,False
AUTO3906,Bird3906,6,Parrot,Blue,Quarantine,False
AUTO3907,Bird3907,21,Eagle,White,Quarantine,True
AUTO3908,Bird3908,17,Owl,Black,Sold,True
AUTO3909,Bird3909,22,Cockatiel,Blue,In Aviary,True
AUTO3910,Bird3910,3,Cockatiel,Yellow,Sold,True
AUTO3911,Bird3911,15,Cockatiel,Yellow,In Aviary,True
AUTO3912,Bird3912,22,Finch,Black,Quarantine,True
AUTO3913,Bird3913,20,Finch,Black,In Aviary,False
AUTO3914,Bird3914,2,Owl,Black,In Aviary,True
AUTO3915,Bird3915,18,Finch,Black,Quarantine,False
AUTO3916,Bird3916,15,Eagle,Green,In Aviary,False
AUTO3917,Bird3917,12,Eagle,Blue,In Aviary,True
AUTO3918,Bird3918,7,Cockatiel,Blue,Sold,False
AUTO3919,Bird3919,19,Eagle,Blue,Quarantine,False
AUTO3920,Bird3920,2,Eagle,Yellow,Sold,True
AUTO3921,Bird3921,1,Parrot,White,Sold,True
AUTO3922,Bird3922,11,Finch,Yellow,Quarantine,True
AUTO3923,Bird3923,3,Owl,White,Quarantine,False
AUTO3924,Bird3924,23,Finch,Red,Quarantine,False
AUTO3925,Bird3925,18,Finch,Black,Quarantine,True
AUTO3926,Bird3926,19,Parrot,Red,Quarantine,False
AUTO3927,Bird3927,15,Cockatiel,Black,Sold,True
AUTO3928,Bird3928,8,Cockatiel,White,Sold,True
AUTO3929,Bird3929,4,Owl,Green,Quarantine,False
AUTO3930,Bird3930,24,Cockatiel,Yellow,Sold,True
AUTO3931,Bird3931,24,Cockatiel,Black,Quarantine,False
AUTO3932,Bird3932,24,Eagle,Blue,Sold,True
AUTO3933,Bird3933,2,Owl,Yellow,In Aviary,False
AUTO3934,Bird3934,22,Eagle,Blue,In Aviary,True
AUTO3935,Bird3935,20,Parrot,Blue,Quarantine,False
AUTO3936,Bird3936,11,Parrot,Red,Quarantine,True
AUTO3937,Bird3937,11,Finch,White,Quarantine,True
AUTO3938,Bird3938,10,Finch,White,Quarantine,True
AUTO3939,Bird3939,23,Parrot,Black,Sold,False
AUTO3940,Bird3940,16,Eagle,Red,Quarantine,False
AUTO3941,Bird3941,5,Parrot,White,Quarantine,True
AUTO3942,Bird3942,10,Finch,Blue,Quarantine,True
AUTO3943,Bird3943,15,Finch,Black,Quarantine,False
AUTO3944,Bird3944,24,Cockatiel,White,Quarantine,False
AUTO3945,Bird3945,19,Cockatiel,White,Quarantine,True
AUTO3946,Bird3946,10,Finch,Green,Sold,False
AUTO3947,Bird3947,9,Cockatiel,Yellow,Quarantine,True
AUTO3948,Bird3948,1,Eagle,Blue,Sold,True
AUTO3949,Bird3949,17,Owl,Red,Sold,False
AUTO3950,Bird3950,6,Parrot,White,In Aviary,False
AUTO3951,Bird3951,12,Eagle,Green,Quarantine,True
AUTO3952,Bird3952,17,Parrot,Black,In Aviary,False
AUTO3953,Bird3953,9,Parrot,Blue,Sold,False
AUTO3954,Bird3954,22,Eagle,Yellow,In Aviary,False
AUTO3955,Bird3955,10,Eagle,Black,Sold,False
AUTO3956,Bird3956,16,Owl,White,In Aviary,False
AUTO3957,Bird3957,14,Owl,Green,Sold,True
AUTO3958,Bird3958,21,Cockatiel,Blue,Sold,False
AUTO3959,Bird3959,11,Cockatiel,Black,Sold,False
AUTO3960,Bird3960,14,Cockatiel,Green,In Aviary,False
AUTO3961,Bird3961,20,Finch,Red,Quarantine,False
AUTO3962,Bird3962,3,Cockatiel,Black,In Aviary,True
AUTO3963,Bird3963,21,Parrot,Black,In Aviary,True
AUTO3964,Bird3964,12,Cockatiel,Black,In Aviary,False
AUTO3965,Bird3965,20,Parrot,White,In Aviary,False
AUTO3966,Bird3966,13,Owl,Green,In Aviary,False
AUTO3967,Bird3967,19,Owl,White,Quarantine,True
AUTO3968,Bird3968,7,Owl,Red,In Aviary,True
AUTO3969,Bird3969,22,Cockatiel,Blue,Sold,True
AUTO3970,Bird3970,9,Cockatiel,Red,In Aviary,False
AUTO3971,Bird3971,24,Finch,Blue,Sold,True
AUTO3972,Bird3972,21,Finch,Blue,Sold,True
AUTO3973,Bird3973,10,Cockatiel,White,In Aviary,False
AUTO3974,Bird3974,23,Eagle,White,Sold,True
AUTO3975,Bird3975,3,Eagle,Red,Quarantine,True
AUTO3976,Bird3976,3,Finch,Green,Sold,False
AUTO3977,Bird3977,16,Parrot,Black,Sold,True
AUTO3978,Bird3978,3,Cockatiel,Yellow,Sold,True
AUTO3979,Bird3979,19,Parrot,Red,Quarantine,True
AUTO3980,Bird3980,6,Parrot,White,In Aviary,False
AUTO3981,Bird3981,18,Cockatiel,Black,In Aviary,True
AUTO3982,Bird3982,8,Finch,White,Sold,True
AUTO3983,Bird3983,23,Parrot,Yellow,In Aviary,False
AUTO3984,Bird3984,11,Finch,Blue,In Aviary,False
AUTO3985,Bird3985,2,Parrot,Green,Sold,True
AUTO3986,Bird3986,18,Owl,Green,Quarantine,False
AUTO3987,Bird3987,17,Cockatiel,Black,In Aviary,False
AUTO3988,Bird3988,1,Parrot,Blue,Sold,False
AUTO3989,Bird3989,12,Eagle,Black,Sold,True
AUTO3990,Bird3990,10,Cockatiel,Green,Sold,False
AUTO3991,Bird3991,20,Owl,Blue,Quarantine,True
AUTO3992,Bird3992,2,Owl,Red,In Aviary,False
AUTO3993,Bird3993,11,Parrot,Red,Sold,False
AUTO3994,Bird3994,13,Eagle,Red,Sold,False
AUTO3995,Bird3995,21,Eagle,Black,Quarantine,False
AUTO3996,Bird3996,8,Owl,White,Sold,False
AUTO3997,Bird3997,9,Cockatiel,Red,Quarantine,True
AUTO3998,Bird3998,1,Eagle,Blue,In Aviary,True
AUTO3999,Bird3999,8,Parrot,Black,Quarantine,False
AUTO4000,Bird4000,14,Finch,Green,In Aviary,True
AUTO4001,Bird4001,2,Owl,White,Sold,False
AUTO4002,Bird4002,7,Owl,Green,Sold,True
AUTO4003,Bird4003,16,Finch,Yellow,Sold,True
AUTO4004,Bird4004,24,Parrot,Green,In Aviary,False
AUTO4005,Bird4005,18,Owl,Black,Sold,False
AUTO4006,Bird4006,12,Eagle,Blue,In Aviary,False
AUTO4007,Bird4007,23,Finch,Red,Sold,False
AUTO4008,Bird4008,8,Cockatiel,Red,Quarantine,False
AUTO4009,Bird4009,20,Owl,Blue,Quarantine,False
AUTO4010,Bird4010,10,Cockatiel,Black,Sold,True
AUTO4011,Bird4011,19,Finch,Black,Sold,True
AUTO4012,Bird4012,16,Parrot,Red,In Aviary,False
AUTO4013,Bird4013,4,Parrot,Yellow,Sold,True
AUTO4014,Bird4014,7,Parrot,Blue,Sold,True
AUTO4015,Bird4015,23,Owl,Green,Quarantine,True
AUTO4016,Bird4016,23,Cockatiel,Green,In Aviary,True
AUTO4017,Bird4017,14,Owl,Blue,Sold,False
AUTO4018,Bird4018,14,Finch,White,In Aviary,False
AUTO4019,Bird4019,1,Finch,Red,Quarantine,False
AUTO4020,Bird4020,13,Parrot,Green,Sold,True
AUTO4021,Bird4021,5,Owl,Blue,Sold,True
AUTO4022,Bird4022,3,Eagle,Yellow,Sold,False
AUTO4023,Bird4023,1,Owl,Red,Quarantine,False
AUTO4024,Bird4024,19,Cockatiel,White,Sold,True
AUTO4025,Bird4025,15,Cockatiel,Blue,Sold,False
AUTO4026,Bird4026,12,Finch,Red,Sold,False
AUTO4027,Bird4027,3,Owl,Red,In Aviary,False
AUTO4028,Bird4028,14,Finch,Yellow,In Aviary,True
AUTO4029,Bird4029,4,Cockatiel,Blue,Quarantine,True
AUTO4030,Bird4030,5,Eagle,Yellow,Quarantine,True
AUTO4031,Bird4031,20,Parrot,Black,In Aviary,False
AUTO4032,Bird4032,9,Owl,Yellow,Quarantine,False
AUTO4033,Bird4033,6,Parrot,Blue,Sold,False
AUTO4034,Bird4034,2,Finch,Green,Sold,True
AUTO4035,Bird4035,15,Owl,White,Quarantine,True
AUTO4036,Bird4036,19,Owl,Yellow,Sold,True
AUTO4037,Bird4037,12,Finch,Blue,Quarantine,False
AUTO4038,Bird4038,7,Parrot,White,Sold,True
AUTO4039,Bird4039,8,Finch,Yellow,In Aviary,True
AUTO4040,Bird4040,11,Parrot,Red,Sold,True
AUTO4041,Bird4041,17,Owl,Blue,Sold,False
AUTO4042,Bird4042,11,Finch,White,Sold,False
AUTO4043,Bird4043,14,Cockatiel,Black,Sold,True
AUTO4044,Bird4044,12,Cockatiel,White,In Aviary,True
AUTO4045,Bird4045,1,Eagle,Blue,Quarantine,False
AUTO4046,Bird4046,5,Owl,Black,In Aviary,False
AUTO4047,Bird4047,11,Cockatiel,Yellow,Sold,False
AUTO4048,Bird4048,19,Finch,Blue,Quarantine,False
AUTO4049,Bird4049,9,Finch,Green,Quarantine,False
AUTO4050,Bird4050,21,Parrot,White,Sold,True
AUTO4051,Bird4051,4,Parrot,Red,Quarantine,False
AUTO4052,Bird4052,21,Owl,Black,Sold,False
AUTO4053,Bird4053,10,Finch,Blue,In Aviary,False
AUTO4054,Bird4054,9,Cockatiel,Black,Quarantine,False
AUTO4055,Bird4055,23,Parrot,Black,Sold,False
AUTO4056,Bird4056,21,Finch,Red,Sold,True
AUTO4057,Bird4057,2,Owl,Red,In Aviary,True
AUTO4058,Bird4058,19,Owl,Red,Quarantine,True
AUTO4059,Bird4059,20,Parrot,Blue,Sold,False
AUTO4060,Bird4060,5,Parrot,Blue,Sold,True
AUTO4061,Bird4061,15,Eagle,Black,Sold,False
AUTO4062,Bird4062,22,Cockatiel,Yellow,Sold,True
AUTO4063,Bird4063,5,Finch,White,Sold,False
AUTO4064,Bird4064,9,Cockatiel,Blue,Sold,False
AUTO4065,Bird4065,15,Eagle,White,Sold,True
AUTO4066,Bird4066,18,Owl,Yellow,In Aviary,False
AUTO4067,Bird4067,23,Owl,Yellow,Quarantine,True
AUTO4068,Bird4068,19,Cockatiel,White,Sold,True
AUTO4069,Bird4069,16,Parrot,Black,Quarantine,False
AUTO4070,Bird4070,22,Owl,Red,Sold,False
AUTO4071,Bird4071,18,Parrot,Green,In Aviary,True
AUTO4072,Bird4072,17,Cockatiel,Red,In Aviary,False
AUTO4073,Bird4073,9,Parrot,White,Quarantine,True
AUTO4074,Bird4074,10,Finch,Yellow,In Aviary,False
AUTO4075,Bird4075,21,Owl,Red,In Aviary,False
AUTO4076,Bird4076,8,Parrot,Green,Quarantine,False
AUTO4077,Bird4077,17,Cockatiel,Black,Sold,False
AUTO4078,Bird4078,11,Parrot,Green,In Aviary,False
AUTO4079,Bird4079,14,Owl,Green,Sold,True
AUTO4080,Bird4080,24,Eagle,Yellow,Sold,True
AUTO4081,Bird4081,10,Cockatiel,Green,Sold,False
AUTO4082,Bird4082,15,Parrot,Yellow,In Aviary,False
AUTO4083,Bird4083,19,Eagle,Yellow,In Aviary,False
AUTO4084,Bird4084,21,Finch,Red,Sold,True
AUTO4085,Bird4085,15,Finch,Blue,Quarantine,False
AUTO4086,Bird4086,8,Parrot,Red,Sold,False
AUTO4087,Bird4087,2,Owl,Black,Quarantine,True
AUTO4088,Bird4088,9,Finch,Yellow,Quarantine,False
AUTO4089,Bird4089,12,Eagle,Yellow,In Aviary,False
AUTO4090,Bird4090,18,Owl,White,In Aviary,False
AUTO4091,Bird4091,6,Cockatiel,Yellow,In Aviary,True
AUTO4092,Bird4092,2,Cockatiel,Blue,Sold,False
AUTO4093,Bird4093,17,Eagle,Red,Quarantine,False
AUTO4094,Bird4094,14,Cockatiel,Green,Sold,True
AUTO4095,Bird4095,11,Cockatiel,Red,Sold,True
AUTO4096,Bird4096,17,Cockatiel,Yellow,Sold,True
AUTO4097,Bird4097,24,Cockatiel,White,Sold,False
AUTO4098,Bird4098,12,Parrot,Green,Quarantine,True
AUTO4099,Bird4099,8,Eagle,Red,Sold,False
AUTO4100,Bird4100,13,Cockatiel,Black,Sold,False
AUTO4101,Bird4101,23,Owl,Green,Quarantine,False
AUTO4102,Bird4102,18,Cockatiel,Yellow,Quarantine,False
AUTO4103,Bird4103,8,Finch,Blue,In Aviary,True
AUTO4104,Bird4104,4,Eagle,Blue,In Aviary,False
AUTO4105,Bird4105,2,Cockatiel,Black,In Aviary,False
AUTO4106,Bird4106,23,Parrot,Green,Quarantine,True
AUTO4107,Bird4107,6,Owl,Red,Quarantine,True
AUTO4108,Bird4108,22,Owl,Yellow,Quarantine,True
AUTO4109,Bird4109,20,Owl,Black,Sold,True
AUTO4110,Bird4110,23,Eagle,Black,Quarantine,True
AUTO4111,Bird4111,23,Finch,Green,Quarantine,False
AUTO4112,Bird4112,14,Owl,Red,Sold,False
AUTO4113,Bird4113,5,Parrot,Red,Quarantine,False
AUTO4114,Bird4114,22,Parrot,Green,Sold,True
AUTO4115,Bird4115,12,Finch,Red,Sold,True
AUTO4116,Bird4116,3,Cockatiel,Yellow,Quarantine,False
AUTO4117,Bird4117,4,Owl,White,Quarantine,True
AUTO4118,Bird4118,22,Eagle,Yellow,In Aviary,False
AUTO4119,Bird4119,20,Cockatiel,Green,Sold,False
AUTO4120,Bird4120,15,Eagle,Red,Sold,True
AUTO4121,Bird4121,13,Eagle,Red,Quarantine,True
AUTO4122,Bird4122,6,Parrot,Blue,Quarantine,False
AUTO4123,Bird4123,8,Parrot,Yellow,In Aviary,True
AUTO4124,Bird4124,3,Parrot,Yellow,Quarantine,False
AUTO4125,Bird4125,21,Finch,Blue,Sold,True
AUTO4126,Bird4126,17,Parrot,Blue,In Aviary,False
AUTO4127,Bird4127,15,Parrot,Black,Sold,False
AUTO4128,Bird4128,6,Eagle,Blue,Sold,True
AUTO4129,Bird4129,22,Finch,Yellow,Sold,False
AUTO4130,Bird4130,19,Parrot,Black,In Aviary,False
AUTO4131,Bird4131,2,Eagle,Green,Sold,True
AUTO4132,Bird4132,9,Finch,Red,Quarantine,True
AUTO4133,Bird4133,12,Cockatiel,Blue,In Aviary,False
AUTO4134,Bird4134,19,Eagle,White,In Aviary,True
AUTO4135,Bird4135,9,Finch,Red,In Aviary,True
AUTO4136,Bird4136,22,Eagle,Red,Quarantine,True
AUTO4137,Bird4137,24,Cockatiel,White,Quarantine,False
AUTO4138,Bird4138,8,Finch,Green,Sold,False
AUTO4139,Bird4139,22,Parrot,Red,Quarantine,False
AUTO4140,Bird4140,17,Parrot,Red,Sold,False
AUTO4141,Bird4141,18,Finch,Red,Sold,False
AUTO4142,Bird4142,24,Parrot,White,In Aviary,True
AUTO4143,Bird4143,21,Eagle,Green,In Aviary,True
AUTO4144,Bird4144,16,Eagle,Green,In Aviary,True
AUTO4145,Bird4145,18,Parrot,Green,Quarantine,True
AUTO4146,Bird4146,7,Cockatiel,Yellow,Quarantine,True
AUTO4147,Bird4147,24,Finch,Yellow,Quarantine,False
AUTO4148,Bird4148,17,Finch,Red,In Aviary,False
AUTO4149,Bird4149,13,Cockatiel,Yellow,Sold,True
AUTO4150,Bird4150,15,Eagle,Yellow,Quarantine,False
AUTO4151,Bird4151,19,Eagle,Yellow,Sold,True
AUTO4152,Bird4152,24,Cockatiel,Black,In Aviary,True
AUTO4153,Bird4153,19,Owl,Red,Sold,True
AUTO4154,Bird4154,22,Owl,Green,Quarantine,False
AUTO4155,Bird4155,10,Parrot,Blue,Quarantine,True
AUTO4156,Bird4156,15,Eagle,Yellow,Quarantine,True
AUTO4157,Bird4157,3,Parrot,Black,Sold,False
AUTO4158,Bird4158,1,Eagle,Green,Sold,False
AUTO4159,Bird4159,17,Owl,Yellow,Quarantine,True
AUTO4160,Bird4160,7,Owl,Green,Sold,True
AUTO4161,Bird4161,17,Parrot,Blue,In Aviary,True
AUTO4162,Bird4162,13,Finch,White,In Aviary,True
AUTO4163,Bird4163,21,Cockatiel,Red,In Aviary,False
AUTO4164,Bird4164,9,Parrot,White,In Aviary,True
AUTO4165,Bird4165,23,Parrot,Green,In Aviary,True
AUTO4166,Bird4166,1,Owl,White,In Aviary,False
AUTO4167,Bird4167,6,Cockatiel,Green,Sold,True
AUTO4168,Bird4168,7,Eagle,Red,In Aviary,True
AUTO4169,Bird4169,21,Owl,Blue,In Aviary,False
AUTO4170,Bird4170,20,Owl,Blue,In Aviary,True
AUTO4171,Bird4171,5,Eagle,Red,In Aviary,False
AUTO4172,Bird4172,4,Owl,White,In Aviary,True
AUTO4173,Bird4173,16,Cockatiel,White,Quarantine,False
AUTO4174,Bird4174,1,Owl,Blue,Quarantine,True
AUTO4175,Bird4175,24,Eagle,Green,Quarantine,True
AUTO4176,Bird4176,3,Owl,Blue,Quarantine,True
AUTO4177,Bird4177,3,Finch,Red,In Aviary,False
AUTO4178,Bird4178,10,Finch,Red,In Aviary,True
AUTO4179,Bird4179,1,Cockatiel,Black,Sold,True
AUTO4180,Bird4180,6,Finch,Black,Sold,True
AUTO4181,Bird4181,21,Parrot,Red,Quarantine,True
AUTO4182,Bird4182,21,Cockatiel,Yellow,In Aviary,True
AUTO4183,Bird4183,4,Owl,Yellow,Sold,True
AUTO4184,Bird4184,6,Eagle,Black,In Aviary,False
AUTO4185,Bird4185,20,Finch,White,In Aviary,False
AUTO4186,Bird4186,16,Eagle,Green,In Aviary,True
AUTO4187,Bird4187,14,Finch,Yellow,Quarantine,False
AUTO4188,Bird4188,3,Owl,Yellow,Quarantine,True
AUTO4189,Bird4189,13,Finch,Blue,In Aviary,False
AUTO4190,Bird4190,13,Cockatiel,Green,Quarantine,True
AUTO4191,Bird4191,9,Owl,White,Quarantine,True
AUTO4192,Bird4192,4,Eagle,Blue,Quarantine,True
AUTO4193,Bird4193,3,Owl,White,Quarantine,False
AUTO4194,Bird4194,18,Cockatiel,White,Quarantine,True
AUTO4195,Bird4195,20,Owl,Green,Quarantine,True
AUTO4196,Bird4196,15,Owl,Black,In Aviary,False
AUTO4197,Bird4197,2,Cockatiel,Yellow,Sold,True
AUTO4198,Bird4198,4,Parrot,Yellow,Quarantine,False
AUTO4199,Bird4199,8,Eagle,Black,Quarantine,False
AUTO4200,Bird4200,7,Finch,Blue,In Aviary,True
AUTO4201,Bird4201,10,Parrot,Blue,Quarantine,False
AUTO4202,Bird4202,3,Cockatiel,Green,In Aviary,False
AUTO4203,Bird4203,9,Finch,Yellow,Sold,False
AUTO4204,Bird4204,23,Eagle,Black,Quarantine,True
AUTO4205,Bird4205,2,Owl,Red,Quarantine,False
AUTO4206,Bird4206,13,Parrot,Yellow,In Aviary,False
AUTO4207,Bird4207,17,Owl,White,Sold,False
AUTO4208,Bird4208,4,Eagle,Blue,Sold,True
AUTO4209,Bird4209,15,Parrot,Black,Quarantine,False
AUTO4210,Bird4210,12,Cockatiel,Yellow,In Aviary,False
AUTO4211,Bird4211,8,Parrot,Green,In Aviary,True
AUTO4212,Bird4212,15,Owl,Blue,Quarantine,True
AUTO4213,Bird4213,6,Eagle,White,In Aviary,False
AUTO4214,Bird4214,20,Parrot,Blue,Sold,False
AUTO4215,Bird4215,9,Finch,Black,In Aviary,False
AUTO4216,Bird4216,18,Cockatiel,Black,Sold,False
AUTO4217,Bird4217,21,Owl,White,Sold,True
AUTO4218,Bird4218,3,Parrot,Yellow,Quarantine,True
AUTO4219,Bird4219,13,Eagle,Red,Quarantine,False
AUTO4220,Bird4220,4,Parrot,Yellow,Sold,False
AUTO4221,Bird4221,14,Cockatiel,Red,Sold,True
AUTO4222,Bird4222,16,Cockatiel,Yellow,Sold,True
AUTO4223,Bird4223,21,Owl,Green,Quarantine,False
AUTO4224,Bird4224,24,Owl,Blue,Quarantine,False
AUTO4225,Bird4225,12,Eagle,Black,Quarantine,False
AUTO4226,Bird4226,23,Cockatiel,Green,Quarantine,True
AUTO4227,Bird4227,11,Parrot,White,Quarantine,True
AUTO4228,Bird4228,5,Finch,Green,In Aviary,True
AUTO4229,Bird4229,5,Owl,Black,Sold,True
AUTO4230,Bird4230,12,Owl,Green,In Aviary,False
AUTO4231,Bird4231,9,Cockatiel,Green,Sold,True
AUTO4232,Bird4232,23,Parrot,Red,Sold,False
AUTO4233,Bird4233,6,Eagle,Blue,Quarantine,False
AUTO4234,Bird4234,7,Finch,White,Sold,True
AUTO4235,Bird4235,17,Finch,Blue,Sold,False
AUTO4236,Bird4236,2,Cockatiel,Blue,In Aviary,True
AUTO4237,Bird4237,15,Owl,Red,Quarantine,True
AUTO4238,Bird4238,24,Eagle,Black,In Aviary,True
AUTO4239,Bird4239,4,Parrot,Yellow,Sold,True
AUTO4240,Bird4240,23,Cockatiel,Black,Quarantine,True
AUTO4241,Bird4241,8,Cockatiel,Green,Quarantine,False
AUTO4242,Bird4242,7,Finch,Black,Sold,False
AUTO4243,Bird4243,2,Parrot,Blue,Sold,True
AUTO4244,Bird4244,24,Eagle,Green,Quarantine,True
AUTO4245,Bird4245,22,Eagle,Black,In Aviary,False
AUTO4246,Bird4246,20,Finch,Red,Sold,True
AUTO4247,Bird4247,21,Finch,Blue,Quarantine,False
AUTO4248,Bird4248,7,Finch,Red,Sold,True
AUTO4249,Bird4249,15,Cockatiel,Blue,Sold,True
AUTO4250,Bird4250,23,Parrot,Green,Sold,False
AUTO4251,Bird4251,24,Cockatiel,Black,Quarantine,False
AUTO4252,Bird4252,12,Owl,Black,Sold,True
AUTO4253,Bird4253,13,Parrot,Green,In Aviary,True
AUTO4254,Bird4254,6,Owl,Green,In Aviary,True
AUTO4255,Bird4255,1,Owl,White,In Aviary,True
AUTO4256,Bird4256,10,Parrot,Red,Quarantine,False
AUTO4257,Bird4257,5,Owl,Black,In Aviary,False
AUTO4258,Bird4258,4,Parrot,White,In Aviary,False
AUTO4259,Bird4259,15,Finch,Red,Sold,True
AUTO4260,Bird4260,11,Parrot,Black,Sold,False
AUTO4261,Bird4261,10,Cockatiel,White,Sold,False
AUTO4262,Bird4262,12,Finch,Red,In Aviary,True
AUTO4263,Bird4263,21,Finch,Red,In Aviary,False
AUTO4264,Bird4264,18,Cockatiel,Red,Sold,False
AUTO4265,Bird4265,13,Finch,Blue,Quarantine,True
AUTO4266,Bird4266,10,Parrot,Green,Sold,False
AUTO4267,Bird4267,13,Owl,White,In Aviary,False
AUTO4268,Bird4268,6,Finch,Red,Quarantine,True
AUTO4269,Bird4269,15,Cockatiel,Green,Sold,False
AUTO4270,Bird4270,12,Owl,Green,In Aviary,True
AUTO4271,Bird4271,20,Parrot,Blue,Sold,False
AUTO4272,Bird4272,20,Finch,White,In Aviary,False
AUTO4273,Bird4273,8,Parrot,Black,Quarantine,True
AUTO4274,Bird4274,4,Finch,Yellow,In Aviary,True
AUTO4275,Bird4275,17,Eagle,Black,Quarantine,False
AUTO4276,Bird4276,23,Finch,Green,In Aviary,True
AUTO4277,Bird4277,3,Parrot,Yellow,In Aviary,False
AUTO4278,Bird4278,23,Eagle,Green,Sold,False
AUTO4279,Bird4279,14,Finch,Black,Sold,True
AUTO4280,Bird4280,3,Owl,White,Sold,False
AUTO4281,Bird4281,10,Parrot,Red,Sold,True
AUTO4282,Bird4282,19,Parrot,Black,Sold,False
AUTO4283,Bird4283,2,Parrot,Red,Sold,True
AUTO4284,Bird4284,8,Owl,Black,In Aviary,True
AUTO4285,Bird4285,8,Owl,Yellow,Quarantine,True
AUTO4286,Bird4286,18,Finch,Red,In Aviary,True
AUTO4287,Bird4287,13,Parrot,White,Sold,False
AUTO4288,Bird4288,15,Owl,Black,In Aviary,False
AUTO4289,Bird4289,2,Parrot,White,Quarantine,True
AUTO4290,Bird4290,12,Eagle,Black,Sold,False
AUTO4291,Bird4291,23,Finch,Black,In Aviary,True
AUTO4292,Bird4292,1,Eagle,Black,In Aviary,False
AUTO4293,Bird4293,17,Eagle,White,Quarantine,True
AUTO4294,Bird4294,11,Finch,Black,In Aviary,False
AUTO4295,Bird4295,10,Finch,Yellow,Quarantine,False
AUTO4296,Bird4296,15,Finch,Blue,Sold,False
AUTO4297,Bird4297,1,Cockatiel,Green,Quarantine,False
AUTO4298,Bird4298,24,Finch,White,Quarantine,True
AUTO4299,Bird4299,1,Parrot,Green,Quarantine,True
AUTO4300,Bird4300,19,Parrot,Yellow,Quarantine,True
AUTO4301,Bird4301,5,Cockatiel,Red,Sold,True
AUTO4302,Bird4302,12,Eagle,Black,In Aviary,False
AUTO4303,Bird4303,13,Parrot,Black,Quarantine,False
AUTO4304,Bird4304,9,Cockatiel,White,Quarantine,True
AUTO4305,Bird4305,3,Eagle,Green,In Aviary,True
AUTO4306,Bird4306,9,Owl,Black,Sold,True
AUTO4307,Bird4307,6,Cockatiel,Red,Sold,False
AUTO4308,Bird4308,9,Cockatiel,Green,Quarantine,False
AUTO4309,Bird4309,3,Finch,Yellow,Quarantine,True
AUTO4310,Bird4310,1,Owl,Yellow,Quarantine,False
AUTO4311,Bird4311,19,Eagle,Green,In Aviary,True
AUTO4312,Bird4312,13,Cockatiel,Green,Quarantine,True
AUTO4313,Bird4313,4,Eagle,Yellow,Sold,True
AUTO4314,Bird4314,20,Parrot,Blue,Quarantine,True
AUTO4315,Bird4315,3,Cockatiel,Black,In Aviary,True
AUTO4316,Bird4316,3,Owl,Red,Quarantine,True
AUTO4317,Bird4317,12,Finch,Yellow,Quarantine,True
AUTO4318,Bird4318,6,Owl,Blue,Quarantine,False
AUTO4319,Bird4319,9,Eagle,Blue,Sold,False
AUTO4320,Bird4320,13,Owl,White,In Aviary,True
AUTO4321,Bird4321,11,Parrot,Red,In Aviary,False
AUTO4322,Bird4322,12,Owl,Yellow,Sold,False
AUTO4323,Bird4323,9,Parrot,Yellow,In Aviary,True
AUTO4324,Bird4324,22,Parrot,Yellow,In Aviary,True
AUTO4325,Bird4325,22,Parrot,Green,Quarantine,False
AUTO4326,Bird4326,6,Finch,White,Sold,False
AUTO4327,Bird4327,15,Finch,Black,Quarantine,True
AUTO4328,Bird4328,24,Parrot,Blue,In Aviary,False
AUTO4329,Bird4329,17,Parrot,Yellow,In Aviary,True
AUTO4330,Bird4330,11,Finch,Blue,Quarantine,True
AUTO4331,Bird4331,22,Eagle,Black,Quarantine,True
AUTO4332,Bird4332,18,Parrot,Blue,Sold,False
AUTO4333,Bird4333,24,Finch,White,Quarantine,True
AUTO4334,Bird4334,20,Finch,White,In Aviary,False
AUTO4335,Bird4335,14,Eagle,White,Quarantine,True
AUTO4336,Bird4336,22,Parrot,Blue,Quarantine,True
AUTO4337,Bird4337,21,Eagle,Green,Sold,False
AUTO4338,Bird4338,1,Parrot,Black,Sold,True
AUTO4339,Bird4339,18,Finch,Black,Sold,False
AUTO4340,Bird4340,20,Owl,Green,Quarantine,True
AUTO4341,Bird4341,2,Cockatiel,Black,In Aviary,True
AUTO4342,Bird4342,19,Parrot,Red,Sold,True
AUTO4343,Bird4343,24,Cockatiel,Black,Sold,False
AUTO4344,Bird4344,9,Eagle,Blue,Sold,False
AUTO4345,Bird4345,23,Parrot,Green,In Aviary,True
AUTO4346,Bird4346,15,Parrot,Black,Quarantine,False
AUTO4347,Bird4347,23,Cockatiel,Black,Quarantine,True
AUTO4348,Bird4348,6,Owl,White,Sold,False
AUTO4349,Bird4349,4,Eagle,Black,In Aviary,False
AUTO4350,Bird4350,4,Eagle,Yellow,In Aviary,False
AUTO4351,Bird4351,4,Owl,White,In Aviary,False
AUTO4352,Bird4352,2,Finch,Green,Quarantine,False
AUTO4353,Bird4353,9,Cockatiel,Yellow,Quarantine,False
AUTO4354,Bird4354,6,Eagle,Red,Quarantine,True
AUTO4355,Bird4355,1,Parrot,Green,Quarantine,True
AUTO4356,Bird4356,3,Parrot,Yellow,In Aviary,True
AUTO4357,Bird4357,6,Cockatiel,White,In Aviary,True
AUTO4358,Bird4358,22,Owl,Yellow,In Aviary,False
AUTO4359,Bird4359,3,Parrot,Red,Quarantine,False
AUTO4360,Bird4360,19,Finch,White,Sold,False
AUTO4361,Bird4361,4,Eagle,Yellow,Sold,False
AUTO4362,Bird4362,11,Eagle,Yellow,In Aviary,False
AUTO4363,Bird4363,3,Eagle,Red,Sold,True
AUTO4364,Bird4364,6,Cockatiel,Blue,Quarantine,True
AUTO4365,Bird4365,14,Cockatiel,White,In Aviary,False
AUTO4366,Bird4366,14,Eagle,Blue,In Aviary,False
AUTO4367,Bird4367,12,Parrot,White,Quarantine,True
AUTO4368,Bird4368,22,Parrot,Green,Quarantine,False
AUTO4369,Bird4369,17,Cockatiel,Black,Quarantine,True
AUTO4370,Bird4370,23,Cockatiel,White,In Aviary,True
AUTO4371,Bird4371,1,Owl,Green,In Aviary,False
AUTO4372,Bird4372,4,Owl,Yellow,Quarantine,False
AUTO4373,Bird4373,13,Finch,White,Quarantine,True
AUTO4374,Bird4374,9,Eagle,Green,Quarantine,True
AUTO4375,Bird4375,5,Finch,Red,Sold,True
AUTO4376,Bird4376,15,Finch,Green,Quarantine,False
AUTO4377,Bird4377,22,Owl,Black,In Aviary,True
AUTO4378,Bird4378,10,Owl,Blue,In Aviary,True
AUTO4379,Bird4379,24,Finch,Green,Sold,True
AUTO4380,Bird4380,4,Parrot,Red,In Aviary,True
AUTO4381,Bird4381,24,Cockatiel,Blue,Sold,False
AUTO4382,Bird4382,21,Eagle,Yellow,Sold,True
AUTO4383,Bird4383,23,Cockatiel,Blue,Quarantine,True
AUTO4384,Bird4384,5,Eagle,Red,Sold,False
AUTO4385,Bird4385,6,Eagle,Blue,Sold,True
AUTO4386,Bird4386,18,Parrot,Green,In Aviary,True
AUTO4387,Bird4387,19,Eagle,Blue,Quarantine,True
AUTO4388,Bird4388,22,Eagle,Yellow,In Aviary,False
AUTO4389,Bird4389,18,Finch,White,Sold,True
AUTO4390,Bird4390,5,Owl,Red,Sold,True
AUTO4391,Bird4391,14,Finch,Blue,Quarantine,True
AUTO4392,Bird4392,19,Finch,Yellow,Quarantine,True
AUTO4393,Bird4393,16,Owl,Blue,In Aviary,False
AUTO4394,Bird4394,23,Parrot,Green,Quarantine,False
AUTO4395,Bird4395,8,Parrot,Blue,In Aviary,False
AUTO4396,Bird4396,21,Eagle,Red,Sold,False
AUTO4397,Bird4397,6,Parrot,Black,Quarantine,True
AUTO4398,Bird4398,11,Eagle,White,Sold,False
AUTO4399,Bird4399,8,Finch,Red,Sold,True
AUTO4400,Bird4400,18,Parrot,Red,In Aviary,True
AUTO4401,Bird4401,15,Cockatiel,White,In Aviary,False
AUTO4402,Bird4402,24,Parrot,Yellow,In Aviary,False
AUTO4403,Bird4403,7,Cockatiel,Black,Quarantine,False
AUTO4404,Bird4404,13,Parrot,Black,Sold,False
AUTO4405,Bird4405,15,Finch,Yellow,In Aviary,True
AUTO4406,Bird4406,2,Owl,Red,In Aviary,False
AUTO4407,Bird4407,23,Owl,Yellow,Quarantine,False
AUTO4408,Bird4408,22,Cockatiel,Blue,In Aviary,False
AUTO4409,Bird4409,19,Eagle,White,Sold,False
AUTO4410,Bird4410,5,Cockatiel,Black,In Aviary,True
AUTO4411,Bird4411,12,Owl,Black,Sold,True
AUTO4412,Bird4412,24,Parrot,White,Sold,False
AUTO4413,Bird4413,8,Eagle,Green,In Aviary,True
AUTO4414,Bird4414,1,Owl,White,Quarantine,True
AUTO4415,Bird4415,8,Owl,Black,Quarantine,True
AUTO4416,Bird4416,2,Cockatiel,Green,Quarantine,True
AUTO4417,Bird4417,13,Eagle,White,Sold,False
AUTO4418,Bird4418,23,Parrot,Black,Quarantine,True
AUTO4419,Bird4419,11,Owl,Blue,In Aviary,False
AUTO4420,Bird4420,24,Eagle,Blue,Sold,False
AUTO4421,Bird4421,15,Eagle,Blue,Quarantine,False
AUTO4422,Bird4422,10,Owl,Black,In Aviary,False
AUTO4423,Bird4423,17,Cockatiel,Red,In Aviary,False
AUTO4424,Bird4424,2,Finch,Green,In Aviary,True
AUTO4425,Bird4425,4,Cockatiel,Red,In Aviary,False
AUTO4426,Bird4426,21,Eagle,Red,In Aviary,True
AUTO4427,Bird4427,16,Parrot,Yellow,Quarantine,True
AUTO4428,Bird4428,19,Owl,Black,Sold,False
AUTO4429,Bird4429,22,Finch,Red,Sold,True
AUTO4430,Bird4430,17,Eagle,Black,Quarantine,True
AUTO4431,Bird4431,9,Parrot,White,In Aviary,True
AUTO4432,Bird4432,20,Eagle,Black,Quarantine,True
AUTO4433,Bird4433,5,Finch,Yellow,Quarantine,True
AUTO4434,Bird4434,20,Cockatiel,Red,Quarantine,True
AUTO4435,Bird4435,9,Owl,Black,Sold,False
AUTO4436,Bird4436,7,Eagle,Blue,In Aviary,True
AUTO4437,Bird4437,12,Eagle,Yellow,Sold,True
AUTO4438,Bird4438,11,Parrot,Red,In Aviary,False
AUTO4439,Bird4439,18,Eagle,Red,Sold,False
AUTO4440,Bird4440,6,Owl,Yellow,Quarantine,True
AUTO4441,Bird4441,1,Parrot,Black,In Aviary,False
AUTO4442,Bird4442,21,Owl,Green,Sold,False
AUTO4443,Bird4443,23,Cockatiel,Black,Sold,True
AUTO4444,Bird4444,19,Eagle,Blue,Sold,True
AUTO4445,Bird4445,7,Eagle,Black,Sold,True
AUTO4446,Bird4446,6,Parrot,White,Sold,True
AUTO4447,Bird4447,8,Cockatiel,White,Sold,True
AUTO4448,Bird4448,14,Eagle,Blue,Quarantine,True
AUTO4449,Bird4449,16,Cockatiel,Green,Sold,True
AUTO4450,Bird4450,2,Eagle,Green,Sold,False
AUTO4451,Bird4451,8,Cockatiel,Blue,Quarantine,True
AUTO4452,Bird4452,14,Parrot,Black,Quarantine,True
AUTO4453,Bird4453,3,Eagle,White,In Aviary,False
AUTO4454,Bird4454,15,Eagle,Green,Quarantine,False
AUTO4455,Bird4455,4,Eagle,Red,In Aviary,True
AUTO4456,Bird4456,14,Finch,White,In Aviary,True
AUTO4457,Bird4457,6,Owl,Green,In Aviary,True
AUTO4458,Bird4458,22,Cockatiel,Red,Quarantine,False
AUTO4459,Bird4459,9,Parrot,Red,In Aviary,False
AUTO4460,Bird4460,23,Parrot,White,In Aviary,True
AUTO4461,Bird4461,1,Owl,Red,In Aviary,False
AUTO4462,Bird4462,3,Cockatiel,Yellow,Sold,False
AUTO4463,Bird4463,7,Parrot,Yellow,Sold,False
AUTO4464,Bird4464,4,Finch,White,In Aviary,True
AUTO4465,Bird4465,7,Eagle,Blue,Quarantine,False
AUTO4466,Bird4466,7,Eagle,Yellow,In Aviary,False
AUTO4467,Bird4467,15,Owl,Yellow,Quarantine,False
AUTO4468,Bird4468,3,Finch,Yellow,In Aviary,False
AUTO4469,Bird4469,22,Finch,Yellow,Sold,False
AUTO4470,Bird4470,4,Parrot,Red,Sold,True
AUTO4471,Bird4471,2,Finch,White,Sold,True
AUTO4472,Bird4472,18,Cockatiel,Green,Quarantine,False
AUTO4473,Bird4473,15,Owl,Blue,Sold,True
AUTO4474,Bird4474,4,Cockatiel,Blue,Sold,True
AUTO4475,Bird4475,17,Owl,Yellow,Sold,True
AUTO4476,Bird4476,12,Cockatiel,Black,Quarantine,False
AUTO4477,Bird4477,15,Owl,Blue,In Aviary,False
AUTO4478,Bird4478,20,Eagle,Yellow,Sold,False
AUTO4479,Bird4479,2,Finch,Blue,Sold,True
AUTO4480,Bird4480,17,Parrot,Black,In Aviary,False
AUTO4481,Bird4481,4,Cockatiel,White,Quarantine,False
AUTO4482,Bird4482,19,Eagle,White,Quarantine,True
AUTO4483,Bird4483,7,Finch,Blue,In Aviary,True
AUTO4484,Bird4484,14,Owl,Red,In Aviary,True
AUTO4485,Bird4485,18,Finch,Blue,Quarantine,True
AUTO4486,Bird4486,24,Owl,White,In Aviary,True
AUTO4487,Bird4487,6,Parrot,Blue,Quarantine,True
AUTO4488,Bird4488,2,Cockatiel,Green,In Aviary,False
AUTO4489,Bird4489,11,Finch,White,In Aviary,True
AUTO4490,Bird4490,14,Cockatiel,Black,In Aviary,True
AUTO4491,Bird4491,16,Owl,Blue,Quarantine,True
AUTO4492,Bird4492,18,Owl,Red,Quarantine,True
AUTO4493,Bird4493,2,Parrot,White,Quarantine,False
AUTO4494,Bird4494,11,Eagle,Blue,Sold,True
AUTO4495,Bird4495,22,Finch,Blue,Sold,False
AUTO4496,Bird4496,6,Owl,Black,Quarantine,True
AUTO4497,Bird4497,13,Owl,Green,Quarantine,False
AUTO4498,Bird4498,1,Owl,Red,In Aviary,False
AUTO4499,Bird4499,4,Eagle,Yellow,In Aviary,False
AUTO4500,Bird4500,19,Finch,Green,In Aviary,True
AUTO4501,Bird4501,6,Eagle,Green,Sold,True
AUTO4502,Bird4502,6,Eagle,Yellow,In Aviary,True
AUTO4503,Bird4503,16,Cockatiel,Black,Quarantine,True
AUTO4504,Bird4504,18,Parrot,Black,Quarantine,True
AUTO4505,Bird4505,13,Cockatiel,Red,In Aviary,False
AUTO4506,Bird4506,9,Cockatiel,Blue,Sold,False
AUTO4507,Bird4507,23,Cockatiel,Blue,Sold,True
AUTO4508,Bird4508,4,Eagle,White,In Aviary,True
AUTO4509,Bird4509,4,Parrot,Black,Sold,True
AUTO4510,Bird4510,21,Owl,Yellow,In Aviary,False
AUTO4511,Bird4511,16,Owl,Green,Quarantine,False
AUTO4512,Bird4512,23,Cockatiel,Green,In Aviary,False
AUTO4513,Bird4513,15,Cockatiel,Red,Sold,False
AUTO4514,Bird4514,12,Eagle,Red,Sold,True
AUTO4515,Bird4515,8,Finch,Blue,Quarantine,False
AUTO4516,Bird4516,1,Eagle,Green,Quarantine,False
AUTO4517,Bird4517,4,Parrot,Black,Quarantine,True
AUTO4518,Bird4518,16,Owl,Yellow,Quarantine,True
AUTO4519,Bird4519,20,Eagle,Red,In Aviary,True
AUTO4520,Bird4520,16,Owl,Blue,In Aviary,True
AUTO4521,Bird4521,17,Eagle,Blue,Sold,False
AUTO4522,Bird4522,16,Owl,Black,Quarantine,False
AUTO4523,Bird4523,22,Cockatiel,Yellow,In Aviary,True
AUTO4524,Bird4524,10,Owl,Black,Quarantine,False
AUTO4525,Bird4525,7,Cockatiel,Blue,In Aviary,True
AUTO4526,Bird4526,18,Cockatiel,Black,In Aviary,True
AUTO4527,Bird4527,11,Cockatiel,Yellow,Sold,True
AUTO4528,Bird4528,7,Eagle,Yellow,In Aviary,False
AUTO4529,Bird4529,1,Parrot,White,In Aviary,False
AUTO4530,Bird4530,1,Owl,Red,Quarantine,False
AUTO4531,Bird4531,9,Cockatiel,Green,Sold,False
AUTO4532,Bird4532,4,Owl,White,In Aviary,False
AUTO4533,Bird4533,2,Eagle,Black,Quarantine,False
AUTO4534,Bird4534,22,Cockatiel,Blue,In Aviary,False
AUTO4535,Bird4535,19,Finch,White,Sold,False
AUTO4536,Bird4536,14,Eagle,White,In Aviary,True
AUTO4537,Bird4537,5,Owl,Green,Quarantine,False
AUTO4538,Bird4538,19,Cockatiel,Black,Quarantine,True
AUTO4539,Bird4539,10,Parrot,Blue,Quarantine,True
AUTO4540,Bird4540,20,Owl,Green,In Aviary,True
AUTO4541,Bird4541,7,Cockatiel,Yellow,In Aviary,False
AUTO4542,Bird4542,24,Eagle,White,In Aviary,False
AUTO4543,Bird4543,5,Finch,Red,Sold,True
AUTO4544,Bird4544,19,Eagle,Green,Sold,False
AUTO4545,Bird4545,10,Finch,Blue,In Aviary,False
AUTO4546,Bird4546,14,Finch,Green,Quarantine,False
AUTO4547,Bird4547,6,Parrot,Green,In Aviary,True
AUTO4548,Bird4548,1,Finch,White,In Aviary,True
AUTO4549,Bird4549,13,Parrot,Yellow,Quarantine,False
AUTO4550,Bird4550,24,Owl,Blue,Quarantine,True
AUTO4551,Bird4551,10,Owl,Blue,Quarantine,True
AUTO4552,Bird4552,19,Finch,Green,In Aviary,True
AUTO4553,Bird4553,24,Parrot,Green,Quarantine,False
AUTO4554,Bird4554,24,Owl,Green,Quarantine,False
AUTO4555,Bird4555,14,Finch,White,Sold,False
AUTO4556,Bird4556,15,Parrot,Red,In Aviary,False
AUTO4557,Bird4557,9,Eagle,Blue,In Aviary,True
AUTO4558,Bird4558,14,Finch,Green,Sold,True
AUTO4559,Bird4559,23,Finch,Blue,Quarantine,False
AUTO4560,Bird4560,8,Parrot,Black,Sold,True
AUTO4561,Bird4561,16,Finch,Yellow,In Aviary,True
AUTO4562,Bird4562,4,Parrot,Green,Sold,True
AUTO4563,Bird4563,16,Eagle,Green,In Aviary,False
AUTO4564,Bird4564,6,Cockatiel,White,In Aviary,False
AUTO4565,Bird4565,15,Cockatiel,Black,In Aviary,False
AUTO4566,Bird4566,12,Parrot,Green,Sold,False
AUTO4567,Bird4567,18,Parrot,Black,Quarantine,True
AUTO4568,Bird4568,9,Cockatiel,Blue,Sold,False
AUTO4569,Bird4569,14,Cockatiel,Black,Sold,False
AUTO4570,Bird4570,14,Finch,Yellow,In Aviary,True
AUTO4571,Bird4571,18,Cockatiel,Yellow,Quarantine,False
AUTO4572,Bird4572,15,Finch,Green,Sold,True
AUTO4573,Bird4573,16,Finch,Yellow,Sold,True
AUTO4574,Bird4574,20,Parrot,White,Quarantine,True
AUTO4575,Bird4575,3,Cockatiel,Blue,Sold,True
AUTO4576,Bird4576,2,Finch,Green,Sold,True
AUTO4577,Bird4577,16,Finch,White,In Aviary,False
AUTO4578,Bird4578,4,Parrot,Yellow,Sold,True
AUTO4579,Bird4579,18,Parrot,Blue,Sold,True
AUTO4580,Bird4580,20,Cockatiel,Black,Sold,False
AUTO4581,Bird4581,23,Cockatiel,Red,Quarantine,False
AUTO4582,Bird4582,6,Eagle,Green,Sold,False
AUTO4583,Bird4583,23,Finch,Black,Sold,True
AUTO4584,Bird4584,16,Finch,Blue,In Aviary,True
AUTO4585,Bird4585,5,Owl,Blue,In Aviary,True
AUTO4586,Bird4586,13,Finch,Green,Sold,False
AUTO4587,Bird4587,20,Parrot,Blue,Sold,True
AUTO4588,Bird4588,24,Cockatiel,White,Sold,True
AUTO4589,Bird4589,10,Parrot,White,Sold,True
AUTO4590,Bird4590,4,Eagle,White,Sold,True
AUTO4591,Bird4591,15,Finch,Green,Sold,False
AUTO4592,Bird4592,12,Eagle,Yellow,Sold,False
AUTO4593,Bird4593,13,Eagle,Red,Sold,True
AUTO4594,Bird4594,11,Eagle,Red,Sold,True
AUTO4595,Bird4595,6,Owl,Blue,Quarantine,True
AUTO4596,Bird4596,3,Cockatiel,Green,Quarantine,True
AUTO4597,Bird4597,4,Parrot,Yellow,Quarantine,True
AUTO4598,Bird4598,5,Eagle,Black,In Aviary,False
AUTO4599,Bird4599,12,Eagle,Yellow,Quarantine,False
AUTO4600,Bird4600,22,Eagle,Red,Quarantine,True
AUTO4601,Bird4601,6,Finch,Green,In Aviary,False
AUTO4602,Bird4602,20,Cockatiel,Green,Quarantine,False
AUTO4603,Bird4603,18,Parrot,Blue,Quarantine,True
AUTO4604,Bird4604,11,Owl,Green,Quarantine,False
AUTO4605,Bird4605,5,Cockatiel,Green,Quarantine,True
AUTO4606,Bird4606,3,Eagle,Yellow,Sold,True
AUTO4607,Bird4607,18,Finch,Blue,Sold,True
AUTO4608,Bird4608,16,Finch,Yellow,In Aviary,True
AUTO4609,Bird4609,10,Cockatiel,Red,Sold,True
AUTO4610,Bird4610,21,Cockatiel,Red,Quarantine,True
AUTO4611,Bird4611,2,Parrot,White,Quarantine,True
AUTO4612,Bird4612,23,Cockatiel,Green,In Aviary,True
AUTO4613,Bird4613,18,Parrot,Red,Quarantine,False
AUTO4614,Bird4614,5,Parrot,Green,Quarantine,True
AUTO4615,Bird4615,11,Cockatiel,Green,Sold,True
AUTO4616,Bird4616,2,Owl,Red,Sold,False
AUTO4617,Bird4617,15,Finch,Yellow,Sold,True
AUTO4618,Bird4618,20,Cockatiel,Blue,Sold,False
AUTO4619,Bird4619,11,Finch,Red,Quarantine,True
AUTO4620,Bird4620,8,Owl,Red,Sold,False
AUTO4621,Bird4621,5,Eagle,Green,In Aviary,True
AUTO4622,Bird4622,17,Finch,White,Sold,True
AUTO4623,Bird4623,21,Finch,Black,Quarantine,True
AUTO4624,Bird4624,3,Eagle,Green,In Aviary,True
AUTO4625,Bird4625,13,Eagle,White,Quarantine,False
AUTO4626,Bird4626,21,Cockatiel,White,In Aviary,False
AUTO4627,Bird4627,2,Cockatiel,Black,Sold,True
AUTO4628,Bird4628,18,Finch,White,In Aviary,True
AUTO4629,Bird4629,10,Eagle,Black,Quarantine,True
AUTO4630,Bird4630,1,Parrot,White,Sold,False
AUTO4631,Bird4631,17,Eagle,Yellow,Quarantine,True
AUTO4632,Bird4632,6,Parrot,Yellow,In Aviary,True
AUTO4633,Bird4633,2,Cockatiel,Yellow,In Aviary,True
AUTO4634,Bird4634,7,Owl,Red,Quarantine,False
AUTO4635,Bird4635,11,Owl,White,Sold,False
AUTO4636,Bird4636,4,Cockatiel,White,Quarantine,True
AUTO4637,Bird4637,2,Finch,Green,Quarantine,True
AUTO4638,Bird4638,17,Parrot,White,In Aviary,True
AUTO4639,Bird4639,11,Eagle,Blue,Sold,True
AUTO4640,Bird4640,17,Eagle,Green,In Aviary,True
AUTO4641,Bird4641,19,Finch,Green,Quarantine,True
AUTO4642,Bird4642,7,Finch,White,Quarantine,False
AUTO4643,Bird4643,17,Cockatiel,Green,In Aviary,False
AUTO4644,Bird4644,17,Owl,Green,Quarantine,True
AUTO4645,Bird4645,3,Owl,Red,Quarantine,True
AUTO4646,Bird4646,23,Parrot,Red,Quarantine,True
AUTO4647,Bird4647,5,Eagle,Red,Quarantine,True
AUTO4648,Bird4648,11,Owl,White,Quarantine,True
AUTO4649,Bird4649,4,Cockatiel,Yellow,In Aviary,True
AUTO4650,Bird4650,15,Finch,Yellow,In Aviary,True
AUTO4651,Bird4651,10,Parrot,Blue,Sold,True
AUTO4652,Bird4652,10,Cockatiel,Yellow,Quarantine,False
AUTO4653,Bird4653,1,Eagle,Red,Sold,False
AUTO4654,Bird4654,16,Owl,Green,Sold,True
AUTO4655,Bird4655,4,Parrot,White,Quarantine,True
AUTO4656,Bird4656,7,Eagle,Green,Quarantine,True
AUTO4657,Bird4657,11,Eagle,Red,Quarantine,True
AUTO4658,Bird4658,6,Eagle,Blue,Quarantine,False
AUTO4659,Bird4659,6,Finch,White,In Aviary,False
AUTO4660,Bird4660,12,Cockatiel,White,Quarantine,False
AUTO4661,Bird4661,7,Eagle,Red,Quarantine,False
AUTO4662,Bird4662,5,Owl,Black,Sold,True
AUTO4663,Bird4663,7,Finch,Black,Sold,True
AUTO4664,Bird4664,19,Finch,Yellow,Quarantine,False
AUTO4665,Bird4665,1,Finch,Black,In Aviary,False
AUTO4666,Bird4666,11,Finch,White,Quarantine,True
AUTO4667,Bird4667,16,Eagle,White,Sold,False
AUTO4668,Bird4668,7,Cockatiel,Yellow,Quarantine,True
AUTO4669,Bird4669,6,Finch,White,Quarantine,True
AUTO4670,Bird4670,24,Cockatiel,Red,Quarantine,False
AUTO4671,Bird4671,18,Finch,Green,In Aviary,True
AUTO4672,Bird4672,20,Parrot,Yellow,Sold,False
AUTO4673,Bird4673,24,Eagle,Red,Sold,False
AUTO4674,Bird4674,2,Finch,Yellow,Quarantine,True
AUTO4675,Bird4675,7,Cockatiel,Red,Sold,True
AUTO4676,Bird4676,23,Eagle,Black,Quarantine,False
AUTO4677,Bird4677,9,Owl,Red,Sold,False
AUTO4678,Bird4678,5,Eagle,Green,Quarantine,True
AUTO4679,Bird4679,16,Cockatiel,White,Quarantine,False
AUTO4680,Bird4680,19,Eagle,Red,Sold,True
AUTO4681,Bird4681,9,Owl,White,Quarantine,True
AUTO4682,Bird4682,21,Finch,Red,In Aviary,False
AUTO4683,Bird4683,19,Cockatiel,Black,Sold,False
AUTO4684,Bird4684,10,Cockatiel,Black,In Aviary,False
AUTO4685,Bird4685,2,Cockatiel,Yellow,Quarantine,False
AUTO4686,Bird4686,4,Eagle,Red,In Aviary,True
AUTO4687,Bird4687,11,Cockatiel,White,In Aviary,False
AUTO4688,Bird4688,19,Owl,White,Sold,True
AUTO4689,Bird4689,12,Cockatiel,Green,Sold,False
AUTO4690,Bird4690,10,Cockatiel,Green,Quarantine,False
AUTO4691,Bird4691,24,Cockatiel,Blue,Sold,True
AUTO4692,Bird4692,18,Owl,Yellow,Quarantine,False
AUTO4693,Bird4693,3,Eagle,Green,In Aviary,True
AUTO4694,Bird4694,18,Eagle,Green,Sold,True
AUTO4695,Bird4695,6,Eagle,Black,In Aviary,True
AUTO4696,Bird4696,11,Cockatiel,White,Quarantine,True
AUTO4697,Bird4697,7,Eagle,Blue,In Aviary,True
AUTO4698,Bird4698,22,Owl,Green,Quarantine,True
AUTO4699,Bird4699,7,Parrot,Black,Quarantine,True
AUTO4700,Bird4700,12,Owl,Green,Quarantine,False
AUTO4701,Bird4701,18,Owl,White,In Aviary,False
AUTO4702,Bird4702,10,Cockatiel,Red,Sold,False
AUTO4703,Bird4703,2,Finch,Black,Quarantine,False
AUTO4704,Bird4704,16,Cockatiel,Yellow,Sold,True
AUTO4705,Bird4705,24,Owl,Blue,Sold,False
AUTO4706,Bird4706,16,Parrot,Blue,Quarantine,False
AUTO4707,Bird4707,7,Owl,Black,Quarantine,False
AUTO4708,Bird4708,12,Owl,Red,Sold,False
AUTO4709,Bird4709,2,Cockatiel,Green,Sold,False
AUTO4710,Bird4710,1,Eagle,Red,Quarantine,False
AUTO4711,Bird4711,22,Cockatiel,Black,Sold,True
AUTO4712,Bird4712,12,Owl,White,Sold,True
AUTO4713,Bird4713,11,Parrot,Black,Sold,False
AUTO4714,Bird4714,4,Owl,Yellow,Sold,False
AUTO4715,Bird4715,23,Finch,Blue,Quarantine,True
AUTO4716,Bird4716,11,Eagle,Black,In Aviary,False
AUTO4717,Bird4717,12,Owl,White,Sold,False
AUTO4718,Bird4718,17,Owl,Red,In Aviary,True
AUTO4719,Bird4719,15,Parrot,Black,Quarantine,False
AUTO4720,Bird4720,11,Parrot,Green,Quarantine,True
AUTO4721,Bird4721,17,Finch,Yellow,In Aviary,False
AUTO4722,Bird4722,6,Finch,Blue,Quarantine,True
AUTO4723,Bird4723,12,Owl,White,In Aviary,True
AUTO4724,Bird4724,15,Finch,Green,In Aviary,False
AUTO4725,Bird4725,24,Finch,Green,In Aviary,False
AUTO4726,Bird4726,18,Cockatiel,Yellow,Sold,False
AUTO4727,Bird4727,12,Parrot,Blue,Sold,False
AUTO4728,Bird4728,7,Eagle,Green,Sold,False
AUTO4729,Bird4729,20,Finch,Green,In Aviary,True
AUTO4730,Bird4730,3,Finch,Blue,In Aviary,True
AUTO4731,Bird4731,4,Eagle,Red,In Aviary,False
AUTO4732,Bird4732,7,Finch,Red,In Aviary,False
AUTO4733,Bird4733,4,Parrot,Blue,Quarantine,True
AUTO4734,Bird4734,9,Parrot,Blue,Quarantine,True
AUTO4735,Bird4735,13,Finch,White,In Aviary,False
AUTO4736,Bird4736,3,Finch,Black,Sold,False
AUTO4737,Bird4737,7,Finch,Red,Sold,True
AUTO4738,Bird4738,15,Eagle,Green,In Aviary,True
AUTO4739,Bird4739,17,Finch,Yellow,In Aviary,True
AUTO4740,Bird4740,20,Owl,Yellow,In Aviary,False
AUTO4741,Bird4741,6,Owl,Yellow,Quarantine,False
AUTO4742,Bird4742,1,Cockatiel,Green,Sold,False
AUTO4743,Bird4743,21,Owl,Red,In Aviary,True
AUTO4744,Bird4744,21,Eagle,Blue,In Aviary,False
AUTO4745,Bird4745,6,Cockatiel,White,Quarantine,True
AUTO4746,Bird4746,20,Parrot,White,Sold,True
AUTO4747,Bird4747,2,Cockatiel,Black,Quarantine,True
AUTO4748,Bird4748,23,Owl,Yellow,Sold,False
AUTO4749,Bird4749,15,Parrot,Blue,Sold,True
AUTO4750,Bird4750,7,Owl,Green,Quarantine,True
AUTO4751,Bird4751,12,Eagle,Yellow,Quarantine,True
AUTO4752,Bird4752,6,Finch,Black,In Aviary,True
AUTO4753,Bird4753,5,Finch,Blue,Sold,False
AUTO4754,Bird4754,20,Eagle,Red,Quarantine,True
AUTO4755,Bird4755,3,Cockatiel,Black,In Aviary,False
AUTO4756,Bird4756,9,Eagle,Red,In Aviary,False
AUTO4757,Bird4757,9,Eagle,Black,Quarantine,False
AUTO4758,Bird4758,16,Parrot,Red,In Aviary,True
AUTO4759,Bird4759,13,Cockatiel,Yellow,In Aviary,False
AUTO4760,Bird4760,9,Cockatiel,Blue,Quarantine,True
AUTO4761,Bird4761,11,Finch,Green,Quarantine,True
AUTO4762,Bird4762,20,Parrot,Yellow,Quarantine,False
AUTO4763,Bird4763,5,Parrot,Blue,In Aviary,True
AUTO4764,Bird4764,16,Finch,Black,Sold,True
AUTO4765,Bird4765,9,Eagle,White,In Aviary,True
AUTO4766,Bird4766,17,Eagle,Red,In Aviary,True
AUTO4767,Bird4767,4,Parrot,White,Sold,True
AUTO4768,Bird4768,7,Owl,White,Sold,True
AUTO4769,Bird4769,6,Parrot,Black,Sold,False
AUTO4770,Bird4770,16,Owl,Blue,Quarantine,True
AUTO4771,Bird4771,24,Finch,Black,Quarantine,True
AUTO4772,Bird4772,23,Eagle,White,Sold,False
AUTO4773,Bird4773,12,Cockatiel,Green,Quarantine,True
AUTO4774,Bird4774,9,Finch,Green,Sold,True
AUTO4775,Bird4775,13,Eagle,Yellow,Quarantine,False
AUTO4776,Bird4776,23,Owl,Black,Quarantine,False
AUTO4777,Bird4777,5,Finch,Green,Quarantine,False
AUTO4778,Bird4778,3,Owl,Green,In Aviary,True
AUTO4779,Bird4779,22,Eagle,White,Sold,True
AUTO4780,Bird4780,6,Parrot,Black,Quarantine,True
AUTO4781,Bird4781,2,Finch,Red,In Aviary,False
AUTO4782,Bird4782,2,Parrot,Blue,In Aviary,True
AUTO4783,Bird4783,12,Finch,Yellow,Sold,False
AUTO4784,Bird4784,18,Owl,Red,Quarantine,True
AUTO4785,Bird4785,14,Owl,Blue,Sold,True
AUTO4786,Bird4786,19,Eagle,White,In Aviary,False
AUTO4787,Bird4787,12,Parrot,White,Sold,True
AUTO4788,Bird4788,12,Parrot,White,Sold,False
AUTO4789,Bird4789,19,Parrot,Red,Sold,True
AUTO4790,Bird4790,11,Parrot,White,In Aviary,False
AUTO4791,Bird4791,11,Cockatiel,White,Sold,False
AUTO4792,Bird4792,5,Owl,Red,Quarantine,True
AUTO4793,Bird4793,23,Finch,Green,Quarantine,True
AUTO4794,Bird4794,15,Parrot,White,Quarantine,True
AUTO4795,Bird4795,13,Cockatiel,Green,In Aviary,False
AUTO4796,Bird4796,22,Finch,Green,Quarantine,True
AUTO4797,Bird4797,23,Finch,Black,In Aviary,False
AUTO4798,Bird4798,8,Eagle,Red,Sold,True
AUTO4799,Bird4799,24,Parrot,Yellow,Sold,False
AUTO4800,Bird4800,17,Cockatiel,White,Sold,False
AUTO4801,Bird4801,22,Parrot,Yellow,Quarantine,False
AUTO4802,Bird4802,12,Eagle,Blue,In Aviary,False
AUTO4803,Bird4803,5,Eagle,Green,Sold,True
AUTO4804,Bird4804,13,Owl,Black,Quarantine,False
AUTO4805,Bird4805,3,Finch,Yellow,In Aviary,True
AUTO4806,Bird4806,15,Owl,Black,In Aviary,True
AUTO4807,Bird4807,18,Parrot,Green,In Aviary,True
AUTO4808,Bird4808,16,Parrot,Red,In Aviary,False
AUTO4809,Bird4809,22,Parrot,Red,In Aviary,False
AUTO4810,Bird4810,16,Parrot,Red,In Aviary,True
AUTO4811,Bird4811,9,Finch,Green,Quarantine,True
AUTO4812,Bird4812,16,Cockatiel,White,Quarantine,True
AUTO4813,Bird4813,18,Eagle,Red,In Aviary,True
AUTO4814,Bird4814,23,Cockatiel,Yellow,Sold,False
AUTO4815,Bird4815,16,Eagle,Red,Quarantine,False
AUTO4816,Bird4816,10,Owl,Yellow,In Aviary,False
AUTO4817,Bird4817,11,Cockatiel,Black,In Aviary,False
AUTO4818,Bird4818,4,Parrot,Blue,In Aviary,True
AUTO4819,Bird4819,13,Owl,Black,In Aviary,False
AUTO4820,Bird4820,5,Owl,Yellow,Sold,False
AUTO4821,Bird4821,15,Eagle,Black,In Aviary,True
AUTO4822,Bird4822,21,Cockatiel,Yellow,Sold,False
AUTO4823,Bird4823,9,Owl,Red,Sold,False
AUTO4824,Bird4824,10,Eagle,Yellow,Quarantine,True
AUTO4825,Bird4825,16,Cockatiel,Red,Sold,False
AUTO4826,Bird4826,3,Finch,Yellow,Sold,False
AUTO4827,Bird4827,5,Finch,Black,In Aviary,False
AUTO4828,Bird4828,7,Owl,Black,In Aviary,False
AUTO4829,Bird4829,8,Parrot,Blue,In Aviary,False
AUTO4830,Bird4830,16,Parrot,Red,In Aviary,False
AUTO4831,Bird4831,24,Owl,Black,Sold,True
AUTO4832,Bird4832,8,Finch,Red,Quarantine,True
AUTO4833,Bird4833,19,Finch,Red,Quarantine,True
AUTO4834,Bird4834,15,Eagle,Blue,Quarantine,True
AUTO4835,Bird4835,2,Owl,Black,Sold,True
AUTO4836,Bird4836,14,Finch,Red,Sold,False
AUTO4837,Bird4837,20,Finch,Black,Sold,False
AUTO4838,Bird4838,11,Cockatiel,Blue,In Aviary,True
AUTO4839,Bird4839,5,Eagle,Green,Quarantine,False
AUTO4840,Bird4840,22,Parrot,White,In Aviary,False
AUTO4841,Bird4841,5,Finch,Red,Quarantine,True
AUTO4842,Bird4842,5,Eagle,Blue,Sold,False
AUTO4843,Bird4843,9,Eagle,White,Sold,False
AUTO4844,Bird4844,10,Cockatiel,Yellow,Sold,False
AUTO4845,Bird4845,4,Cockatiel,White,Sold,False
AUTO4846,Bird4846,5,Owl,Green,In Aviary,False
AUTO4847,Bird4847,2,Eagle,Green,In Aviary,True
AUTO4848,Bird4848,9,Eagle,Green,Sold,False
AUTO4849,Bird4849,1,Parrot,Blue,In Aviary,False
AUTO4850,Bird4850,1,Finch,Red,In Aviary,True
AUTO4851,Bird4851,17,Parrot,Red,In Aviary,False
AUTO4852,Bird4852,10,Owl,Red,In Aviary,False
AUTO4853,Bird4853,14,Finch,White,In Aviary,True
AUTO4854,Bird4854,22,Owl,Green,Sold,True
AUTO4855,Bird4855,22,Eagle,Yellow,In Aviary,True
AUTO4856,Bird4856,5,Parrot,Yellow,In Aviary,True
AUTO4857,Bird4857,24,Eagle,Green,In Aviary,True
AUTO4858,Bird4858,22,Eagle,Blue,In Aviary,True
AUTO4859,Bird4859,12,Parrot,Green,In Aviary,False
AUTO4860,Bird4860,20,Eagle,Yellow,In Aviary,True
AUTO4861,Bird4861,24,Finch,Green,Quarantine,False
AUTO4862,Bird4862,18,Finch,Blue,In Aviary,False
AUTO4863,Bird4863,1,Finch,White,Quarantine,True
AUTO4864,Bird4864,17,Cockatiel,Black,Quarantine,True
AUTO4865,Bird4865,10,Eagle,Black,Quarantine,True
AUTO4866,Bird4866,15,Cockatiel,Blue,Quarantine,True
AUTO4867,Bird4867,20,Owl,Green,Quarantine,False
AUTO4868,Bird4868,11,Eagle,Green,Sold,False
AUTO4869,Bird4869,21,Cockatiel,Black,Sold,True
AUTO4870,Bird4870,24,Eagle,White,Sold,True
AUTO4871,Bird4871,20,Owl,Red,In Aviary,False
AUTO4872,Bird4872,13,Owl,White,Sold,True
AUTO4873,Bird4873,21,Parrot,White,In Aviary,True
AUTO4874,Bird4874,9,Finch,Green,Sold,False
AUTO4875,Bird4875,8,Parrot,Green,Sold,True
AUTO4876,Bird4876,15,Cockatiel,Green,Sold,True
AUTO4877,Bird4877,12,Finch,White,Quarantine,True
AUTO4878,Bird4878,11,Cockatiel,Blue,Quarantine,False
AUTO4879,Bird4879,24,Finch,Green,In Aviary,True
AUTO4880,Bird4880,4,Owl,Blue,Sold,True
AUTO4881,Bird4881,23,Parrot,Black,In Aviary,True
AUTO4882,Bird4882,11,Eagle,White,Sold,True
AUTO4883,Bird4883,5,Owl,Black,Sold,False
AUTO4884,Bird4884,23,Owl,Blue,In Aviary,False
AUTO4885,Bird4885,2,Eagle,Green,Quarantine,True
AUTO4886,Bird4886,13,Parrot,Green,In Aviary,False
AUTO4887,Bird4887,20,Parrot,White,Sold,False
AUTO4888,Bird4888,22,Cockatiel,Blue,Sold,False
AUTO4889,Bird4889,24,Parrot,Yellow,In Aviary,False
AUTO4890,Bird4890,12,Cockatiel,Green,In Aviary,False
AUTO4891,Bird4891,7,Owl,Black,Sold,False
AUTO4892,Bird4892,15,Eagle,Yellow,Quarantine,False
AUTO4893,Bird4893,5,Finch,Red,In Aviary,True
AUTO4894,Bird4894,11,Parrot,Black,Sold,True
AUTO4895,Bird4895,11,Finch,White,Sold,False
AUTO4896,Bird4896,18,Finch,Blue,Sold,True
AUTO4897,Bird4897,3,Parrot,Blue,Quarantine,False
AUTO4898,Bird4898,22,Parrot,Blue,Sold,True
AUTO4899,Bird4899,17,Eagle,Blue,In Aviary,True
AUTO4900,Bird4900,7,Owl,White,In Aviary,False
AUTO4901,Bird4901,5,Eagle,Green,Sold,True
AUTO4902,Bird4902,8,Parrot,Black,Quarantine,True
AUTO4903,Bird4903,22,Parrot,Green,Sold,False
AUTO4904,Bird4904,15,Eagle,White,Quarantine,False
AUTO4905,Bird4905,17,Owl,White,Quarantine,False
AUTO4906,Bird4906,2,Parrot,White,In Aviary,True
AUTO4907,Bird4907,12,Cockatiel,Red,Quarantine,False
AUTO4908,Bird4908,14,Cockatiel,Blue,Sold,False
AUTO4909,Bird4909,5,Eagle,Blue,Sold,True
AUTO4910,Bird4910,3,Eagle,Green,Sold,True
AUTO4911,Bird4911,2,Owl,Blue,Quarantine,False
AUTO4912,Bird4912,20,Owl,Blue,In Aviary,True
AUTO4913,Bird4913,13,Finch,Yellow,In Aviary,True
AUTO4914,Bird4914,17,Cockatiel,Blue,Quarantine,False
AUTO4915,Bird4915,22,Parrot,White,Quarantine,True
AUTO4916,Bird4916,23,Parrot,Blue,Sold,True
AUTO4917,Bird4917,18,Owl,Blue,Sold,False
AUTO4918,Bird4918,21,Eagle,Black,Sold,True
AUTO4919,Bird4919,24,Cockatiel,Yellow,In Aviary,False
AUTO4920,Bird4920,8,Finch,Yellow,In Aviary,True
AUTO4921,Bird4921,10,Finch,Red,Quarantine,True
AUTO4922,Bird4922,22,Eagle,White,Sold,True
AUTO4923,Bird4923,15,Cockatiel,Black,Quarantine,True
AUTO4924,Bird4924,4,Eagle,White,Sold,False
AUTO4925,Bird4925,13,Finch,Green,Quarantine,True
AUTO4926,Bird4926,18,Cockatiel,Blue,Sold,False
AUTO4927,Bird4927,20,Owl,Black,Quarantine,False
AUTO4928,Bird4928,17,Owl,Blue,In Aviary,False
AUTO4929,Bird4929,9,Parrot,Green,Quarantine,True
AUTO4930,Bird4930,20,Eagle,Yellow,Sold,True
AUTO4931,Bird4931,18,Eagle,Black,In Aviary,True
AUTO4932,Bird4932,1,Parrot,Blue,In Aviary,True
AUTO4933,Bird4933,16,Owl,Blue,Quarantine,True
AUTO4934,Bird4934,15,Eagle,White,Quarantine,False
AUTO4935,Bird4935,8,Finch,Red,In Aviary,False
AUTO4936,Bird4936,9,Owl,Yellow,In Aviary,False
AUTO4937,Bird4937,4,Finch,White,Quarantine,True
AUTO4938,Bird4938,4,Finch,Black,Sold,True
AUTO4939,Bird4939,12,Eagle,Green,In Aviary,False
AUTO4940,Bird4940,7,Parrot,Black,In Aviary,False
AUTO4941,Bird4941,17,Cockatiel,Red,Sold,True
AUTO4942,Bird4942,16,Owl,Red,In Aviary,False
AUTO4943,Bird4943,14,Parrot,White,Quarantine,False
AUTO4944,Bird4944,6,Owl,White,Quarantine,False
AUTO4945,Bird4945,8,Owl,Red,Sold,True
AUTO4946,Bird4946,1,Owl,Blue,In Aviary,True
AUTO4947,Bird4947,24,Eagle,Black,In Aviary,False
AUTO4948,Bird4948,14,Eagle,Black,Quarantine,True
AUTO4949,Bird4949,21,Eagle,Red,Quarantine,True
AUTO4950,Bird4950,19,Owl,Blue,Sold,False
AUTO4951,Bird4951,20,Cockatiel,White,Quarantine,False
AUTO4952,Bird4952,20,Finch,Blue,Sold,True
AUTO4953,Bird4953,9,Eagle,White,In Aviary,True
AUTO4954,Bird4954,12,Owl,White,Sold,False
AUTO4955,Bird4955,9,Owl,Green,Sold,False
AUTO4956,Bird4956,2,Cockatiel,Green,In Aviary,True
AUTO4957,Bird4957,6,Parrot,Black,Sold,True
AUTO4958,Bird4958,8,Owl,Black,In Aviary,True
AUTO4959,Bird4959,17,Eagle,Yellow,Quarantine,True
AUTO4960,Bird4960,8,Parrot,Blue,Quarantine,True
AUTO4961,Bird4961,23,Eagle,Green,In Aviary,True
AUTO4962,Bird4962,16,Cockatiel,White,In Aviary,True
AUTO4963,Bird4963,21,Eagle,Green,In Aviary,False
AUTO4964,Bird4964,17,Cockatiel,White,Sold,True
AUTO4965,Bird4965,1,Cockatiel,Yellow,In Aviary,True
AUTO4966,Bird4966,14,Cockatiel,Red,Quarantine,False
AUTO4967,Bird4967,16,Owl,Yellow,Quarantine,False
AUTO4968,Bird4968,6,Eagle,Black,Sold,False
AUTO4969,Bird4969,3,Eagle,Yellow,Quarantine,True
AUTO4970,Bird4970,22,Cockatiel,Green,Quarantine,False
AUTO4971,Bird4971,9,Finch,Black,Quarantine,True
AUTO4972,Bird4972,21,Eagle,Blue,In Aviary,True
AUTO4973,Bird4973,19,Parrot,Black,Sold,False
AUTO4974,Bird4974,7,Cockatiel,Red,Sold,True
AUTO4975,Bird4975,1,Finch,Black,In Aviary,True
AUTO4976,Bird4976,20,Eagle,Red,Sold,False
AUTO4977,Bird4977,17,Cockatiel,Red,Quarantine,True
AUTO4978,Bird4978,22,Eagle,Blue,In Aviary,False
AUTO4979,Bird4979,17,Finch,White,In Aviary,True
AUTO4980,Bird4980,14,Parrot,Yellow,In Aviary,True
AUTO4981,Bird4981,22,Finch,Blue,In Aviary,False
AUTO4982,Bird4982,12,Finch,Yellow,In Aviary,True
AUTO4983,Bird4983,23,Cockatiel,White,In Aviary,False
AUTO4984,Bird4984,4,Owl,White,Sold,False
AUTO4985,Bird4985,17,Eagle,Green,Sold,False
AUTO4986,Bird4986,16,Owl,Yellow,In Aviary,False
AUTO4987,Bird4987,9,Cockatiel,Green,In Aviary,False
AUTO4988,Bird4988,22,Parrot,Red,In Aviary,False
AUTO4989,Bird4989,4,Finch,White,Quarantine,True
AUTO4990,Bird4990,5,Finch,Green,Sold,True
AUTO4991,Bird4991,12,Finch,Blue,Quarantine,True
AUTO4992,Bird4992,3,Cockatiel,Black,Sold,True
AUTO4993,Bird4993,4,Cockatiel,Yellow,Quarantine,False
AUTO4994,Bird4994,19,Owl,Green,Quarantine,True
AUTO4995,Bird4995,5,Finch,White,Quarantine,False
AUTO4996,Bird4996,3,Owl,Blue,Sold,False
AUTO4997,Bird4997,2,Cockatiel,Red,Quarantine,False
AUTO4998,Bird4998,10,Parrot,Black,In Aviary,True
AUTO4999,Bird4999,1,Owl,Blue,Sold,False
AUTO5000,Bird5000,5,Cockatiel,Blue,In Aviary,False
AUTO5001,Bird5001,4,Parrot,Black,In Aviary,True
AUTO5002,Bird5002,20,Finch,White,In Aviary,False
AUTO5003,Bird5003,21,Eagle,Black,In Aviary,True
AUTO5004,Bird5004,20,Parrot,Red,Quarantine,False
AUTO5005,Bird5005,9,Finch,White,Quarantine,False
AUTO5006,Bird5006,8,Cockatiel,Black,Quarantine,True
AUTO5007,Bird5007,10,Finch,Green,In Aviary,True
AUTO5008,Bird5008,22,Eagle,Black,In Aviary,False
AUTO5009,Bird5009,8,Parrot,Yellow,Quarantine,True
AUTO5010,Bird5010,7,Eagle,White,In Aviary,False
AUTO5011,Bird5011,20,Cockatiel,Green,In Aviary,False
AUTO5012,Bird5012,10,Parrot,Blue,Sold,False
AUTO5013,Bird5013,3,Owl,Black,Quarantine,True
AUTO5014,Bird5014,5,Parrot,White,Sold,False
AUTO5015,Bird5015,19,Finch,Red,Sold,True
AUTO5016,Bird5016,13,Eagle,Yellow,Quarantine,True
AUTO5017,Bird5017,10,Cockatiel,Green,In Aviary,False
AUTO5018,Bird5018,15,Cockatiel,Blue,Sold,True
AUTO5019,Bird5019,6,Parrot,Green,In Aviary,True
AUTO5020,Bird5020,20,Finch,Green,Sold,True
AUTO5021,Bird5021,14,Cockatiel,Green,In Aviary,True
AUTO5022,Bird5022,15,Cockatiel,White,Quarantine,True
AUTO5023,Bird5023,22,Finch,Blue,In Aviary,True
AUTO5024,Bird5024,8,Eagle,Blue,Sold,True
AUTO5025,Bird5025,9,Finch,Red,Sold,False
AUTO5026,Bird5026,17,Cockatiel,Blue,Quarantine,True
AUTO5027,Bird5027,1,Parrot,Green,Quarantine,True
AUTO5028,Bird5028,22,Eagle,Green,Sold,True
AUTO5029,Bird5029,18,Eagle,White,Sold,True
AUTO5030,Bird5030,12,Cockatiel,Red,Quarantine,True
AUTO5031,Bird5031,6,Finch,Yellow,In Aviary,True
AUTO5032,Bird5032,17,Eagle,Blue,Quarantine,False
AUTO5033,Bird5033,15,Cockatiel,Green,In Aviary,False
AUTO5034,Bird5034,24,Cockatiel,Yellow,In Aviary,True
AUTO5035,Bird5035,20,Cockatiel,Red,Quarantine,False
AUTO5036,Bird5036,21,Eagle,Black,In Aviary,True
AUTO5037,Bird5037,23,Cockatiel,Blue,Quarantine,False
AUTO5038,Bird5038,4,Finch,Yellow,In Aviary,False
AUTO5039,Bird5039,15,Owl,Red,Sold,False
AUTO5040,Bird5040,20,Eagle,Yellow,In Aviary,False
AUTO5041,Bird5041,10,Eagle,Red,In Aviary,True
AUTO5042,Bird5042,1,Parrot,White,Quarantine,True
AUTO5043,Bird5043,19,Parrot,Blue,In Aviary,False
AUTO5044,Bird5044,17,Eagle,Yellow,Sold,True
AUTO5045,Bird5045,3,Cockatiel,Red,Quarantine,True
AUTO5046,Bird5046,22,Cockatiel,Green,Sold,True
AUTO5047,Bird5047,13,Eagle,Black,Quarantine,True
AUTO5048,Bird5048,8,Finch,White,Quarantine,True
AUTO5049,Bird5049,16,Owl,Green,Quarantine,False
AUTO5050,Bird5050,14,Eagle,Yellow,In Aviary,False
AUTO5051,Bird5051,11,Cockatiel,Red,Sold,False
AUTO5052,Bird5052,9,Cockatiel,Black,In Aviary,False
AUTO5053,Bird5053,19,Finch,Black,Sold,True
AUTO5054,Bird5054,23,Cockatiel,Blue,Sold,True
AUTO5055,Bird5055,11,Parrot,Yellow,Sold,False
AUTO5056,Bird5056,21,Cockatiel,Black,In Aviary,True
AUTO5057,Bird5057,3,Owl,Yellow,Sold,True
AUTO5058,Bird5058,11,Cockatiel,Blue,In Aviary,True
AUTO5059,Bird5059,15,Cockatiel,White,Quarantine,True
AUTO5060,Bird5060,14,Eagle,Black,Quarantine,False
AUTO5061,Bird5061,19,Eagle,Yellow,In Aviary,False
AUTO5062,Bird5062,13,Owl,White,Sold,False
AUTO5063,Bird5063,23,Eagle,Black,Quarantine,False
AUTO5064,Bird5064,18,Finch,Red,In Aviary,True
AUTO5065,Bird5065,2,Eagle,Green,Sold,True
AUTO5066,Bird5066,6,Eagle,Black,Quarantine,True
AUTO5067,Bird5067,3,Eagle,White,Sold,True
AUTO5068,Bird5068,21,Cockatiel,Green,Sold,False
AUTO5069,Bird5069,7,Eagle,Black,In Aviary,True
AUTO5070,Bird5070,16,Finch,Blue,In Aviary,True
AUTO5071,Bird5071,24,Eagle,Red,In Aviary,False
AUTO5072,Bird5072,20,Parrot,White,Sold,True
AUTO5073,Bird5073,24,Eagle,White,In Aviary,True
AUTO5074,Bird5074,23,Cockatiel,Green,Sold,False
AUTO5075,Bird5075,22,Cockatiel,Black,In Aviary,True
AUTO5076,Bird5076,23,Cockatiel,White,Sold,False
AUTO5077,Bird5077,16,Eagle,White,Sold,True
AUTO5078,Bird5078,16,Owl,Black,Sold,False
AUTO5079,Bird5079,19,Parrot,Yellow,Sold,True
AUTO5080,Bird5080,12,Owl,Yellow,Quarantine,True
AUTO5081,Bird5081,24,Owl,Green,Sold,False
AUTO5082,Bird5082,15,Parrot,Blue,Sold,True
AUTO5083,Bird5083,11,Owl,Blue,Sold,False
AUTO5084,Bird5084,10,Owl,Yellow,Quarantine,True
AUTO5085,Bird5085,23,Finch,Green,Quarantine,False
AUTO5086,Bird5086,9,Parrot,White,In Aviary,True
AUTO5087,Bird5087,15,Eagle,Red,In Aviary,True
AUTO5088,Bird5088,16,Eagle,Black,Sold,False
AUTO5089,Bird5089,8,Cockatiel,Black,In Aviary,True
AUTO5090,Bird5090,10,Cockatiel,Green,Quarantine,False
AUTO5091,Bird5091,5,Eagle,Red,Sold,True
AUTO5092,Bird5092,20,Cockatiel,Green,Sold,True
AUTO5093,Bird5093,8,Cockatiel,Blue,In Aviary,True
AUTO5094,Bird5094,6,Eagle,White,In Aviary,False
AUTO5095,Bird5095,13,Cockatiel,Red,Sold,False
AUTO5096,Bird5096,7,Cockatiel,Green,Sold,False
AUTO5097,Bird5097,6,Parrot,Blue,In Aviary,True
AUTO5098,Bird5098,24,Eagle,White,Sold,True
AUTO5099,Bird5099,1,Eagle,Blue,Quarantine,False
AUTO5100,Bird5100,7,Owl,Blue,Quarantine,False
AUTO5101,Bird5101,2,Cockatiel,Red,Sold,False
AUTO5102,Bird5102,14,Parrot,Red,Sold,True
AUTO5103,Bird5103,12,Parrot,Yellow,Quarantine,False
AUTO5104,Bird5104,19,Cockatiel,Black,Quarantine,True
AUTO5105,Bird5105,8,Eagle,Red,Sold,False
AUTO5106,Bird5106,21,Finch,White,Sold,False
AUTO5107,Bird5107,5,Parrot,White,Quarantine,False
AUTO5108,Bird5108,3,Finch,Red,In Aviary,False
AUTO5109,Bird5109,15,Cockatiel,Red,In Aviary,False
AUTO5110,Bird5110,1,Eagle,Blue,Sold,False
AUTO5111,Bird5111,17,Parrot,Green,Quarantine,True
AUTO5112,Bird5112,17,Owl,Blue,In Aviary,False
AUTO5113,Bird5113,8,Cockatiel,Red,Quarantine,False
AUTO5114,Bird5114,6,Parrot,Yellow,Sold,True
AUTO5115,Bird5115,11,Finch,Blue,Quarantine,False
AUTO5116,Bird5116,15,Owl,Green,Sold,True
AUTO5117,Bird5117,13,Parrot,Red,Sold,True
AUTO5118,Bird5118,7,Eagle,Yellow,In Aviary,False
AUTO5119,Bird5119,11,Cockatiel,White,Quarantine,False
AUTO5120,Bird5120,19,Finch,Yellow,Sold,True
AUTO5121,Bird5121,19,Owl,Green,Quarantine,True
AUTO5122,Bird5122,20,Cockatiel,Green,Quarantine,True
AUTO5123,Bird5123,23,Parrot,White,Sold,False
AUTO5124,Bird5124,17,Parrot,Green,Quarantine,True
AUTO5125,Bird5125,14,Cockatiel,Blue,Sold,False
AUTO5126,Bird5126,18,Cockatiel,Yellow,In Aviary,False
AUTO5127,Bird5127,4,Eagle,Blue,Sold,True
AUTO5128,Bird5128,10,Owl,Yellow,Sold,False
AUTO5129,Bird5129,1,Cockatiel,White,Quarantine,False
AUTO5130,Bird5130,13,Finch,White,Sold,False
AUTO5131,Bird5131,19,Eagle,Red,Sold,True
AUTO5132,Bird5132,24,Finch,Yellow,Quarantine,True
AUTO5133,Bird5133,22,Finch,Green,Quarantine,False
AUTO5134,Bird5134,23,Finch,Red,Quarantine,False
AUTO5135,Bird5135,5,Cockatiel,White,Sold,True
AUTO5136,Bird5136,5,Eagle,Blue,Sold,False
AUTO5137,Bird5137,13,Parrot,Yellow,In Aviary,False
AUTO5138,Bird5138,4,Owl,Red,Sold,False
AUTO5139,Bird5139,13,Cockatiel,Green,In Aviary,False
AUTO5140,Bird5140,4,Cockatiel,Red,Quarantine,False
AUTO5141,Bird5141,21,Cockatiel,Black,Quarantine,True
AUTO5142,Bird5142,16,Owl,Blue,In Aviary,True
AUTO5143,Bird5143,12,Finch,Green,Sold,False
AUTO5144,Bird5144,13,Parrot,White,Sold,True
AUTO5145,Bird5145,3,Owl,Red,Quarantine,False
AUTO5146,Bird5146,7,Eagle,Blue,In Aviary,False
AUTO5147,Bird5147,22,Eagle,Yellow,In Aviary,False
AUTO5148,Bird5148,6,Owl,Red,Sold,False
AUTO5149,Bird5149,15,Owl,Yellow,In Aviary,False
AUTO5150,Bird5150,23,Cockatiel,Green,Quarantine,False
AUTO5151,Bird5151,3,Cockatiel,Yellow,Quarantine,True
AUTO5152,Bird5152,7,Owl,Green,Sold,False
AUTO5153,Bird5153,4,Cockatiel,Red,In Aviary,False
AUTO5154,Bird5154,10,Cockatiel,Black,Quarantine,True
AUTO5155,Bird5155,15,Owl,White,Quarantine,False
AUTO5156,Bird5156,23,Cockatiel,White,Quarantine,True
AUTO5157,Bird5157,2,Finch,Red,Sold,True
AUTO5158,Bird5158,15,Cockatiel,Red,In Aviary,True
AUTO5159,Bird5159,18,Cockatiel,White,Quarantine,True
AUTO5160,Bird5160,14,Owl,White,In Aviary,True
AUTO5161,Bird5161,11,Owl,White,Sold,False
AUTO5162,Bird5162,4,Parrot,Green,Sold,False
AUTO5163,Bird5163,6,Cockatiel,Green,Sold,True
AUTO5164,Bird5164,23,Finch,Blue,Sold,True
AUTO5165,Bird5165,22,Eagle,Blue,Sold,True
AUTO5166,Bird5166,13,Parrot,White,In Aviary,False
AUTO5167,Bird5167,4,Finch,Blue,Quarantine,True
AUTO5168,Bird5168,24,Owl,Black,Sold,False
AUTO5169,Bird5169,22,Eagle,Yellow,In Aviary,False
AUTO5170,Bird5170,16,Owl,Green,In Aviary,False
AUTO5171,Bird5171,6,Owl,White,In Aviary,True
AUTO5172,Bird5172,2,Cockatiel,Black,Sold,True
AUTO5173,Bird5173,17,Eagle,Blue,In Aviary,True
AUTO5174,Bird5174,2,Eagle,Green,Quarantine,True
AUTO5175,Bird5175,22,Owl,White,Sold,True
AUTO5176,Bird5176,7,Parrot,Black,Sold,True
AUTO5177,Bird5177,18,Eagle,Blue,Sold,False
AUTO5178,Bird5178,21,Eagle,Green,Sold,False
AUTO5179,Bird5179,14,Owl,Black,Quarantine,True
AUTO5180,Bird5180,5,Cockatiel,White,In Aviary,True
AUTO5181,Bird5181,1,Parrot,Red,Sold,False
AUTO5182,Bird5182,2,Cockatiel,Yellow,Sold,False
AUTO5183,Bird5183,2,Cockatiel,Blue,Quarantine,False
AUTO5184,Bird5184,2,Cockatiel,Black,In Aviary,True
AUTO5185,Bird5185,20,Parrot,White,In Aviary,False
AUTO5186,Bird5186,11,Parrot,Red,Quarantine,False
AUTO5187,Bird5187,14,Cockatiel,Yellow,Quarantine,True
AUTO5188,Bird5188,9,Cockatiel,White,Quarantine,True
AUTO5189,Bird5189,21,Finch,Black,In Aviary,True
AUTO5190,Bird5190,16,Parrot,Blue,Sold,False
AUTO5191,Bird5191,16,Parrot,White,In Aviary,True
AUTO5192,Bird5192,2,Owl,Black,In Aviary,False
AUTO5193,Bird5193,3,Owl,Red,Quarantine,False
AUTO5194,Bird5194,12,Owl,Black,In Aviary,False
AUTO5195,Bird5195,23,Cockatiel,White,Quarantine,True
AUTO5196,Bird5196,4,Eagle,Yellow,Sold,False
AUTO5197,Bird5197,5,Cockatiel,Green,In Aviary,True
AUTO5198,Bird5198,6,Eagle,Blue,Sold,False
AUTO5199,Bird5199,2,Owl,Red,Sold,True
AUTO5200,Bird5200,11,Owl,White,In Aviary,True
AUTO5201,Bird5201,18,Finch,Black,In Aviary,True
AUTO5202,Bird5202,7,Owl,Green,Sold,True
AUTO5203,Bird5203,8,Eagle,Black,Quarantine,False
AUTO5204,Bird5204,17,Owl,Yellow,Sold,False
AUTO5205,Bird5205,5,Parrot,Yellow,In Aviary,False
AUTO5206,Bird5206,7,Eagle,White,In Aviary,False
AUTO5207,Bird5207,16,Finch,Yellow,Quarantine,False
AUTO5208,Bird5208,13,Parrot,Black,In Aviary,True
AUTO5209,Bird5209,16,Cockatiel,Yellow,In Aviary,False
AUTO5210,Bird5210,1,Parrot,Red,Sold,False
AUTO5211,Bird5211,8,Finch,White,Sold,False
AUTO5212,Bird5212,16,Cockatiel,Yellow,Quarantine,True
AUTO5213,Bird5213,6,Cockatiel,Green,In Aviary,True
AUTO5214,Bird5214,11,Parrot,Green,Quarantine,False
AUTO5215,Bird5215,12,Eagle,Black,In Aviary,False
AUTO5216,Bird5216,14,Eagle,Red,In Aviary,True
AUTO5217,Bird5217,21,Finch,Green,In Aviary,False
AUTO5218,Bird5218,7,Cockatiel,Blue,In Aviary,False
AUTO5219,Bird5219,14,Owl,Blue,Sold,False
AUTO5220,Bird5220,1,Owl,Green,In Aviary,False
AUTO5221,Bird5221,7,Eagle,White,In Aviary,False
AUTO5222,Bird5222,18,Eagle,Yellow,Sold,False
AUTO5223,Bird5223,14,Cockatiel,Green,In Aviary,True
AUTO5224,Bird5224,20,Owl,Yellow,Sold,False
AUTO5225,Bird5225,8,Cockatiel,Yellow,In Aviary,True
AUTO5226,Bird5226,11,Finch,Blue,Sold,False
AUTO5227,Bird5227,11,Parrot,Red,Sold,True
AUTO5228,Bird5228,3,Cockatiel,White,In Aviary,False
AUTO5229,Bird5229,19,Finch,Red,In Aviary,True
AUTO5230,Bird5230,4,Finch,Yellow,In Aviary,True
AUTO5231,Bird5231,4,Cockatiel,Red,Sold,False
AUTO5232,Bird5232,6,Cockatiel,Yellow,In Aviary,True
AUTO5233,Bird5233,7,Parrot,Blue,In Aviary,True
AUTO5234,Bird5234,1,Owl,Yellow,Quarantine,True
AUTO5235,Bird5235,12,Cockatiel,Yellow,Sold,True
AUTO5236,Bird5236,12,Cockatiel,Red,In Aviary,True
AUTO5237,Bird5237,11,Cockatiel,Blue,In Aviary,False
AUTO5238,Bird5238,15,Eagle,Black,Quarantine,False
AUTO5239,Bird5239,23,Owl,Green,Sold,False
AUTO5240,Bird5240,4,Owl,White,In Aviary,True
AUTO5241,Bird5241,7,Eagle,White,Quarantine,True
AUTO5242,Bird5242,15,Parrot,Red,Sold,False
AUTO5243,Bird5243,7,Eagle,Black,In Aviary,True
AUTO5244,Bird5244,8,Finch,Blue,Quarantine,True
AUTO5245,Bird5245,14,Owl,Green,Quarantine,False
AUTO5246,Bird5246,11,Parrot,Blue,Quarantine,False
AUTO5247,Bird5247,10,Owl,White,Quarantine,False
AUTO5248,Bird5248,6,Parrot,White,Quarantine,False
AUTO5249,Bird5249,16,Eagle,White,Quarantine,False
AUTO5250,Bird5250,13,Cockatiel,Red,In Aviary,True
AUTO5251,Bird5251,3,Cockatiel,Black,Quarantine,True
AUTO5252,Bird5252,6,Eagle,Red,Sold,True
AUTO5253,Bird5253,22,Finch,Green,In Aviary,False
AUTO5254,Bird5254,16,Eagle,White,In Aviary,False
AUTO5255,Bird5255,23,Eagle,Black,Sold,False
AUTO5256,Bird5256,2,Eagle,Yellow,Sold,True
AUTO5257,Bird5257,19,Cockatiel,Black,Quarantine,False
AUTO5258,Bird5258,23,Owl,White,Quarantine,False
AUTO5259,Bird5259,24,Eagle,Blue,Quarantine,True
AUTO5260,Bird5260,9,Owl,Black,Quarantine,True
AUTO5261,Bird5261,7,Cockatiel,Red,Sold,True
AUTO5262,Bird5262,6,Finch,Black,Sold,False
AUTO5263,Bird5263,4,Owl,Green,Quarantine,True
AUTO5264,Bird5264,1,Owl,Red,Sold,False
AUTO5265,Bird5265,10,Parrot,Red,Sold,True
AUTO5266,Bird5266,19,Eagle,Yellow,Quarantine,True
AUTO5267,Bird5267,17,Cockatiel,Red,Quarantine,False
AUTO5268,Bird5268,3,Eagle,Yellow,Sold,False
AUTO5269,Bird5269,13,Cockatiel,Blue,Quarantine,False
AUTO5270,Bird5270,13,Owl,White,In Aviary,False
AUTO5271,Bird5271,11,Cockatiel,Yellow,Sold,False
AUTO5272,Bird5272,1,Finch,Blue,Quarantine,False
AUTO5273,Bird5273,1,Parrot,Green,Quarantine,True
AUTO5274,Bird5274,1,Parrot,Red,Sold,True
AUTO5275,Bird5275,10,Owl,White,Quarantine,True
AUTO5276,Bird5276,23,Cockatiel,Red,Quarantine,True
AUTO5277,Bird5277,19,Owl,Red,Quarantine,False
AUTO5278,Bird5278,7,Eagle,Red,Sold,True
AUTO5279,Bird5279,16,Eagle,Green,In Aviary,False
AUTO5280,Bird5280,15,Cockatiel,White,Sold,True
AUTO5281,Bird5281,12,Owl,Red,Sold,False
AUTO5282,Bird5282,10,Parrot,Black,Quarantine,True
AUTO5283,Bird5283,24,Eagle,Green,Quarantine,False
AUTO5284,Bird5284,2,Cockatiel,Red,Quarantine,False
AUTO5285,Bird5285,5,Finch,Black,Sold,True
AUTO5286,Bird5286,15,Eagle,Green,Quarantine,False
AUTO5287,Bird5287,22,Finch,Green,Quarantine,False
AUTO5288,Bird5288,11,Finch,Yellow,Sold,False
AUTO5289,Bird5289,1,Parrot,Black,Quarantine,False
AUTO5290,Bird5290,2,Parrot,Red,Quarantine,True
AUTO5291,Bird5291,22,Eagle,White,Sold,True
AUTO5292,Bird5292,24,Cockatiel,White,Sold,False
AUTO5293,Bird5293,11,Finch,Red,Quarantine,True
AUTO5294,Bird5294,22,Eagle,Black,Quarantine,True
AUTO5295,Bird5295,3,Finch,Black,Sold,False
AUTO5296,Bird5296,4,Owl,Black,In Aviary,True
AUTO5297,Bird5297,17,Owl,Green,Quarantine,True
AUTO5298,Bird5298,15,Cockatiel,Yellow,Quarantine,False
AUTO5299,Bird5299,17,Parrot,Yellow,Quarantine,False
AUTO5300,Bird5300,14,Parrot,Blue,In Aviary,True
AUTO5301,Bird5301,7,Eagle,Yellow,Quarantine,False
AUTO5302,Bird5302,19,Eagle,Red,Sold,True
AUTO5303,Bird5303,12,Owl,Green,In Aviary,True
AUTO5304,Bird5304,15,Parrot,Red,Sold,False
AUTO5305,Bird5305,17,Eagle,Yellow,Quarantine,False
AUTO5306,Bird5306,14,Cockatiel,Red,In Aviary,True
AUTO5307,Bird5307,22,Finch,Green,In Aviary,True
AUTO5308,Bird5308,15,Finch,Blue,Quarantine,True
AUTO5309,Bird5309,13,Cockatiel,Black,In Aviary,True
AUTO5310,Bird5310,7,Owl,Green,Sold,False
AUTO5311,Bird5311,1,Cockatiel,White,Sold,True
AUTO5312,Bird5312,10,Finch,White,In Aviary,False
AUTO5313,Bird5313,9,Eagle,Blue,Sold,True
AUTO5314,Bird5314,12,Owl,Red,In Aviary,True
AUTO5315,Bird5315,6,Eagle,Black,In Aviary,False
AUTO5316,Bird5316,16,Eagle,Green,Quarantine,True
AUTO5317,Bird5317,20,Cockatiel,Blue,In Aviary,True
AUTO5318,Bird5318,3,Parrot,White,Quarantine,True
AUTO5319,Bird5319,18,Owl,Yellow,In Aviary,True
AUTO5320,Bird5320,6,Cockatiel,Blue,Quarantine,False
AUTO5321,Bird5321,4,Eagle,Blue,Quarantine,True
AUTO5322,Bird5322,1,Parrot,Red,In Aviary,False
AUTO5323,Bird5323,23,Parrot,Black,Quarantine,True
AUTO5324,Bird5324,19,Owl,Black,In Aviary,False
AUTO5325,Bird5325,24,Cockatiel,Blue,In Aviary,True
AUTO5326,Bird5326,2,Finch,Black,In Aviary,False
AUTO5327,Bird5327,20,Eagle,White,Quarantine,False
AUTO5328,Bird5328,14,Parrot,Red,In Aviary,True
AUTO5329,Bird5329,4,Owl,Yellow,Quarantine,False
AUTO5330,Bird5330,9,Cockatiel,Blue,Sold,True
AUTO5331,Bird5331,14,Owl,Blue,Sold,False
AUTO5332,Bird5332,12,Finch,White,In Aviary,False
AUTO5333,Bird5333,23,Cockatiel,White,Sold,True
AUTO5334,Bird5334,13,Finch,Yellow,Sold,False
AUTO5335,Bird5335,19,Finch,Green,Sold,True
AUTO5336,Bird5336,4,Cockatiel,Red,In Aviary,False
AUTO5337,Bird5337,13,Eagle,Blue,In Aviary,False
AUTO5338,Bird5338,21,Parrot,Yellow,In Aviary,False
AUTO5339,Bird5339,17,Eagle,White,Sold,False
AUTO5340,Bird5340,8,Owl,Blue,Quarantine,False
AUTO5341,Bird5341,20,Finch,Green,Sold,True
AUTO5342,Bird5342,17,Finch,Red,Quarantine,True
AUTO5343,Bird5343,4,Parrot,Blue,In Aviary,True
AUTO5344,Bird5344,6,Finch,White,Quarantine,True
AUTO5345,Bird5345,6,Eagle,Yellow,Sold,False
AUTO5346,Bird5346,10,Finch,Blue,Quarantine,False
AUTO5347,Bird5347,20,Cockatiel,Red,In Aviary,True
AUTO5348,Bird5348,6,Cockatiel,Blue,Sold,True
AUTO5349,Bird5349,6,Finch,Blue,Sold,True
AUTO5350,Bird5350,4,Owl,Green,Sold,False
AUTO5351,Bird5351,18,Finch,Red,Quarantine,True
AUTO5352,Bird5352,12,Owl,White,Quarantine,False
AUTO5353,Bird5353,11,Eagle,Blue,Sold,False
AUTO5354,Bird5354,20,Parrot,Blue,Quarantine,False
AUTO5355,Bird5355,21,Owl,Black,In Aviary,True
AUTO5356,Bird5356,6,Cockatiel,White,Quarantine,True
AUTO5357,Bird5357,8,Parrot,Green,Sold,False
AUTO5358,Bird5358,23,Cockatiel,White,Quarantine,False
AUTO5359,Bird5359,23,Cockatiel,Red,Quarantine,False
AUTO5360,Bird5360,7,Parrot,Green,Quarantine,True
AUTO5361,Bird5361,16,Parrot,Yellow,Sold,False
AUTO5362,Bird5362,16,Cockatiel,Black,Quarantine,True
AUTO5363,Bird5363,22,Parrot,Green,Sold,False
AUTO5364,Bird5364,4,Cockatiel,Blue,Quarantine,True
AUTO5365,Bird5365,10,Parrot,Blue,Quarantine,False
AUTO5366,Bird5366,1,Parrot,Green,Sold,False
AUTO5367,Bird5367,4,Eagle,Green,Sold,False
AUTO5368,Bird5368,9,Eagle,Green,Sold,False
AUTO5369,Bird5369,18,Parrot,White,Sold,False
AUTO5370,Bird5370,24,Eagle,Black,Sold,True
AUTO5371,Bird5371,11,Eagle,Yellow,In Aviary,True
AUTO5372,Bird5372,9,Eagle,Red,Sold,False
AUTO5373,Bird5373,19,Eagle,Blue,Sold,False
AUTO5374,Bird5374,6,Owl,Yellow,Sold,False
AUTO5375,Bird5375,1,Eagle,Yellow,Sold,True
AUTO5376,Bird5376,23,Owl,Yellow,Sold,False
AUTO5377,Bird5377,12,Owl,Black,Sold,False
AUTO5378,Bird5378,14,Parrot,Yellow,Sold,True
AUTO5379,Bird5379,10,Eagle,Yellow,Quarantine,True
AUTO5380,Bird5380,1,Parrot,Yellow,Sold,True
AUTO5381,Bird5381,23,Parrot,White,In Aviary,False
AUTO5382,Bird5382,24,Eagle,Green,Sold,True
AUTO5383,Bird5383,24,Cockatiel,Yellow,Sold,False
AUTO5384,Bird5384,15,Finch,Blue,Quarantine,False
AUTO5385,Bird5385,8,Eagle,Green,Quarantine,True
AUTO5386,Bird5386,9,Owl,Blue,Sold,False
AUTO5387,Bird5387,6,Finch,Black,Quarantine,False
AUTO5388,Bird5388,4,Owl,Green,Sold,False
AUTO5389,Bird5389,19,Owl,Red,In Aviary,True
AUTO5390,Bird5390,17,Finch,Yellow,Sold,True
AUTO5391,Bird5391,20,Cockatiel,Blue,Sold,True
AUTO5392,Bird5392,22,Finch,Red,In Aviary,True
AUTO5393,Bird5393,2,Eagle,White,Quarantine,False
AUTO5394,Bird5394,10,Cockatiel,White,In Aviary,False
AUTO5395,Bird5395,19,Parrot,Black,Sold,True
AUTO5396,Bird5396,5,Parrot,Black,Quarantine,True
AUTO5397,Bird5397,9,Parrot,Red,Quarantine,True
AUTO5398,Bird5398,5,Cockatiel,White,In Aviary,True
AUTO5399,Bird5399,15,Parrot,Black,In Aviary,True
AUTO5400,Bird5400,6,Owl,Blue,In Aviary,False
AUTO5401,Bird5401,19,Cockatiel,Green,Sold,False
AUTO5402,Bird5402,1,Parrot,Red,Sold,False
AUTO5403,Bird5403,5,Cockatiel,Green,Quarantine,False
AUTO5404,Bird5404,12,Finch,Yellow,Quarantine,False
AUTO5405,Bird5405,24,Parrot,Green,In Aviary,True
AUTO5406,Bird5406,4,Cockatiel,Green,Quarantine,False
AUTO5407,Bird5407,8,Owl,Red,Quarantine,True
AUTO5408,Bird5408,4,Owl,Black,Quarantine,True
AUTO5409,Bird5409,12,Cockatiel,Black,In Aviary,False
AUTO5410,Bird5410,11,Parrot,Yellow,Sold,False
AUTO5411,Bird5411,15,Finch,Red,Sold,True
AUTO5412,Bird5412,8,Finch,Blue,Sold,True
AUTO5413,Bird5413,1,Owl,Green,Sold,True
AUTO5414,Bird5414,23,Parrot,Green,In Aviary,False
AUTO5415,Bird5415,8,Cockatiel,Red,In Aviary,True
AUTO5416,Bird5416,20,Parrot,Yellow,Sold,True
AUTO5417,Bird5417,19,Eagle,Yellow,In Aviary,True
AUTO5418,Bird5418,12,Parrot,Green,Sold,False
AUTO5419,Bird5419,23,Eagle,Red,Sold,False
AUTO5420,Bird5420,12,Finch,Blue,In Aviary,False
AUTO5421,Bird5421,23,Finch,White,In Aviary,False
AUTO5422,Bird5422,8,Parrot,Yellow,In Aviary,False
AUTO5423,Bird5423,19,Owl,Black,Sold,False
AUTO5424,Bird5424,15,Cockatiel,Green,Sold,True
AUTO5425,Bird5425,10,Owl,Green,Sold,True
AUTO5426,Bird5426,13,Owl,Red,Quarantine,True
AUTO5427,Bird5427,15,Cockatiel,Black,Quarantine,True
AUTO5428,Bird5428,1,Finch,Green,Sold,False
AUTO5429,Bird5429,24,Parrot,White,In Aviary,True
AUTO5430,Bird5430,16,Cockatiel,Blue,Quarantine,False
AUTO5431,Bird5431,17,Owl,Red,In Aviary,False
AUTO5432,Bird5432,16,Owl,White,Quarantine,False
AUTO5433,Bird5433,7,Finch,Blue,Quarantine,True
AUTO5434,Bird5434,5,Owl,Red,Sold,False
AUTO5435,Bird5435,21,Owl,Yellow,Sold,True
AUTO5436,Bird5436,19,Finch,Blue,Sold,False
AUTO5437,Bird5437,7,Cockatiel,White,In Aviary,False
AUTO5438,Bird5438,9,Eagle,White,Sold,True
AUTO5439,Bird5439,5,Finch,Yellow,In Aviary,False
AUTO5440,Bird5440,20,Eagle,Yellow,In Aviary,True
AUTO5441,Bird5441,19,Eagle,Blue,Quarantine,True
AUTO5442,Bird5442,5,Owl,Green,Quarantine,False
AUTO5443,Bird5443,23,Owl,Blue,Quarantine,False
AUTO5444,Bird5444,1,Eagle,Black,Quarantine,False
AUTO5445,Bird5445,14,Finch,Green,Sold,True
AUTO5446,Bird5446,11,Owl,Red,In Aviary,True
AUTO5447,Bird5447,6,Owl,Blue,Sold,True
AUTO5448,Bird5448,17,Owl,Red,Sold,True
AUTO5449,Bird5449,24,Owl,Red,Quarantine,True
AUTO5450,Bird5450,13,Parrot,White,In Aviary,False
AUTO5451,Bird5451,17,Parrot,Green,Quarantine,False
AUTO5452,Bird5452,1,Parrot,Blue,Quarantine,True
AUTO5453,Bird5453,2,Owl,Black,In Aviary,False
AUTO5454,Bird5454,18,Cockatiel,Black,In Aviary,False
AUTO5455,Bird5455,21,Cockatiel,Red,In Aviary,True
AUTO5456,Bird5456,7,Owl,White,In Aviary,False
AUTO5457,Bird5457,10,Owl,White,Quarantine,False
AUTO5458,Bird5458,17,Cockatiel,Black,Quarantine,True
AUTO5459,Bird5459,8,Finch,Yellow,In Aviary,False
AUTO5460,Bird5460,17,Owl,White,In Aviary,True
AUTO5461,Bird5461,22,Finch,White,Quarantine,False
AUTO5462,Bird5462,7,Owl,Red,Sold,True
AUTO5463,Bird5463,11,Eagle,Red,Sold,True
AUTO5464,Bird5464,5,Finch,Blue,Sold,True
AUTO5465,Bird5465,10,Eagle,Green,Quarantine,True
AUTO5466,Bird5466,8,Parrot,Black,In Aviary,True
AUTO5467,Bird5467,24,Finch,Green,In Aviary,True
AUTO5468,Bird5468,13,Eagle,Green,Sold,False
AUTO5469,Bird5469,3,Cockatiel,Yellow,In Aviary,False
AUTO5470,Bird5470,12,Parrot,Black,In Aviary,True
AUTO5471,Bird5471,15,Parrot,Yellow,Quarantine,True
AUTO5472,Bird5472,23,Parrot,Blue,Quarantine,True
AUTO5473,Bird5473,9,Parrot,Red,Quarantine,False
AUTO5474,Bird5474,10,Owl,Yellow,Quarantine,True
AUTO5475,Bird5475,21,Owl,Yellow,Quarantine,False
AUTO5476,Bird5476,9,Owl,White,In Aviary,False
AUTO5477,Bird5477,12,Eagle,Yellow,In Aviary,True
AUTO5478,Bird5478,22,Owl,Green,Sold,False
AUTO5479,Bird5479,3,Finch,Red,Quarantine,False
AUTO5480,Bird5480,13,Eagle,Red,Sold,False
AUTO5481,Bird5481,23,Parrot,Yellow,Quarantine,False
AUTO5482,Bird5482,1,Owl,Black,Sold,False
AUTO5483,Bird5483,4,Owl,Blue,Sold,False
AUTO5484,Bird5484,10,Cockatiel,Blue,Quarantine,False
AUTO5485,Bird5485,18,Cockatiel,White,Sold,False
AUTO5486,Bird5486,19,Cockatiel,Green,In Aviary,True
AUTO5487,Bird5487,11,Parrot,Yellow,Quarantine,False
AUTO5488,Bird5488,24,Cockatiel,Green,In Aviary,False
AUTO5489,Bird5489,11,Owl,Green,In Aviary,True
AUTO5490,Bird5490,11,Finch,Green,In Aviary,False
AUTO5491,Bird5491,21,Finch,Yellow,Quarantine,False
AUTO5492,Bird5492,12,Parrot,Blue,Sold,True
AUTO5493,Bird5493,6,Finch,Red,Sold,True
AUTO5494,Bird5494,3,Cockatiel,Green,Quarantine,False
AUTO5495,Bird5495,22,Eagle,Green,In Aviary,True
AUTO5496,Bird5496,24,Finch,Blue,In Aviary,True
AUTO5497,Bird5497,12,Eagle,Green,In Aviary,False
AUTO5498,Bird5498,7,Parrot,Blue,In Aviary,True
AUTO5499,Bird5499,14,Finch,Blue,In Aviary,False
AUTO5500,Bird5500,21,Eagle,Black,Quarantine,True
AUTO5501,Bird5501,23,Eagle,Green,In Aviary,False
AUTO5502,Bird5502,23,Parrot,White,In Aviary,True
AUTO5503,Bird5503,13,Owl,Green,Sold,True
AUTO5504,Bird5504,17,Eagle,Black,Quarantine,True
AUTO5505,Bird5505,6,Eagle,White,In Aviary,False
AUTO5506,Bird5506,12,Owl,Green,In Aviary,True
AUTO5507,Bird5507,16,Owl,Blue,In Aviary,False
AUTO5508,Bird5508,22,Parrot,Green,Quarantine,False
AUTO5509,Bird5509,6,Eagle,White,Quarantine,True
AUTO5510,Bird5510,9,Finch,White,In Aviary,True
AUTO5511,Bird5511,6,Cockatiel,Blue,Quarantine,False
AUTO5512,Bird5512,3,Owl,Yellow,Sold,True
AUTO5513,Bird5513,9,Cockatiel,Blue,In Aviary,True
AUTO5514,Bird5514,4,Eagle,White,Sold,False
AUTO5515,Bird5515,13,Parrot,White,Quarantine,True
AUTO5516,Bird5516,6,Eagle,White,In Aviary,True
AUTO5517,Bird5517,13,Owl,Blue,Quarantine,False
AUTO5518,Bird5518,24,Eagle,Red,Quarantine,True
AUTO5519,Bird5519,18,Finch,Black,Quarantine,True
AUTO5520,Bird5520,17,Eagle,Blue,Quarantine,False
AUTO5521,Bird5521,23,Cockatiel,Blue,Sold,True
AUTO5522,Bird5522,19,Finch,White,Sold,False
AUTO5523,Bird5523,12,Finch,Black,Sold,False
AUTO5524,Bird5524,12,Parrot,White,Quarantine,False
AUTO5525,Bird5525,13,Owl,Red,In Aviary,True
AUTO5526,Bird5526,22,Owl,Black,Sold,False
AUTO5527,Bird5527,10,Eagle,Red,Sold,False
AUTO5528,Bird5528,10,Parrot,Yellow,Sold,True
AUTO5529,Bird5529,4,Parrot,Green,Quarantine,True
AUTO5530,Bird5530,6,Parrot,Blue,Quarantine,True
AUTO5531,Bird5531,10,Finch,Black,In Aviary,False
AUTO5532,Bird5532,15,Eagle,Yellow,Quarantine,False
AUTO5533,Bird5533,16,Cockatiel,Red,Quarantine,True
AUTO5534,Bird5534,4,Eagle,White,In Aviary,True
AUTO5535,Bird5535,18,Finch,Blue,Sold,True
AUTO5536,Bird5536,22,Owl,Yellow,Quarantine,True
AUTO5537,Bird5537,11,Eagle,Yellow,Quarantine,False
AUTO5538,Bird5538,5,Owl,White,Sold,True
AUTO5539,Bird5539,18,Owl,Yellow,In Aviary,True
AUTO5540,Bird5540,13,Owl,Black,Sold,True
AUTO5541,Bird5541,9,Owl,Black,Quarantine,False
AUTO5542,Bird5542,10,Finch,Red,Sold,False
AUTO5543,Bird5543,9,Finch,Yellow,Quarantine,True
AUTO5544,Bird5544,20,Finch,Yellow,Quarantine,False
AUTO5545,Bird5545,14,Parrot,White,In Aviary,False
AUTO5546,Bird5546,8,Parrot,Blue,In Aviary,False
AUTO5547,Bird5547,15,Eagle,Red,In Aviary,True
AUTO5548,Bird5548,9,Parrot,Blue,In Aviary,False
AUTO5549,Bird5549,5,Finch,Black,Quarantine,False
AUTO5550,Bird5550,20,Parrot,Black,Quarantine,False
AUTO5551,Bird5551,1,Owl,Green,In Aviary,True
AUTO5552,Bird5552,20,Parrot,Red,Quarantine,True
AUTO5553,Bird5553,4,Finch,Yellow,Quarantine,True
AUTO5554,Bird5554,14,Finch,White,Quarantine,False
AUTO5555,Bird5555,24,Eagle,White,Quarantine,True
AUTO5556,Bird5556,22,Cockatiel,Black,Quarantine,True
AUTO5557,Bird5557,23,Owl,Blue,Sold,True
AUTO5558,Bird5558,17,Owl,Red,Sold,False
AUTO5559,Bird5559,11,Parrot,Green,Sold,True
AUTO5560,Bird5560,21,Finch,Blue,In Aviary,True
AUTO5561,Bird5561,24,Finch,Black,Quarantine,False
AUTO5562,Bird5562,22,Owl,Blue,In Aviary,False
AUTO5563,Bird5563,24,Eagle,Red,In Aviary,True
AUTO5564,Bird5564,2,Eagle,White,In Aviary,True
AUTO5565,Bird5565,7,Owl,Blue,Sold,True
AUTO5566,Bird5566,17,Parrot,White,In Aviary,False
AUTO5567,Bird5567,7,Parrot,White,Sold,True
AUTO5568,Bird5568,14,Parrot,Green,Quarantine,True
AUTO5569,Bird5569,19,Parrot,White,In Aviary,False
AUTO5570,Bird5570,8,Owl,Black,Sold,False
AUTO5571,Bird5571,22,Parrot,Red,Sold,False
AUTO5572,Bird5572,21,Parrot,Yellow,In Aviary,True
AUTO5573,Bird5573,14,Owl,Black,Quarantine,True
AUTO5574,Bird5574,22,Owl,Green,In Aviary,False
AUTO5575,Bird5575,5,Parrot,Black,In Aviary,True
AUTO5576,Bird5576,4,Eagle,Black,Sold,False
AUTO5577,Bird5577,12,Owl,Black,Quarantine,True
AUTO5578,Bird5578,14,Parrot,Black,Quarantine,True
AUTO5579,Bird5579,7,Cockatiel,Yellow,Quarantine,False
AUTO5580,Bird5580,21,Owl,White,Quarantine,True
AUTO5581,Bird5581,24,Parrot,Yellow,In Aviary,False
AUTO5582,Bird5582,15,Eagle,Blue,Quarantine,True
AUTO5583,Bird5583,5,Finch,Yellow,Quarantine,True
AUTO5584,Bird5584,24,Eagle,Black,Quarantine,False
AUTO5585,Bird5585,6,Finch,Yellow,Sold,False
AUTO5586,Bird5586,16,Owl,Black,In Aviary,False
AUTO5587,Bird5587,10,Eagle,Blue,Quarantine,False
AUTO5588,Bird5588,19,Finch,Blue,Sold,False
AUTO5589,Bird5589,23,Parrot,White,In Aviary,False
AUTO5590,Bird5590,1,Eagle,Yellow,In Aviary,False
AUTO5591,Bird5591,16,Owl,Yellow,Sold,True
AUTO5592,Bird5592,7,Finch,Yellow,In Aviary,True
AUTO5593,Bird5593,12,Parrot,Red,Quarantine,False
AUTO5594,Bird5594,8,Parrot,Yellow,Quarantine,True
AUTO5595,Bird5595,6,Finch,White,In Aviary,False
AUTO5596,Bird5596,8,Parrot,Green,In Aviary,False
AUTO5597,Bird5597,23,Finch,Yellow,Sold,False
AUTO5598,Bird5598,17,Finch,Yellow,Quarantine,True
AUTO5599,Bird5599,22,Owl,Yellow,Sold,False
AUTO5600,Bird5600,24,Parrot,Black,Quarantine,True
AUTO5601,Bird5601,18,Owl,Blue,In Aviary,False
AUTO5602,Bird5602,19,Owl,Black,Quarantine,False
AUTO5603,Bird5603,21,Parrot,White,In Aviary,True
AUTO5604,Bird5604,7,Finch,Black,Sold,True
AUTO5605,Bird5605,12,Finch,Green,Sold,True
AUTO5606,Bird5606,3,Owl,Black,Quarantine,False
AUTO5607,Bird5607,24,Owl,Blue,Quarantine,True
AUTO5608,Bird5608,23,Finch,White,Quarantine,True
AUTO5609,Bird5609,19,Finch,Black,In Aviary,False
AUTO5610,Bird5610,18,Finch,Black,In Aviary,False
AUTO5611,Bird5611,21,Cockatiel,Yellow,Sold,False
AUTO5612,Bird5612,1,Eagle,Green,Sold,False
AUTO5613,Bird5613,4,Eagle,Yellow,In Aviary,True
AUTO5614,Bird5614,24,Owl,White,Quarantine,False
AUTO5615,Bird5615,4,Parrot,Yellow,Sold,False
AUTO5616,Bird5616,13,Owl,Blue,In Aviary,True
AUTO5617,Bird5617,11,Parrot,Red,Quarantine,False
AUTO5618,Bird5618,11,Owl,Black,Quarantine,True
AUTO5619,Bird5619,7,Eagle,Green,Sold,False
AUTO5620,Bird5620,16,Parrot,Green,In Aviary,False
AUTO5621,Bird5621,23,Parrot,Green,In Aviary,False
AUTO5622,Bird5622,21,Parrot,Black,In Aviary,True
AUTO5623,Bird5623,3,Cockatiel,Blue,Quarantine,False
AUTO5624,Bird5624,24,Finch,Green,Quarantine,False
AUTO5625,Bird5625,1,Cockatiel,Green,Sold,False
AUTO5626,Bird5626,23,Finch,Black,In Aviary,True
AUTO5627,Bird5627,21,Finch,Green,Quarantine,True
AUTO5628,Bird5628,23,Parrot,Yellow,Sold,False
AUTO5629,Bird5629,3,Finch,Red,Sold,True
AUTO5630,Bird5630,7,Parrot,Red,In Aviary,False
AUTO5631,Bird5631,23,Cockatiel,Black,Quarantine,False
AUTO5632,Bird5632,10,Parrot,Red,In Aviary,False
AUTO5633,Bird5633,1,Finch,Yellow,Sold,False
AUTO5634,Bird5634,20,Eagle,Yellow,Quarantine,False
AUTO5635,Bird5635,13,Eagle,Yellow,Sold,False
AUTO5636,Bird5636,9,Eagle,Yellow,Quarantine,False
AUTO5637,Bird5637,20,Eagle,Yellow,In Aviary,True
AUTO5638,Bird5638,8,Parrot,Black,Sold,True
AUTO5639,Bird5639,15,Cockatiel,Yellow,In Aviary,True
AUTO5640,Bird5640,15,Eagle,Blue,In Aviary,True
AUTO5641,Bird5641,15,Cockatiel,Black,In Aviary,False
AUTO5642,Bird5642,9,Parrot,Green,Quarantine,True
AUTO5643,Bird5643,19,Finch,Blue,Quarantine,True
AUTO5644,Bird5644,14,Cockatiel,White,In Aviary,False
AUTO5645,Bird5645,4,Eagle,White,Quarantine,False
AUTO5646,Bird5646,4,Eagle,Green,Quarantine,False
AUTO5647,Bird5647,21,Eagle,Yellow,In Aviary,True
AUTO5648,Bird5648,19,Cockatiel,White,In Aviary,True
AUTO5649,Bird5649,3,Finch,White,In Aviary,False
AUTO5650,Bird5650,4,Owl,Green,Quarantine,True
AUTO5651,Bird5651,2,Cockatiel,White,Sold,False
AUTO5652,Bird5652,11,Parrot,Blue,Quarantine,False
AUTO5653,Bird5653,1,Eagle,White,Quarantine,True
AUTO5654,Bird5654,21,Parrot,Blue,Sold,False
AUTO5655,Bird5655,24,Parrot,Red,Quarantine,False
AUTO5656,Bird5656,8,Cockatiel,Green,Sold,True
AUTO5657,Bird5657,23,Eagle,Blue,In Aviary,True
AUTO5658,Bird5658,23,Eagle,Blue,In Aviary,True
AUTO5659,Bird5659,19,Eagle,White,Quarantine,True
AUTO5660,Bird5660,22,Owl,Yellow,Quarantine,False
AUTO5661,Bird5661,17,Owl,Green,Quarantine,True
AUTO5662,Bird5662,2,Cockatiel,Blue,Quarantine,True
AUTO5663,Bird5663,11,Cockatiel,Red,In Aviary,False
AUTO5664,Bird5664,15,Parrot,Red,In Aviary,False
AUTO5665,Bird5665,18,Finch,Yellow,Sold,False
AUTO5666,Bird5666,14,Eagle,Blue,Sold,False
AUTO5667,Bird5667,24,Eagle,Red,Quarantine,True
AUTO5668,Bird5668,20,Finch,Blue,Sold,False
AUTO5669,Bird5669,8,Cockatiel,Red,In Aviary,True
AUTO5670,Bird5670,10,Eagle,Black,Sold,False
AUTO5671,Bird5671,6,Finch,Red,In Aviary,False
AUTO5672,Bird5672,21,Cockatiel,Black,Sold,False
AUTO5673,Bird5673,3,Eagle,Green,In Aviary,True
AUTO5674,Bird5674,20,Parrot,Red,In Aviary,False
AUTO5675,Bird5675,13,Parrot,Green,Sold,True
AUTO5676,Bird5676,7,Owl,Blue,Sold,False
AUTO5677,Bird5677,2,Parrot,Blue,Quarantine,True
AUTO5678,Bird5678,12,Cockatiel,Yellow,Sold,False
AUTO5679,Bird5679,11,Cockatiel,Yellow,In Aviary,True
AUTO5680,Bird5680,23,Parrot,Black,Quarantine,True
AUTO5681,Bird5681,11,Eagle,Yellow,In Aviary,True
AUTO5682,Bird5682,22,Finch,Yellow,Sold,False
AUTO5683,Bird5683,24,Parrot,Green,In Aviary,False
AUTO5684,Bird5684,16,Parrot,Blue,Quarantine,True
AUTO5685,Bird5685,22,Owl,Yellow,In Aviary,True
AUTO5686,Bird5686,1,Finch,Black,Quarantine,True
AUTO5687,Bird5687,10,Parrot,Red,In Aviary,True
AUTO5688,Bird5688,6,Owl,Green,In Aviary,True
AUTO5689,Bird5689,19,Eagle,White,Quarantine,False
AUTO5690,Bird5690,23,Owl,Yellow,In Aviary,False
AUTO5691,Bird5691,4,Parrot,Yellow,In Aviary,False
AUTO5692,Bird5692,12,Eagle,Black,Quarantine,True
AUTO5693,Bird5693,12,Eagle,Black,In Aviary,True
AUTO5694,Bird5694,7,Eagle,White,Quarantine,False
AUTO5695,Bird5695,15,Finch,Yellow,In Aviary,False
AUTO5696,Bird5696,19,Cockatiel,White,In Aviary,True
AUTO5697,Bird5697,16,Owl,Red,Quarantine,False
AUTO5698,Bird5698,14,Parrot,Green,Sold,False
AUTO5699,Bird5699,18,Finch,Blue,Quarantine,True
AUTO5700,Bird5700,8,Parrot,Red,Quarantine,False
AUTO5701,Bird5701,6,Eagle,White,In Aviary,False
AUTO5702,Bird5702,18,Eagle,Red,Quarantine,False
AUTO5703,Bird5703,11,Owl,Yellow,Quarantine,True
AUTO5704,Bird5704,1,Eagle,White,In Aviary,False
AUTO5705,Bird5705,12,Cockatiel,White,Quarantine,True
AUTO5706,Bird5706,10,Owl,Red,Sold,False
AUTO5707,Bird5707,17,Finch,Blue,Sold,False
AUTO5708,Bird5708,7,Eagle,Green,Sold,True
AUTO5709,Bird5709,1,Parrot,Red,In Aviary,False
AUTO5710,Bird5710,17,Owl,Blue,In Aviary,True
AUTO5711,Bird5711,15,Finch,Blue,Quarantine,True
AUTO5712,Bird5712,2,Finch,Blue,Quarantine,False
AUTO5713,Bird5713,21,Cockatiel,White,In Aviary,True
AUTO5714,Bird5714,19,Owl,Black,Quarantine,True
AUTO5715,Bird5715,16,Finch,Blue,Sold,False
AUTO5716,Bird5716,8,Parrot,White,Sold,False
AUTO5717,Bird5717,19,Cockatiel,Black,In Aviary,True
AUTO5718,Bird5718,6,Cockatiel,Black,Quarantine,True
AUTO5719,Bird5719,10,Cockatiel,Yellow,Sold,True
AUTO5720,Bird5720,17,Parrot,Black,In Aviary,True
AUTO5721,Bird5721,20,Parrot,Black,In Aviary,True
AUTO5722,Bird5722,10,Owl,Blue,In Aviary,True
AUTO5723,Bird5723,5,Parrot,Yellow,In Aviary,True
AUTO5724,Bird5724,7,Cockatiel,Yellow,In Aviary,True
AUTO5725,Bird5725,1,Owl,Black,Sold,True
AUTO5726,Bird5726,15,Eagle,Black,Quarantine,True
AUTO5727,Bird5727,9,Owl,White,Quarantine,False
AUTO5728,Bird5728,2,Eagle,Black,Sold,False
AUTO5729,Bird5729,20,Cockatiel,White,In Aviary,True
AUTO5730,Bird5730,14,Cockatiel,Blue,Sold,False
AUTO5731,Bird5731,10,Cockatiel,White,In Aviary,False
AUTO5732,Bird5732,20,Cockatiel,Yellow,Quarantine,True
AUTO5733,Bird5733,20,Parrot,Yellow,Sold,True
AUTO5734,Bird5734,17,Eagle,Black,Quarantine,False
AUTO5735,Bird5735,15,Owl,Red,Quarantine,True
AUTO5736,Bird5736,19,Eagle,White,Sold,True
AUTO5737,Bird5737,16,Cockatiel,Green,Quarantine,True
AUTO5738,Bird5738,5,Finch,White,In Aviary,False
AUTO5739,Bird5739,3,Eagle,Red,Quarantine,True
AUTO5740,Bird5740,24,Finch,White,Quarantine,True
AUTO5741,Bird5741,5,Finch,Green,In Aviary,False
AUTO5742,Bird5742,1,Cockatiel,Red,Quarantine,False
AUTO5743,Bird5743,7,Finch,Blue,Quarantine,True
AUTO5744,Bird5744,12,Owl,Yellow,Sold,False
AUTO5745,Bird5745,22,Eagle,Green,Quarantine,False
AUTO5746,Bird5746,14,Cockatiel,Yellow,Sold,True
AUTO5747,Bird5747,23,Owl,Blue,In Aviary,False
AUTO5748,Bird5748,6,Parrot,Blue,Sold,False
AUTO5749,Bird5749,8,Owl,White,Quarantine,True
AUTO5750,Bird5750,2,Cockatiel,White,Quarantine,True
AUTO5751,Bird5751,20,Parrot,Black,Quarantine,True
AUTO5752,Bird5752,12,Finch,Red,In Aviary,True
AUTO5753,Bird5753,1,Cockatiel,Blue,Sold,True
AUTO5754,Bird5754,13,Eagle,Red,Sold,True
AUTO5755,Bird5755,21,Finch,Red,In Aviary,True
AUTO5756,Bird5756,4,Cockatiel,White,Sold,True
AUTO5757,Bird5757,18,Owl,Yellow,Sold,False
AUTO5758,Bird5758,22,Owl,Black,Quarantine,False
AUTO5759,Bird5759,17,Eagle,White,Sold,False
AUTO5760,Bird5760,9,Cockatiel,Green,Sold,False
AUTO5761,Bird5761,4,Finch,Green,In Aviary,False
AUTO5762,Bird5762,23,Cockatiel,Black,Sold,False
AUTO5763,Bird5763,4,Eagle,Black,Sold,False
AUTO5764,Bird5764,23,Parrot,White,Sold,True
AUTO5765,Bird5765,7,Cockatiel,White,Quarantine,True
AUTO5766,Bird5766,18,Eagle,Yellow,Sold,False
AUTO5767,Bird5767,9,Owl,Green,Sold,False
AUTO5768,Bird5768,14,Finch,Green,Sold,True
AUTO5769,Bird5769,4,Owl,Blue,Quarantine,True
AUTO5770,Bird5770,13,Parrot,Red,Quarantine,True
AUTO5771,Bird5771,4,Parrot,White,Quarantine,True
AUTO5772,Bird5772,1,Finch,Green,In Aviary,True
AUTO5773,Bird5773,18,Parrot,Black,Sold,True
AUTO5774,Bird5774,24,Eagle,Red,In Aviary,True
AUTO5775,Bird5775,23,Parrot,Yellow,Sold,True
AUTO5776,Bird5776,24,Cockatiel,White,Sold,True
AUTO5777,Bird5777,23,Parrot,Green,Quarantine,True
AUTO5778,Bird5778,5,Eagle,Black,In Aviary,True
AUTO5779,Bird5779,4,Eagle,Yellow,Quarantine,True
AUTO5780,Bird5780,13,Eagle,Yellow,Sold,True
AUTO5781,Bird5781,17,Owl,White,Quarantine,False
AUTO5782,Bird5782,8,Owl,Red,Sold,False
AUTO5783,Bird5783,14,Eagle,Yellow,In Aviary,False
AUTO5784,Bird5784,13,Cockatiel,Yellow,Sold,True
AUTO5785,Bird5785,3,Cockatiel,Yellow,Sold,False
AUTO5786,Bird5786,12,Parrot,White,Sold,True
AUTO5787,Bird5787,20,Finch,White,Sold,True
AUTO5788,Bird5788,2,Parrot,Red,Quarantine,False
AUTO5789,Bird5789,3,Finch,Green,Sold,False
AUTO5790,Bird5790,14,Eagle,Yellow,Quarantine,True
AUTO5791,Bird5791,1,Owl,Blue,In Aviary,False
AUTO5792,Bird5792,8,Eagle,Yellow,In Aviary,True
AUTO5793,Bird5793,10,Finch,Yellow,Quarantine,False
AUTO5794,Bird5794,1,Owl,Blue,Quarantine,False
AUTO5795,Bird5795,11,Owl,Blue,Sold,True
AUTO5796,Bird5796,20,Finch,Blue,In Aviary,False
AUTO5797,Bird5797,3,Parrot,White,In Aviary,False
AUTO5798,Bird5798,20,Eagle,Blue,Quarantine,True
AUTO5799,Bird5799,16,Finch,Green,Quarantine,False
AUTO5800,Bird5800,6,Finch,Red,Sold,True
AUTO5801,Bird5801,8,Owl,Red,In Aviary,True
AUTO5802,Bird5802,12,Parrot,White,Quarantine,False
AUTO5803,Bird5803,23,Cockatiel,Blue,Quarantine,True
AUTO5804,Bird5804,19,Owl,White,Quarantine,True
AUTO5805,Bird5805,21,Parrot,Black,In Aviary,False
AUTO5806,Bird5806,19,Cockatiel,Yellow,Quarantine,False
AUTO5807,Bird5807,19,Owl,Yellow,Quarantine,False
AUTO5808,Bird5808,2,Eagle,White,In Aviary,False
AUTO5809,Bird5809,9,Parrot,White,In Aviary,False
AUTO5810,Bird5810,15,Parrot,Red,Quarantine,True
AUTO5811,Bird5811,19,Eagle,Black,Quarantine,False
AUTO5812,Bird5812,10,Cockatiel,Yellow,Quarantine,False
AUTO5813,Bird5813,21,Cockatiel,Yellow,Quarantine,True
AUTO5814,Bird5814,23,Eagle,Black,Quarantine,True
AUTO5815,Bird5815,15,Eagle,White,Quarantine,False
AUTO5816,Bird5816,14,Eagle,Blue,Sold,False
AUTO5817,Bird5817,11,Finch,Black,Quarantine,True
AUTO5818,Bird5818,1,Owl,Blue,Sold,False
AUTO5819,Bird5819,1,Parrot,White,Quarantine,True
AUTO5820,Bird5820,23,Parrot,Red,Quarantine,True
AUTO5821,Bird5821,1,Owl,Blue,Sold,False
AUTO5822,Bird5822,20,Eagle,Black,Quarantine,False
AUTO5823,Bird5823,18,Parrot,Black,Sold,False
AUTO5824,Bird5824,8,Eagle,Black,Quarantine,True
AUTO5825,Bird5825,15,Parrot,Black,Sold,False
AUTO5826,Bird5826,8,Cockatiel,White,In Aviary,True
AUTO5827,Bird5827,23,Eagle,Red,Sold,True
AUTO5828,Bird5828,2,Cockatiel,Blue,In Aviary,True
AUTO5829,Bird5829,18,Parrot,Yellow,Quarantine,True
AUTO5830,Bird5830,1,Cockatiel,Black,In Aviary,True
AUTO5831,Bird5831,19,Finch,Yellow,In Aviary,True
AUTO5832,Bird5832,8,Eagle,White,In Aviary,False
AUTO5833,Bird5833,6,Owl,Green,Quarantine,True
AUTO5834,Bird5834,15,Cockatiel,Green,Sold,True
AUTO5835,Bird5835,9,Owl,Yellow,In Aviary,True
AUTO5836,Bird5836,13,Cockatiel,Green,In Aviary,False
AUTO5837,Bird5837,15,Cockatiel,Yellow,Sold,True
AUTO5838,Bird5838,11,Eagle,Blue,Sold,True
AUTO5839,Bird5839,13,Finch,White,In Aviary,True
AUTO5840,Bird5840,20,Finch,White,Quarantine,True
AUTO5841,Bird5841,19,Parrot,Green,Quarantine,False
AUTO5842,Bird5842,22,Parrot,Red,In Aviary,False
AUTO5843,Bird5843,7,Owl,Black,Sold,True
AUTO5844,Bird5844,8,Finch,Black,Quarantine,True
AUTO5845,Bird5845,17,Eagle,Red,Sold,False
AUTO5846,Bird5846,4,Finch,Red,Quarantine,True
AUTO5847,Bird5847,18,Finch,White,Sold,True
AUTO5848,Bird5848,14,Finch,Green,In Aviary,False
AUTO5849,Bird5849,15,Finch,Yellow,Quarantine,True
AUTO5850,Bird5850,20,Parrot,Yellow,Sold,True
AUTO5851,Bird5851,9,Parrot,Black,Quarantine,True
AUTO5852,Bird5852,7,Eagle,White,In Aviary,True
AUTO5853,Bird5853,23,Parrot,Yellow,Quarantine,True
AUTO5854,Bird5854,18,Finch,Black,In Aviary,False
AUTO5855,Bird5855,5,Eagle,White,In Aviary,True
AUTO5856,Bird5856,20,Owl,White,Quarantine,False
AUTO5857,Bird5857,22,Eagle,Blue,In Aviary,True
AUTO5858,Bird5858,22,Eagle,Yellow,Quarantine,True
AUTO5859,Bird5859,23,Owl,Yellow,Quarantine,True
AUTO5860,Bird5860,21,Cockatiel,Green,Sold,False
AUTO5861,Bird5861,10,Cockatiel,Green,Sold,False
AUTO5862,Bird5862,4,Owl,Black,Sold,True
AUTO5863,Bird5863,16,Parrot,Blue,Sold,True
AUTO5864,Bird5864,11,Finch,Red,In Aviary,True
AUTO5865,Bird5865,19,Finch,White,Sold,True
AUTO5866,Bird5866,13,Eagle,Yellow,Quarantine,False
AUTO5867,Bird5867,6,Owl,Red,In Aviary,False
AUTO5868,Bird5868,1,Eagle,White,Sold,True
AUTO5869,Bird5869,12,Eagle,Yellow,Quarantine,False
AUTO5870,Bird5870,2,Eagle,Black,Quarantine,False
AUTO5871,Bird5871,9,Cockatiel,Yellow,Quarantine,True
AUTO5872,Bird5872,14,Parrot,Black,In Aviary,True
AUTO5873,Bird5873,13,Cockatiel,Yellow,Quarantine,False
AUTO5874,Bird5874,15,Cockatiel,Yellow,In Aviary,False
AUTO5875,Bird5875,21,Parrot,Blue,In Aviary,False
AUTO5876,Bird5876,19,Eagle,Blue,In Aviary,False
AUTO5877,Bird5877,23,Owl,Black,Sold,False
AUTO5878,Bird5878,17,Parrot,Green,Sold,True
AUTO5879,Bird5879,9,Parrot,Blue,Sold,False
AUTO5880,Bird5880,10,Owl,Yellow,Sold,False
AUTO5881,Bird5881,9,Finch,Green,Quarantine,True
AUTO5882,Bird5882,16,Eagle,Black,Quarantine,True
AUTO5883,Bird5883,4,Finch,Red,Quarantine,True
AUTO5884,Bird5884,4,Owl,White,Sold,False
AUTO5885,Bird5885,3,Parrot,Black,In Aviary,False
AUTO5886,Bird5886,14,Eagle,White,Sold,True
AUTO5887,Bird5887,3,Owl,Black,Quarantine,True
AUTO5888,Bird5888,17,Finch,Black,Quarantine,True
AUTO5889,Bird5889,20,Cockatiel,White,In Aviary,True
AUTO5890,Bird5890,19,Eagle,Black,Quarantine,True
AUTO5891,Bird5891,8,Finch,White,Sold,False
AUTO5892,Bird5892,16,Finch,Black,Quarantine,True
AUTO5893,Bird5893,1,Cockatiel,White,Sold,False
AUTO5894,Bird5894,21,Finch,Yellow,In Aviary,True
AUTO5895,Bird5895,7,Finch,Yellow,In Aviary,True
AUTO5896,Bird5896,8,Cockatiel,White,In Aviary,True
AUTO5897,Bird5897,6,Finch,Black,In Aviary,False
AUTO5898,Bird5898,17,Parrot,Yellow,Quarantine,False
AUTO5899,Bird5899,13,Cockatiel,Blue,In Aviary,True
AUTO5900,Bird5900,9,Finch,White,Sold,False
AUTO5901,Bird5901,7,Owl,Black,Quarantine,False
AUTO5902,Bird5902,3,Cockatiel,Blue,In Aviary,True
AUTO5903,Bird5903,24,Eagle,Red,Quarantine,False
AUTO5904,Bird5904,12,Finch,White,Sold,True
AUTO5905,Bird5905,18,Owl,Yellow,In Aviary,True
AUTO5906,Bird5906,18,Eagle,Red,In Aviary,False
AUTO5907,Bird5907,7,Eagle,Red,Sold,True
AUTO5908,Bird5908,8,Finch,Red,In Aviary,True
AUTO5909,Bird5909,7,Cockatiel,Green,Sold,False
AUTO5910,Bird5910,12,Finch,Red,Quarantine,False
AUTO5911,Bird5911,19,Cockatiel,Red,In Aviary,False
AUTO5912,Bird5912,8,Eagle,Green,Quarantine,False
AUTO5913,Bird5913,18,Cockatiel,Blue,Sold,True
AUTO5914,Bird5914,20,Cockatiel,Red,Sold,True
AUTO5915,Bird5915,20,Cockatiel,Blue,Sold,True
AUTO5916,Bird5916,17,Owl,Black,Sold,False
AUTO5917,Bird5917,14,Owl,Black,Sold,False
AUTO5918,Bird5918,5,Owl,Yellow,Quarantine,False
AUTO5919,Bird5919,6,Owl,Red,In Aviary,True
AUTO5920,Bird5920,5,Owl,Red,In Aviary,False
AUTO5921,Bird5921,11,Parrot,Blue,Quarantine,True
AUTO5922,Bird5922,12,Finch,Black,Quarantine,False
AUTO5923,Bird5923,22,Parrot,Blue,In Aviary,True
AUTO5924,Bird5924,10,Owl,Black,Quarantine,False
AUTO5925,Bird5925,19,Eagle,Green,Quarantine,True
AUTO5926,Bird5926,13,Eagle,Green,Sold,False
AUTO5927,Bird5927,8,Cockatiel,Blue,In Aviary,True
AUTO5928,Bird5928,8,Owl,Green,Quarantine,True
AUTO5929,Bird5929,21,Cockatiel,Black,Quarantine,False
AUTO5930,Bird5930,21,Parrot,Red,In Aviary,False
AUTO5931,Bird5931,4,Cockatiel,Red,Quarantine,True
AUTO5932,Bird5932,4,Cockatiel,White,Quarantine,False
AUTO5933,Bird5933,1,Finch,Green,In Aviary,True
AUTO5934,Bird5934,8,Finch,Yellow,Sold,True
AUTO5935,Bird5935,17,Finch,Blue,In Aviary,True
AUTO5936,Bird5936,3,Eagle,Blue,Sold,False
AUTO5937,Bird5937,19,Parrot,Blue,Quarantine,False
AUTO5938,Bird5938,12,Finch,Black,Sold,True
AUTO5939,Bird5939,11,Owl,Black,Quarantine,False
AUTO5940,Bird5940,17,Eagle,Yellow,Sold,False
AUTO5941,Bird5941,10,Cockatiel,Yellow,Quarantine,True
AUTO5942,Bird5942,3,Owl,Red,In Aviary,False
AUTO5943,Bird5943,23,Parrot,Green,Quarantine,True
AUTO5944,Bird5944,5,Owl,White,In Aviary,True
AUTO5945,Bird5945,24,Owl,White,Quarantine,False
AUTO5946,Bird5946,13,Parrot,Red,Sold,False
AUTO5947,Bird5947,3,Parrot,Red,Sold,True
AUTO5948,Bird5948,13,Eagle,Red,Quarantine,False
AUTO5949,Bird5949,11,Parrot,Yellow,Sold,False
AUTO5950,Bird5950,2,Finch,Black,Quarantine,False
AUTO5951,Bird5951,21,Parrot,Blue,Sold,True
AUTO5952,Bird5952,16,Finch,Black,Sold,False
AUTO5953,Bird5953,20,Cockatiel,Green,In Aviary,False
AUTO5954,Bird5954,14,Cockatiel,Blue,In Aviary,True
AUTO5955,Bird5955,16,Cockatiel,White,In Aviary,False
AUTO5956,Bird5956,22,Cockatiel,Green,Quarantine,True
AUTO5957,Bird5957,1,Cockatiel,Red,Sold,True
AUTO5958,Bird5958,21,Cockatiel,White,Quarantine,True
AUTO5959,Bird5959,24,Eagle,White,In Aviary,False
AUTO5960,Bird5960,20,Parrot,Red,Sold,False
AUTO5961,Bird5961,19,Parrot,Red,Quarantine,False
AUTO5962,Bird5962,8,Parrot,Red,Quarantine,False
AUTO5963,Bird5963,7,Finch,Yellow,Quarantine,True
AUTO5964,Bird5964,17,Finch,Green,Quarantine,False
AUTO5965,Bird5965,14,Finch,Red,Sold,True
AUTO5966,Bird5966,22,Parrot,Green,In Aviary,True
AUTO5967,Bird5967,15,Cockatiel,Blue,In Aviary,True
AUTO5968,Bird5968,9,Finch,Green,Quarantine,False
AUTO5969,Bird5969,10,Finch,Red,Quarantine,True
AUTO5970,Bird5970,5,Cockatiel,Black,Sold,True
AUTO5971,Bird5971,24,Finch,Black,In Aviary,False
AUTO5972,Bird5972,20,Cockatiel,Black,Quarantine,True
AUTO5973,Bird5973,7,Finch,White,Quarantine,True
AUTO5974,Bird5974,6,Eagle,White,Sold,False
AUTO5975,Bird5975,14,Cockatiel,Blue,Sold,False
AUTO5976,Bird5976,4,Finch,Black,Sold,False
AUTO5977,Bird5977,20,Cockatiel,Yellow,Sold,False
AUTO5978,Bird5978,20,Parrot,Yellow,Quarantine,True
AUTO5979,Bird5979,1,Owl,Green,In Aviary,True
AUTO5980,Bird5980,7,Eagle,Red,Sold,False
AUTO5981,Bird5981,17,Eagle,Black,Sold,False
AUTO5982,Bird5982,24,Owl,Black,Quarantine,True
AUTO5983,Bird5983,13,Parrot,Red,In Aviary,False
AUTO5984,Bird5984,6,Eagle,Yellow,Quarantine,False
AUTO5985,Bird5985,8,Owl,Green,In Aviary,False
AUTO5986,Bird5986,21,Cockatiel,Blue,Quarantine,False
AUTO5987,Bird5987,1,Owl,Red,Quarantine,True
AUTO5988,Bird5988,22,Finch,Green,Quarantine,False
AUTO5989,Bird5989,14,Parrot,Green,Quarantine,False
AUTO5990,Bird5990,13,Owl,Blue,In Aviary,False
AUTO5991,Bird5991,13,Eagle,Red,Sold,False
AUTO5992,Bird5992,20,Eagle,Green,Quarantine,False
AUTO5993,Bird5993,17,Parrot,Black,Sold,True
AUTO5994,Bird5994,13,Owl,Blue,Sold,False
AUTO5995,Bird5995,3,Parrot,Red,Sold,True
AUTO5996,Bird5996,15,Cockatiel,White,Quarantine,True
AUTO5997,Bird5997,12,Cockatiel,Blue,In Aviary,False
AUTO5998,Bird5998,19,Cockatiel,Black,Quarantine,True
AUTO5999,Bird5999,1,Eagle,Black,In Aviary,False
AUTO6000,Bird6000,1,Owl,Yellow,In Aviary,False
AUTO6001,Bird6001,15,Parrot,Blue,Quarantine,True
AUTO6002,Bird6002,17,Parrot,Green,In Aviary,False
AUTO6003,Bird6003,16,Finch,Green,Sold,True
AUTO6004,Bird6004,1,Eagle,Red,Quarantine,True
AUTO6005,Bird6005,1,Cockatiel,Green,Sold,False
AUTO6006,Bird6006,18,Parrot,Blue,Quarantine,True
AUTO6007,Bird6007,24,Owl,Black,In Aviary,True
AUTO6008,Bird6008,23,Eagle,Black,Quarantine,False
AUTO6009,Bird6009,6,Finch,Red,Sold,True
AUTO6010,Bird6010,18,Finch,Green,In Aviary,True
AUTO6011,Bird6011,3,Eagle,White,In Aviary,False
AUTO6012,Bird6012,12,Cockatiel,Yellow,Sold,False
AUTO6013,Bird6013,23,Parrot,Red,Sold,True
AUTO6014,Bird6014,22,Eagle,Blue,Sold,False
AUTO6015,Bird6015,20,Owl,Yellow,In Aviary,True
AUTO6016,Bird6016,14,Parrot,White,Sold,True
AUTO6017,Bird6017,21,Cockatiel,Black,Quarantine,False
AUTO6018,Bird6018,2,Parrot,Green,Sold,False
AUTO6019,Bird6019,18,Cockatiel,Green,Quarantine,False
AUTO6020,Bird6020,16,Finch,Red,In Aviary,False
AUTO6021,Bird6021,18,Parrot,Black,Quarantine,True
AUTO6022,Bird6022,3,Finch,Yellow,Sold,True
AUTO6023,Bird6023,10,Eagle,White,Sold,False
AUTO6024,Bird6024,17,Eagle,Yellow,Sold,True
AUTO6025,Bird6025,2,Finch,Green,Sold,True
AUTO6026,Bird6026,24,Finch,Black,Sold,True
AUTO6027,Bird6027,13,Owl,Black,Sold,False
AUTO6028,Bird6028,1,Finch,White,Quarantine,False
AUTO6029,Bird6029,7,Finch,Green,Sold,True
AUTO6030,Bird6030,6,Parrot,Green,Sold,True
AUTO6031,Bird6031,20,Owl,Red,Quarantine,False
AUTO6032,Bird6032,1,Finch,Green,Quarantine,False
AUTO6033,Bird6033,6,Parrot,Green,Sold,False
AUTO6034,Bird6034,8,Parrot,Red,Quarantine,True
AUTO6035,Bird6035,15,Finch,Red,Sold,False
AUTO6036,Bird6036,13,Cockatiel,Yellow,In Aviary,True
AUTO6037,Bird6037,2,Parrot,Black,Sold,True
AUTO6038,Bird6038,7,Finch,Blue,In Aviary,True
AUTO6039,Bird6039,22,Owl,Red,In Aviary,False
AUTO6040,Bird6040,18,Eagle,Yellow,In Aviary,False
AUTO6041,Bird6041,24,Finch,Yellow,Quarantine,True
AUTO6042,Bird6042,15,Cockatiel,Blue,In Aviary,True
AUTO6043,Bird6043,7,Owl,White,Quarantine,True
AUTO6044,Bird6044,13,Owl,Yellow,Sold,True
AUTO6045,Bird6045,7,Cockatiel,White,In Aviary,True
AUTO6046,Bird6046,21,Parrot,Blue,Sold,True
AUTO6047,Bird6047,24,Parrot,Yellow,In Aviary,True
AUTO6048,Bird6048,5,Cockatiel,Green,In Aviary,False
AUTO6049,Bird6049,14,Eagle,Green,Quarantine,True
AUTO6050,Bird6050,18,Finch,Blue,In Aviary,True
AUTO6051,Bird6051,23,Finch,Blue,Sold,True
AUTO6052,Bird6052,22,Finch,Red,Quarantine,True
AUTO6053,Bird6053,5,Owl,Black,In Aviary,False
AUTO6054,Bird6054,21,Owl,White,Sold,True
AUTO6055,Bird6055,9,Owl,Blue,Sold,False
AUTO6056,Bird6056,4,Finch,White,Quarantine,False
AUTO6057,Bird6057,8,Eagle,Green,Quarantine,False
AUTO6058,Bird6058,13,Parrot,Red,Sold,False
AUTO6059,Bird6059,13,Cockatiel,White,In Aviary,False
AUTO6060,Bird6060,2,Finch,Green,In Aviary,True
AUTO6061,Bird6061,15,Finch,Blue,Sold,True
AUTO6062,Bird6062,15,Finch,Red,Sold,False
AUTO6063,Bird6063,7,Parrot,White,Sold,False
AUTO6064,Bird6064,16,Eagle,White,Quarantine,True
AUTO6065,Bird6065,22,Finch,Green,In Aviary,True
AUTO6066,Bird6066,23,Owl,Green,Sold,False
AUTO6067,Bird6067,13,Eagle,Red,Sold,False
AUTO6068,Bird6068,17,Eagle,Green,Sold,True
AUTO6069,Bird6069,1,Cockatiel,White,Sold,True
AUTO6070,Bird6070,21,Parrot,Red,Quarantine,False
AUTO6071,Bird6071,12,Eagle,Blue,Sold,False
AUTO6072,Bird6072,14,Cockatiel,White,Sold,False
AUTO6073,Bird6073,9,Owl,Yellow,Sold,False
AUTO6074,Bird6074,14,Parrot,Black,Sold,True
AUTO6075,Bird6075,7,Owl,Green,Sold,True
AUTO6076,Bird6076,22,Cockatiel,Yellow,In Aviary,True
AUTO6077,Bird6077,1,Eagle,Yellow,Sold,False
AUTO6078,Bird6078,3,Finch,Green,Sold,True
AUTO6079,Bird6079,6,Finch,Yellow,In Aviary,True
AUTO6080,Bird6080,6,Owl,Blue,Sold,True
AUTO6081,Bird6081,2,Parrot,Yellow,Quarantine,False
AUTO6082,Bird6082,15,Finch,Red,In Aviary,True
AUTO6083,Bird6083,5,Parrot,Blue,Sold,True
AUTO6084,Bird6084,24,Cockatiel,Red,Quarantine,False
AUTO6085,Bird6085,13,Parrot,Green,Quarantine,True
AUTO6086,Bird6086,18,Finch,Black,Quarantine,True
AUTO6087,Bird6087,22,Cockatiel,Blue,Quarantine,False
AUTO6088,Bird6088,11,Parrot,Blue,Quarantine,False
AUTO6089,Bird6089,18,Finch,White,In Aviary,False
AUTO6090,Bird6090,2,Cockatiel,Red,Sold,True
AUTO6091,Bird6091,12,Parrot,Blue,Quarantine,False
AUTO6092,Bird6092,1,Owl,Green,Sold,False
AUTO6093,Bird6093,20,Parrot,Blue,In Aviary,False
AUTO6094,Bird6094,13,Cockatiel,Black,Sold,False
AUTO6095,Bird6095,20,Parrot,Black,Sold,False
AUTO6096,Bird6096,10,Owl,Black,Quarantine,False
AUTO6097,Bird6097,12,Finch,Blue,Quarantine,True
AUTO6098,Bird6098,9,Owl,Black,Sold,True
AUTO6099,Bird6099,16,Eagle,Yellow,Sold,False
AUTO6100,Bird6100,4,Eagle,Black,In Aviary,True
AUTO6101,Bird6101,4,Owl,White,Quarantine,True
AUTO6102,Bird6102,22,Owl,Red,Sold,False
AUTO6103,Bird6103,18,Finch,Black,Sold,False
AUTO6104,Bird6104,16,Owl,Green,In Aviary,False
AUTO6105,Bird6105,10,Owl,Yellow,Quarantine,False
AUTO6106,Bird6106,12,Eagle,Green,Quarantine,True
AUTO6107,Bird6107,7,Finch,Blue,In Aviary,False
AUTO6108,Bird6108,22,Parrot,Blue,Quarantine,True
AUTO6109,Bird6109,6,Cockatiel,White,In Aviary,True
AUTO6110,Bird6110,9,Parrot,Red,In Aviary,False
AUTO6111,Bird6111,13,Cockatiel,Green,Sold,True
AUTO6112,Bird6112,4,Cockatiel,Yellow,In Aviary,True
AUTO6113,Bird6113,6,Cockatiel,Green,In Aviary,True
AUTO6114,Bird6114,17,Cockatiel,Red,Sold,True
AUTO6115,Bird6115,6,Owl,Red,Quarantine,False
AUTO6116,Bird6116,24,Parrot,Black,Sold,True
AUTO6117,Bird6117,21,Eagle,Blue,In Aviary,False
AUTO6118,Bird6118,13,Cockatiel,Yellow,Quarantine,False
AUTO6119,Bird6119,17,Owl,Yellow,Quarantine,False
AUTO6120,Bird6120,7,Eagle,White,Sold,False
AUTO6121,Bird6121,21,Parrot,Red,In Aviary,False
AUTO6122,Bird6122,6,Parrot,Blue,Sold,False
AUTO6123,Bird6123,24,Eagle,Red,In Aviary,True
AUTO6124,Bird6124,18,Finch,Red,In Aviary,True
AUTO6125,Bird6125,14,Finch,Yellow,Quarantine,False
AUTO6126,Bird6126,22,Finch,Yellow,In Aviary,True
AUTO6127,Bird6127,10,Cockatiel,White,Quarantine,True
AUTO6128,Bird6128,14,Owl,White,In Aviary,False
AUTO6129,Bird6129,19,Owl,Blue,Quarantine,True
AUTO6130,Bird6130,20,Eagle,Green,Quarantine,True
AUTO6131,Bird6131,1,Cockatiel,Blue,In Aviary,True
AUTO6132,Bird6132,12,Finch,Blue,Quarantine,False
AUTO6133,Bird6133,11,Finch,Red,In Aviary,True
AUTO6134,Bird6134,12,Cockatiel,Red,In Aviary,False
AUTO6135,Bird6135,22,Owl,White,In Aviary,True
AUTO6136,Bird6136,21,Eagle,Black,Quarantine,True
AUTO6137,Bird6137,11,Parrot,Black,Quarantine,True
AUTO6138,Bird6138,14,Parrot,Blue,In Aviary,False
AUTO6139,Bird6139,11,Eagle,Green,Quarantine,False
AUTO6140,Bird6140,1,Finch,Green,Quarantine,True
AUTO6141,Bird6141,1,Cockatiel,Red,In Aviary,False
AUTO6142,Bird6142,19,Eagle,Blue,Quarantine,True
AUTO6143,Bird6143,15,Eagle,Green,In Aviary,True
AUTO6144,Bird6144,20,Owl,Yellow,In Aviary,True
AUTO6145,Bird6145,1,Cockatiel,Black,In Aviary,True
AUTO6146,Bird6146,21,Parrot,White,Quarantine,False
AUTO6147,Bird6147,5,Parrot,Red,Sold,False
AUTO6148,Bird6148,17,Cockatiel,Red,Quarantine,False
AUTO6149,Bird6149,14,Finch,Blue,In Aviary,False
AUTO6150,Bird6150,9,Eagle,Black,Sold,False
AUTO6151,Bird6151,18,Cockatiel,Blue,Sold,False
AUTO6152,Bird6152,23,Eagle,Black,In Aviary,True
AUTO6153,Bird6153,10,Finch,Green,Quarantine,False
AUTO6154,Bird6154,16,Finch,Blue,In Aviary,False
AUTO6155,Bird6155,8,Owl,Green,Sold,False
AUTO6156,Bird6156,1,Parrot,Red,In Aviary,True
AUTO6157,Bird6157,13,Parrot,Black,Sold,True
AUTO6158,Bird6158,6,Owl,Blue,In Aviary,True
AUTO6159,Bird6159,13,Parrot,Yellow,In Aviary,False
AUTO6160,Bird6160,17,Parrot,Green,Quarantine,False
AUTO6161,Bird6161,12,Parrot,Red,Quarantine,True
AUTO6162,Bird6162,21,Owl,Green,Quarantine,False
AUTO6163,Bird6163,20,Eagle,Red,In Aviary,False
AUTO6164,Bird6164,13,Owl,Green,Quarantine,False
AUTO6165,Bird6165,1,Parrot,Blue,Quarantine,True
AUTO6166,Bird6166,24,Cockatiel,Black,Quarantine,True
AUTO6167,Bird6167,9,Owl,Blue,Quarantine,True
AUTO6168,Bird6168,4,Cockatiel,Green,Sold,True
AUTO6169,Bird6169,6,Parrot,Red,Quarantine,True
AUTO6170,Bird6170,10,Eagle,Red,Quarantine,True
AUTO6171,Bird6171,15,Cockatiel,Black,Quarantine,False
AUTO6172,Bird6172,15,Parrot,Green,In Aviary,True
AUTO6173,Bird6173,6,Owl,Black,Sold,True
AUTO6174,Bird6174,4,Parrot,Yellow,In Aviary,False
AUTO6175,Bird6175,19,Eagle,White,Sold,False
AUTO6176,Bird6176,14,Finch,Black,Sold,True
AUTO6177,Bird6177,4,Cockatiel,White,Quarantine,False
AUTO6178,Bird6178,6,Eagle,White,Quarantine,True
AUTO6179,Bird6179,14,Eagle,Yellow,In Aviary,False
AUTO6180,Bird6180,21,Finch,Black,In Aviary,True
AUTO6181,Bird6181,24,Owl,Black,Sold,True
AUTO6182,Bird6182,14,Cockatiel,Blue,Quarantine,False
AUTO6183,Bird6183,15,Finch,Blue,Sold,True
AUTO6184,Bird6184,18,Cockatiel,Blue,Quarantine,False
AUTO6185,Bird6185,18,Finch,Blue,In Aviary,False
AUTO6186,Bird6186,12,Finch,Green,Sold,False
AUTO6187,Bird6187,18,Owl,Black,Quarantine,True
AUTO6188,Bird6188,19,Eagle,Green,Sold,False
AUTO6189,Bird6189,23,Owl,Red,In Aviary,False
AUTO6190,Bird6190,8,Owl,Red,Quarantine,False
AUTO6191,Bird6191,23,Parrot,White,In Aviary,False
AUTO6192,Bird6192,22,Parrot,Blue,Sold,False
AUTO6193,Bird6193,22,Cockatiel,Blue,Quarantine,False
AUTO6194,Bird6194,15,Owl,Red,Sold,False
AUTO6195,Bird6195,14,Eagle,Red,In Aviary,True
AUTO6196,Bird6196,4,Eagle,Red,Quarantine,False
AUTO6197,Bird6197,1,Parrot,White,In Aviary,True
AUTO6198,Bird6198,5,Parrot,White,Quarantine,False
AUTO6199,Bird6199,1,Parrot,Black,Quarantine,True
AUTO6200,Bird6200,22,Owl,Green,In Aviary,True
AUTO6201,Bird6201,8,Finch,Black,Sold,False
AUTO6202,Bird6202,18,Cockatiel,Yellow,Quarantine,True
AUTO6203,Bird6203,16,Parrot,Black,Sold,True
AUTO6204,Bird6204,8,Owl,Blue,In Aviary,False
AUTO6205,Bird6205,20,Parrot,Yellow,In Aviary,True
AUTO6206,Bird6206,2,Owl,Green,Sold,True
AUTO6207,Bird6207,8,Eagle,Blue,Quarantine,False
AUTO6208,Bird6208,3,Finch,Green,Quarantine,True
AUTO6209,Bird6209,3,Parrot,Red,Sold,False
AUTO6210,Bird6210,20,Finch,White,Sold,True
AUTO6211,Bird6211,6,Parrot,Green,Quarantine,False
AUTO6212,Bird6212,20,Eagle,Green,Sold,True
AUTO6213,Bird6213,8,Eagle,Green,Quarantine,False
AUTO6214,Bird6214,9,Eagle,White,Quarantine,False
AUTO6215,Bird6215,5,Cockatiel,Black,Quarantine,False
AUTO6216,Bird6216,17,Cockatiel,Black,Quarantine,False
AUTO6217,Bird6217,24,Cockatiel,Black,Sold,False
AUTO6218,Bird6218,12,Owl,Red,Sold,True
AUTO6219,Bird6219,22,Cockatiel,White,Quarantine,False
AUTO6220,Bird6220,8,Cockatiel,White,Quarantine,False
AUTO6221,Bird6221,10,Owl,Green,Sold,True
AUTO6222,Bird6222,15,Parrot,Red,In Aviary,True
AUTO6223,Bird6223,15,Parrot,Red,Quarantine,False
AUTO6224,Bird6224,8,Parrot,Black,Sold,True
AUTO6225,Bird6225,10,Owl,Blue,In Aviary,False
AUTO6226,Bird6226,10,Eagle,Black,Quarantine,False
AUTO6227,Bird6227,21,Finch,Red,Quarantine,True
AUTO6228,Bird6228,18,Parrot,Green,Quarantine,True
AUTO6229,Bird6229,4,Eagle,Blue,Sold,True
AUTO6230,Bird6230,3,Parrot,Yellow,In Aviary,False
AUTO6231,Bird6231,6,Eagle,Black,In Aviary,False
AUTO6232,Bird6232,23,Parrot,Red,In Aviary,False
AUTO6233,Bird6233,4,Parrot,Black,Quarantine,True
AUTO6234,Bird6234,17,Parrot,Red,In Aviary,True
AUTO6235,Bird6235,22,Parrot,Red,Quarantine,False
AUTO6236,Bird6236,8,Eagle,Blue,Quarantine,True
AUTO6237,Bird6237,9,Parrot,Green,Quarantine,False
AUTO6238,Bird6238,24,Finch,White,Quarantine,False
AUTO6239,Bird6239,3,Finch,Green,Quarantine,True
AUTO6240,Bird6240,11,Parrot,Black,In Aviary,True
AUTO6241,Bird6241,21,Owl,Red,In Aviary,False
AUTO6242,Bird6242,23,Cockatiel,Yellow,Sold,False
AUTO6243,Bird6243,9,Eagle,Black,Quarantine,True
AUTO6244,Bird6244,9,Parrot,Blue,Quarantine,True
AUTO6245,Bird6245,21,Eagle,Green,Quarantine,False
AUTO6246,Bird6246,8,Cockatiel,Yellow,Sold,True
AUTO6247,Bird6247,10,Parrot,Blue,In Aviary,True
AUTO6248,Bird6248,9,Parrot,White,Quarantine,False
AUTO6249,Bird6249,11,Cockatiel,Red,In Aviary,False
AUTO6250,Bird6250,7,Eagle,Green,Quarantine,False
AUTO6251,Bird6251,12,Finch,Blue,In Aviary,True
AUTO6252,Bird6252,13,Cockatiel,Yellow,In Aviary,False
AUTO6253,Bird6253,22,Cockatiel,Blue,In Aviary,True
AUTO6254,Bird6254,6,Owl,Red,Sold,True
AUTO6255,Bird6255,19,Finch,Blue,Quarantine,True
AUTO6256,Bird6256,21,Parrot,Black,Quarantine,True
AUTO6257,Bird6257,15,Owl,Blue,Sold,False
AUTO6258,Bird6258,10,Eagle,Blue,Quarantine,True
AUTO6259,Bird6259,22,Owl,Yellow,In Aviary,True
AUTO6260,Bird6260,23,Eagle,White,In Aviary,False
AUTO6261,Bird6261,13,Parrot,White,Quarantine,False
AUTO6262,Bird6262,10,Cockatiel,Blue,Sold,False
AUTO6263,Bird6263,9,Parrot,Black,Quarantine,True
AUTO6264,Bird6264,15,Finch,Red,Quarantine,False
AUTO6265,Bird6265,3,Parrot,Blue,Sold,False
AUTO6266,Bird6266,16,Finch,Black,Quarantine,True
AUTO6267,Bird6267,2,Owl,White,Quarantine,True
AUTO6268,Bird6268,2,Owl,Red,In Aviary,False
AUTO6269,Bird6269,18,Cockatiel,Black,Sold,False
AUTO6270,Bird6270,7,Cockatiel,Red,Quarantine,True
AUTO6271,Bird6271,12,Parrot,Black,Sold,True
AUTO6272,Bird6272,22,Parrot,Red,Quarantine,False
AUTO6273,Bird6273,15,Parrot,White,Sold,False
AUTO6274,Bird6274,5,Owl,White,Sold,True
AUTO6275,Bird6275,19,Parrot,Black,Quarantine,False
AUTO6276,Bird6276,16,Owl,Blue,In Aviary,False
AUTO6277,Bird6277,16,Eagle,White,Sold,False
AUTO6278,Bird6278,6,Eagle,Green,Sold,False
AUTO6279,Bird6279,12,Owl,Blue,In Aviary,False
AUTO6280,Bird6280,10,Owl,Black,In Aviary,True
AUTO6281,Bird6281,5,Parrot,Green,Sold,True
AUTO6282,Bird6282,6,Eagle,Yellow,Sold,True
AUTO6283,Bird6283,13,Eagle,Black,Quarantine,False
AUTO6284,Bird6284,12,Finch,Yellow,Quarantine,True
AUTO6285,Bird6285,9,Cockatiel,Black,Quarantine,False
AUTO6286,Bird6286,8,Parrot,Green,In Aviary,False
AUTO6287,Bird6287,12,Cockatiel,Green,Sold,False
AUTO6288,Bird6288,1,Parrot,Black,Sold,True
AUTO6289,Bird6289,12,Finch,Yellow,Sold,True
AUTO6290,Bird6290,12,Cockatiel,Blue,In Aviary,True
AUTO6291,Bird6291,18,Cockatiel,Green,Quarantine,True
AUTO6292,Bird6292,24,Eagle,Black,In Aviary,False
AUTO6293,Bird6293,14,Owl,Green,Sold,True
AUTO6294,Bird6294,6,Eagle,Red,Sold,False
AUTO6295,Bird6295,16,Finch,Black,Sold,False
AUTO6296,Bird6296,5,Parrot,Black,Sold,False
AUTO6297,Bird6297,6,Finch,Yellow,Quarantine,False
AUTO6298,Bird6298,20,Eagle,Blue,Quarantine,False
AUTO6299,Bird6299,20,Owl,White,Sold,False
AUTO6300,Bird6300,7,Cockatiel,Black,In Aviary,False
AUTO6301,Bird6301,15,Cockatiel,White,Sold,False
AUTO6302,Bird6302,6,Parrot,Green,Quarantine,True
AUTO6303,Bird6303,22,Cockatiel,Yellow,In Aviary,True
AUTO6304,Bird6304,22,Owl,Yellow,Quarantine,False
AUTO6305,Bird6305,22,Cockatiel,Black,In Aviary,True
AUTO6306,Bird6306,2,Finch,Yellow,In Aviary,False
AUTO6307,Bird6307,17,Owl,Black,Quarantine,False
AUTO6308,Bird6308,17,Eagle,Red,Quarantine,True
AUTO6309,Bird6309,22,Parrot,White,In Aviary,True
AUTO6310,Bird6310,1,Finch,White,Sold,True
AUTO6311,Bird6311,17,Owl,Green,In Aviary,True
AUTO6312,Bird6312,23,Cockatiel,Black,Quarantine,True
AUTO6313,Bird6313,11,Cockatiel,Blue,Quarantine,False
AUTO6314,Bird6314,24,Parrot,Yellow,Quarantine,True
AUTO6315,Bird6315,8,Eagle,Blue,Quarantine,True
AUTO6316,Bird6316,4,Finch,White,In Aviary,False
AUTO6317,Bird6317,18,Cockatiel,Black,In Aviary,False
AUTO6318,Bird6318,3,Owl,Red,In Aviary,False
AUTO6319,Bird6319,16,Owl,Green,Quarantine,True
AUTO6320,Bird6320,15,Owl,Green,Sold,False
AUTO6321,Bird6321,18,Cockatiel,Black,Sold,True
AUTO6322,Bird6322,19,Finch,Red,Sold,True
AUTO6323,Bird6323,18,Owl,Black,In Aviary,True
AUTO6324,Bird6324,6,Parrot,White,Sold,False
AUTO6325,Bird6325,13,Parrot,Green,Sold,True
AUTO6326,Bird6326,20,Finch,Yellow,Quarantine,True
AUTO6327,Bird6327,7,Eagle,Green,Quarantine,False
AUTO6328,Bird6328,2,Owl,White,In Aviary,False
AUTO6329,Bird6329,8,Eagle,Yellow,Quarantine,True
AUTO6330,Bird6330,8,Cockatiel,Blue,Sold,False
AUTO6331,Bird6331,20,Owl,Blue,In Aviary,False
AUTO6332,Bird6332,12,Cockatiel,Black,Sold,True
AUTO6333,Bird6333,21,Finch,Blue,In Aviary,True
AUTO6334,Bird6334,2,Eagle,White,Sold,True
AUTO6335,Bird6335,3,Owl,Green,In Aviary,True
AUTO6336,Bird6336,15,Parrot,Blue,Quarantine,False
AUTO6337,Bird6337,10,Owl,Green,Quarantine,True
AUTO6338,Bird6338,16,Finch,Black,Sold,True
AUTO6339,Bird6339,11,Cockatiel,Yellow,Sold,False
AUTO6340,Bird6340,12,Parrot,White,Sold,True
AUTO6341,Bird6341,3,Finch,Yellow,In Aviary,False
AUTO6342,Bird6342,20,Finch,Blue,In Aviary,True
AUTO6343,Bird6343,6,Finch,Red,Quarantine,True
AUTO6344,Bird6344,15,Parrot,Yellow,In Aviary,False
AUTO6345,Bird6345,22,Owl,Black,In Aviary,True
AUTO6346,Bird6346,11,Parrot,Blue,Sold,True
AUTO6347,Bird6347,20,Eagle,Yellow,In Aviary,False
AUTO6348,Bird6348,7,Parrot,Blue,In Aviary,True
AUTO6349,Bird6349,1,Cockatiel,Yellow,Quarantine,True
AUTO6350,Bird6350,19,Parrot,Yellow,Quarantine,False
AUTO6351,Bird6351,16,Finch,Red,In Aviary,False
AUTO6352,Bird6352,18,Parrot,White,Sold,True
AUTO6353,Bird6353,22,Parrot,Black,Quarantine,True
AUTO6354,Bird6354,2,Owl,White,Quarantine,True
AUTO6355,Bird6355,22,Cockatiel,Yellow,In Aviary,True
AUTO6356,Bird6356,19,Parrot,Green,Sold,False
AUTO6357,Bird6357,7,Owl,Blue,Sold,True
AUTO6358,Bird6358,24,Parrot,Yellow,Quarantine,False
AUTO6359,Bird6359,6,Owl,Green,Quarantine,False
AUTO6360,Bird6360,5,Eagle,Yellow,Sold,True
AUTO6361,Bird6361,19,Parrot,White,Quarantine,True
AUTO6362,Bird6362,15,Eagle,Blue,Sold,True
AUTO6363,Bird6363,17,Cockatiel,Green,In Aviary,False
AUTO6364,Bird6364,3,Eagle,White,Sold,True
AUTO6365,Bird6365,18,Eagle,Blue,In Aviary,True
AUTO6366,Bird6366,23,Cockatiel,Black,Sold,True
AUTO6367,Bird6367,8,Parrot,Red,In Aviary,False
AUTO6368,Bird6368,20,Parrot,Red,In Aviary,False
AUTO6369,Bird6369,9,Eagle,Red,Sold,False
AUTO6370,Bird6370,3,Cockatiel,Green,In Aviary,True
AUTO6371,Bird6371,18,Owl,White,In Aviary,False
AUTO6372,Bird6372,17,Owl,Green,In Aviary,True
AUTO6373,Bird6373,21,Eagle,Green,In Aviary,True
AUTO6374,Bird6374,5,Parrot,Red,In Aviary,True
AUTO6375,Bird6375,9,Owl,Blue,In Aviary,True
AUTO6376,Bird6376,14,Eagle,Red,Sold,False
AUTO6377,Bird6377,12,Owl,White,Sold,True
AUTO6378,Bird6378,15,Cockatiel,Black,In Aviary,False
AUTO6379,Bird6379,8,Finch,Blue,Sold,False
AUTO6380,Bird6380,12,Parrot,Blue,In Aviary,False
AUTO6381,Bird6381,6,Finch,Blue,Quarantine,True
AUTO6382,Bird6382,24,Eagle,Green,Sold,True
AUTO6383,Bird6383,23,Finch,Green,In Aviary,True
AUTO6384,Bird6384,6,Cockatiel,Yellow,Quarantine,True
AUTO6385,Bird6385,22,Owl,Blue,Quarantine,True
AUTO6386,Bird6386,20,Parrot,White,Sold,False
AUTO6387,Bird6387,6,Parrot,Black,Quarantine,True
AUTO6388,Bird6388,21,Cockatiel,White,Sold,True
AUTO6389,Bird6389,7,Owl,Red,Quarantine,True
AUTO6390,Bird6390,15,Parrot,White,In Aviary,False
AUTO6391,Bird6391,10,Parrot,White,Quarantine,False
AUTO6392,Bird6392,2,Cockatiel,Red,Sold,False
AUTO6393,Bird6393,20,Finch,Black,In Aviary,True
AUTO6394,Bird6394,6,Cockatiel,Yellow,In Aviary,False
AUTO6395,Bird6395,18,Finch,Red,In Aviary,False
AUTO6396,Bird6396,14,Cockatiel,Black,Sold,True
AUTO6397,Bird6397,12,Finch,Black,Sold,False
AUTO6398,Bird6398,7,Finch,Green,Quarantine,True
AUTO6399,Bird6399,14,Eagle,White,Sold,True
AUTO6400,Bird6400,1,Eagle,Green,Sold,True
AUTO6401,Bird6401,12,Finch,Red,Sold,True
AUTO6402,Bird6402,10,Cockatiel,Red,Sold,True
AUTO6403,Bird6403,8,Parrot,White,Quarantine,False
AUTO6404,Bird6404,10,Finch,Blue,Sold,False
AUTO6405,Bird6405,12,Cockatiel,Blue,Quarantine,False
AUTO6406,Bird6406,24,Cockatiel,Black,Quarantine,True
AUTO6407,Bird6407,9,Parrot,Yellow,Quarantine,True
AUTO6408,Bird6408,21,Owl,Yellow,In Aviary,False
AUTO6409,Bird6409,12,Owl,White,In Aviary,True
AUTO6410,Bird6410,1,Cockatiel,Black,Sold,True
AUTO6411,Bird6411,13,Parrot,Yellow,In Aviary,False
AUTO6412,Bird6412,3,Parrot,Black,Quarantine,True
AUTO6413,Bird6413,23,Parrot,White,Quarantine,False
AUTO6414,Bird6414,3,Parrot,Black,Sold,True
AUTO6415,Bird6415,22,Finch,Black,In Aviary,True
AUTO6416,Bird6416,13,Eagle,Red,Quarantine,False
AUTO6417,Bird6417,17,Owl,Yellow,Sold,True
AUTO6418,Bird6418,5,Finch,Green,Quarantine,True
AUTO6419,Bird6419,8,Finch,Blue,Sold,False
AUTO6420,Bird6420,23,Cockatiel,Green,Quarantine,False
AUTO6421,Bird6421,21,Eagle,Black,Sold,True
AUTO6422,Bird6422,10,Parrot,Red,In Aviary,False
AUTO6423,Bird6423,12,Owl,Yellow,In Aviary,True
AUTO6424,Bird6424,21,Owl,Yellow,Sold,False
AUTO6425,Bird6425,4,Cockatiel,White,Quarantine,True
AUTO6426,Bird6426,21,Finch,Yellow,Quarantine,False
AUTO6427,Bird6427,11,Owl,Red,Quarantine,True
AUTO6428,Bird6428,18,Owl,White,In Aviary,True
AUTO6429,Bird6429,5,Parrot,Green,Quarantine,False
AUTO6430,Bird6430,5,Owl,Black,In Aviary,True
AUTO6431,Bird6431,4,Owl,Blue,In Aviary,True
AUTO6432,Bird6432,5,Parrot,Black,Quarantine,True
AUTO6433,Bird6433,15,Cockatiel,Black,In Aviary,True
AUTO6434,Bird6434,3,Parrot,White,Quarantine,False
AUTO6435,Bird6435,6,Parrot,Green,Quarantine,True
AUTO6436,Bird6436,23,Parrot,Red,Sold,True
AUTO6437,Bird6437,20,Parrot,Blue,Quarantine,True
AUTO6438,Bird6438,21,Eagle,Blue,In Aviary,True
AUTO6439,Bird6439,10,Owl,Blue,Quarantine,False
AUTO6440,Bird6440,15,Cockatiel,Black,In Aviary,True
AUTO6441,Bird6441,9,Cockatiel,Green,Quarantine,True
AUTO6442,Bird6442,15,Owl,Black,Sold,True
AUTO6443,Bird6443,11,Parrot,Yellow,In Aviary,False
AUTO6444,Bird6444,7,Parrot,Black,Sold,True
AUTO6445,Bird6445,8,Parrot,Yellow,Sold,True
AUTO6446,Bird6446,24,Parrot,Yellow,Sold,False
AUTO6447,Bird6447,10,Owl,White,Sold,False
AUTO6448,Bird6448,8,Eagle,Blue,Sold,True
AUTO6449,Bird6449,1,Eagle,White,In Aviary,True
AUTO6450,Bird6450,17,Cockatiel,Black,Quarantine,True
AUTO6451,Bird6451,4,Eagle,Yellow,Quarantine,True
AUTO6452,Bird6452,2,Finch,White,Sold,False
AUTO6453,Bird6453,5,Parrot,Black,In Aviary,True
AUTO6454,Bird6454,10,Parrot,Red,Quarantine,False
AUTO6455,Bird6455,14,Eagle,Green,In Aviary,True
AUTO6456,Bird6456,21,Cockatiel,White,In Aviary,True
AUTO6457,Bird6457,12,Eagle,Green,Quarantine,True
AUTO6458,Bird6458,11,Owl,Green,In Aviary,True
AUTO6459,Bird6459,4,Cockatiel,Red,In Aviary,False
AUTO6460,Bird6460,13,Cockatiel,Blue,Sold,True
AUTO6461,Bird6461,1,Eagle,Red,Sold,True
AUTO6462,Bird6462,18,Owl,Yellow,Quarantine,False
AUTO6463,Bird6463,1,Cockatiel,Black,Sold,True
AUTO6464,Bird6464,2,Parrot,Black,Quarantine,False
AUTO6465,Bird6465,19,Parrot,Black,Sold,False
AUTO6466,Bird6466,20,Eagle,Blue,Sold,True
AUTO6467,Bird6467,13,Eagle,White,Quarantine,True
AUTO6468,Bird6468,12,Finch,White,Sold,True
AUTO6469,Bird6469,5,Owl,Black,Quarantine,True
AUTO6470,Bird6470,5,Cockatiel,Blue,In Aviary,True
AUTO6471,Bird6471,8,Owl,Black,Quarantine,False
AUTO6472,Bird6472,22,Owl,Yellow,In Aviary,False
AUTO6473,Bird6473,19,Cockatiel,Green,In Aviary,True
AUTO6474,Bird6474,4,Parrot,Green,Sold,False
AUTO6475,Bird6475,1,Parrot,Yellow,Quarantine,True
AUTO6476,Bird6476,24,Finch,Blue,Sold,False
AUTO6477,Bird6477,15,Owl,Red,In Aviary,False
AUTO6478,Bird6478,18,Cockatiel,Blue,Sold,True
AUTO6479,Bird6479,20,Owl,Blue,Quarantine,True
AUTO6480,Bird6480,1,Finch,White,In Aviary,True
AUTO6481,Bird6481,3,Cockatiel,Green,Quarantine,True
AUTO6482,Bird6482,8,Cockatiel,Red,Quarantine,False
AUTO6483,Bird6483,22,Finch,White,In Aviary,False
AUTO6484,Bird6484,20,Cockatiel,Yellow,Sold,False
AUTO6485,Bird6485,16,Owl,Red,Sold,False
AUTO6486,Bird6486,18,Cockatiel,Yellow,In Aviary,True
AUTO6487,Bird6487,11,Owl,Black,In Aviary,False
AUTO6488,Bird6488,6,Cockatiel,Green,In Aviary,True
AUTO6489,Bird6489,11,Cockatiel,Yellow,Sold,True
AUTO6490,Bird6490,11,Finch,Red,Sold,True
AUTO6491,Bird6491,22,Finch,Black,Sold,True
AUTO6492,Bird6492,11,Cockatiel,Black,In Aviary,False
AUTO6493,Bird6493,19,Owl,Yellow,Quarantine,False
AUTO6494,Bird6494,8,Parrot,Blue,Quarantine,True
AUTO6495,Bird6495,23,Eagle,Blue,Quarantine,False
AUTO6496,Bird6496,23,Eagle,Yellow,Quarantine,False
AUTO6497,Bird6497,23,Cockatiel,Yellow,Quarantine,True
AUTO6498,Bird6498,22,Owl,Green,In Aviary,True
AUTO6499,Bird6499,18,Parrot,Black,Sold,True
AUTO6500,Bird6500,8,Finch,White,Quarantine,True
AUTO6501,Bird6501,18,Cockatiel,White,Sold,False
AUTO6502,Bird6502,8,Finch,Green,Quarantine,True
AUTO6503,Bird6503,18,Cockatiel,Yellow,In Aviary,False
AUTO6504,Bird6504,22,Finch,Black,Sold,False
AUTO6505,Bird6505,8,Cockatiel,Black,Sold,False
AUTO6506,Bird6506,24,Owl,Black,In Aviary,True
AUTO6507,Bird6507,15,Parrot,Blue,In Aviary,True
AUTO6508,Bird6508,22,Finch,Blue,Quarantine,True
AUTO6509,Bird6509,7,Eagle,Black,In Aviary,False
AUTO6510,Bird6510,11,Owl,Yellow,In Aviary,True
AUTO6511,Bird6511,24,Eagle,Red,Sold,False
AUTO6512,Bird6512,15,Parrot,Green,Quarantine,True
AUTO6513,Bird6513,24,Cockatiel,White,In Aviary,True
AUTO6514,Bird6514,18,Cockatiel,Green,In Aviary,True
AUTO6515,Bird6515,11,Owl,Green,Quarantine,False
AUTO6516,Bird6516,6,Eagle,White,Sold,False
AUTO6517,Bird6517,22,Cockatiel,Green,Sold,True
AUTO6518,Bird6518,15,Owl,Black,Sold,False
AUTO6519,Bird6519,6,Parrot,Red,Quarantine,False
AUTO6520,Bird6520,15,Finch,White,Sold,True
AUTO6521,Bird6521,22,Owl,Yellow,Quarantine,True
AUTO6522,Bird6522,11,Cockatiel,Yellow,Sold,False
AUTO6523,Bird6523,1,Parrot,Green,In Aviary,True
AUTO6524,Bird6524,9,Finch,Red,Sold,True
AUTO6525,Bird6525,23,Owl,Red,Quarantine,True
AUTO6526,Bird6526,11,Parrot,Green,Quarantine,False
AUTO6527,Bird6527,24,Finch,Blue,In Aviary,False
AUTO6528,Bird6528,11,Finch,Black,Sold,False
AUTO6529,Bird6529,21,Eagle,Yellow,In Aviary,False
AUTO6530,Bird6530,9,Owl,White,In Aviary,True
AUTO6531,Bird6531,2,Parrot,Green,Quarantine,True
AUTO6532,Bird6532,21,Finch,Red,Sold,False
AUTO6533,Bird6533,15,Eagle,Yellow,In Aviary,False
AUTO6534,Bird6534,20,Eagle,White,Quarantine,True
AUTO6535,Bird6535,2,Eagle,Blue,Quarantine,False
AUTO6536,Bird6536,14,Owl,White,Quarantine,False
AUTO6537,Bird6537,5,Eagle,Yellow,Quarantine,True
AUTO6538,Bird6538,13,Finch,Blue,Quarantine,True
AUTO6539,Bird6539,1,Owl,Blue,Quarantine,True
AUTO6540,Bird6540,11,Eagle,Green,Sold,False
AUTO6541,Bird6541,3,Parrot,Black,Quarantine,True
AUTO6542,Bird6542,1,Owl,White,In Aviary,False
AUTO6543,Bird6543,11,Owl,White,Quarantine,True
AUTO6544,Bird6544,14,Eagle,Red,Quarantine,True
AUTO6545,Bird6545,22,Owl,Black,Quarantine,False
AUTO6546,Bird6546,2,Finch,Black,Quarantine,True
AUTO6547,Bird6547,9,Eagle,White,Sold,False
AUTO6548,Bird6548,13,Parrot,Yellow,Sold,True
AUTO6549,Bird6549,21,Owl,Black,Sold,False
AUTO6550,Bird6550,9,Eagle,Black,Quarantine,False
AUTO6551,Bird6551,11,Parrot,Black,Sold,True
AUTO6552,Bird6552,2,Cockatiel,Yellow,In Aviary,False
AUTO6553,Bird6553,1,Eagle,Black,Sold,True
AUTO6554,Bird6554,5,Finch,Black,Quarantine,False
AUTO6555,Bird6555,16,Finch,Blue,Sold,False
AUTO6556,Bird6556,10,Finch,Black,Quarantine,True
AUTO6557,Bird6557,9,Parrot,Red,Sold,False
AUTO6558,Bird6558,15,Parrot,Blue,In Aviary,True
AUTO6559,Bird6559,5,Cockatiel,Blue,In Aviary,False
AUTO6560,Bird6560,18,Finch,Red,Quarantine,True
AUTO6561,Bird6561,14,Parrot,Red,In Aviary,False
AUTO6562,Bird6562,11,Owl,Black,Quarantine,False
AUTO6563,Bird6563,16,Eagle,Black,Quarantine,False
AUTO6564,Bird6564,7,Finch,White,Quarantine,True
AUTO6565,Bird6565,15,Owl,Blue,Sold,False
AUTO6566,Bird6566,22,Parrot,White,In Aviary,True
AUTO6567,Bird6567,9,Parrot,Red,In Aviary,True
AUTO6568,Bird6568,6,Cockatiel,Green,Quarantine,True
AUTO6569,Bird6569,10,Eagle,Blue,Sold,True
AUTO6570,Bird6570,23,Parrot,White,In Aviary,True
AUTO6571,Bird6571,3,Cockatiel,White,In Aviary,False
AUTO6572,Bird6572,1,Cockatiel,Green,Quarantine,False
AUTO6573,Bird6573,20,Cockatiel,Red,In Aviary,False
AUTO6574,Bird6574,22,Cockatiel,Red,Sold,False
AUTO6575,Bird6575,21,Eagle,Red,In Aviary,True
AUTO6576,Bird6576,21,Parrot,White,Sold,False
AUTO6577,Bird6577,9,Owl,Blue,In Aviary,False
AUTO6578,Bird6578,2,Cockatiel,White,Quarantine,True
AUTO6579,Bird6579,9,Owl,Black,Sold,False
AUTO6580,Bird6580,7,Cockatiel,White,Quarantine,True
AUTO6581,Bird6581,13,Finch,Yellow,In Aviary,True
AUTO6582,Bird6582,2,Eagle,Blue,In Aviary,False
AUTO6583,Bird6583,3,Owl,White,In Aviary,False
AUTO6584,Bird6584,8,Finch,Yellow,Quarantine,False
AUTO6585,Bird6585,19,Eagle,Black,In Aviary,False
AUTO6586,Bird6586,17,Cockatiel,Blue,Sold,False
AUTO6587,Bird6587,1,Eagle,White,Quarantine,True
AUTO6588,Bird6588,5,Finch,White,Sold,False
AUTO6589,Bird6589,23,Finch,White,Sold,True
AUTO6590,Bird6590,12,Cockatiel,Black,In Aviary,True
AUTO6591,Bird6591,18,Owl,Green,In Aviary,True
AUTO6592,Bird6592,24,Finch,Green,Sold,True
AUTO6593,Bird6593,19,Owl,Yellow,Sold,True
AUTO6594,Bird6594,2,Eagle,Red,Sold,True
AUTO6595,Bird6595,21,Eagle,Black,Quarantine,False
AUTO6596,Bird6596,18,Eagle,Red,Sold,False
AUTO6597,Bird6597,24,Eagle,Red,In Aviary,False
AUTO6598,Bird6598,2,Finch,Blue,Quarantine,False
AUTO6599,Bird6599,7,Finch,Blue,Sold,True
AUTO6600,Bird6600,3,Eagle,White,Quarantine,False
AUTO6601,Bird6601,4,Finch,White,Sold,False
AUTO6602,Bird6602,9,Parrot,Blue,Quarantine,True
AUTO6603,Bird6603,11,Finch,Green,In Aviary,False
AUTO6604,Bird6604,16,Eagle,Green,Sold,True
AUTO6605,Bird6605,19,Cockatiel,Blue,In Aviary,False
AUTO6606,Bird6606,16,Owl,Yellow,In Aviary,False
AUTO6607,Bird6607,21,Eagle,Black,Quarantine,True
AUTO6608,Bird6608,7,Parrot,Blue,Quarantine,False
AUTO6609,Bird6609,3,Cockatiel,Yellow,Sold,True
AUTO6610,Bird6610,8,Owl,Blue,Quarantine,True
AUTO6611,Bird6611,19,Parrot,Red,Sold,False
AUTO6612,Bird6612,21,Owl,Red,Sold,False
AUTO6613,Bird6613,4,Eagle,Black,In Aviary,False
AUTO6614,Bird6614,22,Parrot,Yellow,In Aviary,True
AUTO6615,Bird6615,11,Eagle,Black,Sold,True
AUTO6616,Bird6616,1,Cockatiel,White,Quarantine,True
AUTO6617,Bird6617,21,Finch,Red,In Aviary,True
AUTO6618,Bird6618,17,Parrot,White,Sold,True
AUTO6619,Bird6619,6,Owl,White,In Aviary,True
AUTO6620,Bird6620,24,Finch,Red,Sold,False
AUTO6621,Bird6621,7,Finch,Yellow,In Aviary,False
AUTO6622,Bird6622,24,Parrot,Yellow,Sold,False
AUTO6623,Bird6623,3,Owl,Black,Sold,False
AUTO6624,Bird6624,21,Parrot,White,In Aviary,True
AUTO6625,Bird6625,22,Finch,Blue,Sold,False
AUTO6626,Bird6626,7,Cockatiel,Blue,Sold,True
AUTO6627,Bird6627,3,Owl,Yellow,In Aviary,True
AUTO6628,Bird6628,15,Parrot,Blue,Quarantine,False
AUTO6629,Bird6629,12,Finch,White,In Aviary,False
AUTO6630,Bird6630,9,Owl,Blue,In Aviary,False
AUTO6631,Bird6631,19,Parrot,Blue,Quarantine,False
AUTO6632,Bird6632,18,Owl,Yellow,Sold,False
AUTO6633,Bird6633,1,Eagle,Blue,Sold,True
AUTO6634,Bird6634,22,Eagle,Red,Quarantine,False
AUTO6635,Bird6635,9,Parrot,Red,Quarantine,True
AUTO6636,Bird6636,16,Eagle,Black,In Aviary,True
AUTO6637,Bird6637,3,Cockatiel,Red,In Aviary,True
AUTO6638,Bird6638,22,Finch,Yellow,Quarantine,False
AUTO6639,Bird6639,10,Finch,Yellow,Quarantine,False
AUTO6640,Bird6640,10,Cockatiel,White,Quarantine,False
AUTO6641,Bird6641,18,Finch,Blue,Quarantine,True
AUTO6642,Bird6642,5,Cockatiel,Red,Sold,True
AUTO6643,Bird6643,20,Cockatiel,Red,In Aviary,False
AUTO6644,Bird6644,16,Cockatiel,Red,In Aviary,False
AUTO6645,Bird6645,18,Parrot,Black,Quarantine,False
AUTO6646,Bird6646,8,Parrot,Green,Quarantine,True
AUTO6647,Bird6647,2,Finch,White,Sold,False
AUTO6648,Bird6648,4,Finch,White,Quarantine,False
AUTO6649,Bird6649,19,Parrot,Yellow,Quarantine,True
AUTO6650,Bird6650,2,Finch,Black,Sold,False
AUTO6651,Bird6651,7,Eagle,Green,Quarantine,False
AUTO6652,Bird6652,19,Parrot,Black,Quarantine,True
AUTO6653,Bird6653,18,Owl,Black,Sold,False
AUTO6654,Bird6654,11,Finch,Yellow,Quarantine,True
AUTO6655,Bird6655,5,Cockatiel,Yellow,Sold,True
AUTO6656,Bird6656,22,Owl,Red,Quarantine,False
AUTO6657,Bird6657,3,Eagle,Yellow,Quarantine,False
AUTO6658,Bird6658,3,Cockatiel,White,Sold,True
AUTO6659,Bird6659,13,Cockatiel,Black,Sold,False
AUTO6660,Bird6660,2,Eagle,Green,Sold,False
AUTO6661,Bird6661,4,Eagle,White,Sold,False
AUTO6662,Bird6662,19,Eagle,Red,In Aviary,True
AUTO6663,Bird6663,9,Cockatiel,Black,Quarantine,False
AUTO6664,Bird6664,8,Eagle,Red,Sold,True
AUTO6665,Bird6665,3,Eagle,Yellow,In Aviary,True
AUTO6666,Bird6666,1,Owl,Yellow,In Aviary,False
AUTO6667,Bird6667,6,Finch,Black,Sold,False
AUTO6668,Bird6668,16,Finch,White,In Aviary,False
AUTO6669,Bird6669,14,Owl,Black,Quarantine,False
AUTO6670,Bird6670,23,Cockatiel,Red,In Aviary,False
AUTO6671,Bird6671,3,Owl,Green,Quarantine,True
AUTO6672,Bird6672,12,Eagle,Yellow,Sold,True
AUTO6673,Bird6673,14,Eagle,Yellow,Quarantine,True
AUTO6674,Bird6674,1,Eagle,Yellow,In Aviary,True
AUTO6675,Bird6675,4,Owl,White,Quarantine,False
AUTO6676,Bird6676,8,Parrot,Blue,Sold,False
AUTO6677,Bird6677,14,Parrot,Black,In Aviary,False
AUTO6678,Bird6678,22,Cockatiel,Black,In Aviary,False
AUTO6679,Bird6679,21,Eagle,Red,In Aviary,True
AUTO6680,Bird6680,7,Eagle,Green,In Aviary,False
AUTO6681,Bird6681,7,Owl,Blue,Sold,False
AUTO6682,Bird6682,11,Parrot,White,Quarantine,False
AUTO6683,Bird6683,17,Finch,Black,Sold,True
AUTO6684,Bird6684,9,Eagle,Blue,In Aviary,False
AUTO6685,Bird6685,7,Parrot,Black,In Aviary,False
AUTO6686,Bird6686,6,Finch,Blue,Quarantine,True
AUTO6687,Bird6687,12,Owl,Yellow,Quarantine,False
AUTO6688,Bird6688,22,Owl,Green,Quarantine,False
AUTO6689,Bird6689,9,Cockatiel,White,Sold,True
AUTO6690,Bird6690,19,Owl,Blue,In Aviary,False
AUTO6691,Bird6691,24,Parrot,Blue,Quarantine,False
AUTO6692,Bird6692,18,Owl,Yellow,Quarantine,True
AUTO6693,Bird6693,22,Owl,Red,In Aviary,True
AUTO6694,Bird6694,2,Parrot,Yellow,Sold,True
AUTO6695,Bird6695,3,Cockatiel,Yellow,Quarantine,True
AUTO6696,Bird6696,9,Parrot,Red,In Aviary,True
AUTO6697,Bird6697,9,Eagle,Blue,In Aviary,False
AUTO6698,Bird6698,10,Owl,Red,Quarantine,True
AUTO6699,Bird6699,20,Cockatiel,Yellow,Quarantine,True
AUTO6700,Bird6700,8,Eagle,White,Quarantine,False
AUTO6701,Bird6701,1,Owl,Black,In Aviary,True
AUTO6702,Bird6702,6,Eagle,Red,Sold,False
AUTO6703,Bird6703,17,Eagle,White,In Aviary,False
AUTO6704,Bird6704,1,Eagle,Red,Quarantine,True
AUTO6705,Bird6705,16,Parrot,Blue,In Aviary,True
AUTO6706,Bird6706,2,Owl,Green,In Aviary,True
AUTO6707,Bird6707,9,Finch,Green,In Aviary,False
AUTO6708,Bird6708,8,Cockatiel,Black,Quarantine,False
AUTO6709,Bird6709,8,Cockatiel,Red,In Aviary,True
AUTO6710,Bird6710,1,Eagle,Yellow,In Aviary,True
AUTO6711,Bird6711,7,Finch,Blue,Sold,True
AUTO6712,Bird6712,6,Finch,Green,Quarantine,True
AUTO6713,Bird6713,5,Eagle,White,Quarantine,True
AUTO6714,Bird6714,15,Parrot,Red,In Aviary,False
AUTO6715,Bird6715,10,Eagle,White,Sold,False
AUTO6716,Bird6716,23,Parrot,Green,Sold,True
AUTO6717,Bird6717,10,Owl,Green,Quarantine,False
AUTO6718,Bird6718,2,Owl,Yellow,Quarantine,False
AUTO6719,Bird6719,3,Parrot,Blue,Quarantine,True
AUTO6720,Bird6720,19,Owl,Yellow,Quarantine,False
AUTO6721,Bird6721,10,Finch,Black,In Aviary,False
AUTO6722,Bird6722,6,Finch,Red,Sold,True
AUTO6723,Bird6723,4,Finch,Black,Sold,False
AUTO6724,Bird6724,9,Owl,Green,In Aviary,False
AUTO6725,Bird6725,15,Parrot,Yellow,Sold,True
AUTO6726,Bird6726,12,Parrot,Blue,In Aviary,True
AUTO6727,Bird6727,16,Eagle,White,In Aviary,False
AUTO6728,Bird6728,19,Cockatiel,Blue,Sold,False
AUTO6729,Bird6729,3,Finch,Blue,Sold,True
AUTO6730,Bird6730,14,Cockatiel,Yellow,Sold,False
AUTO6731,Bird6731,6,Finch,Blue,Quarantine,False
AUTO6732,Bird6732,21,Owl,Blue,Sold,True
AUTO6733,Bird6733,4,Eagle,Red,Quarantine,False
AUTO6734,Bird6734,6,Eagle,Red,Quarantine,True
AUTO6735,Bird6735,14,Eagle,White,In Aviary,True
AUTO6736,Bird6736,23,Cockatiel,Black,In Aviary,True
AUTO6737,Bird6737,10,Owl,White,Quarantine,False
AUTO6738,Bird6738,10,Owl,Yellow,In Aviary,False
AUTO6739,Bird6739,4,Owl,Black,Sold,True
AUTO6740,Bird6740,20,Eagle,Green,Sold,False
AUTO6741,Bird6741,14,Finch,Blue,In Aviary,True
AUTO6742,Bird6742,24,Owl,Green,Quarantine,True
AUTO6743,Bird6743,2,Finch,Blue,In Aviary,True
AUTO6744,Bird6744,19,Eagle,Black,Quarantine,False
AUTO6745,Bird6745,3,Eagle,Red,Sold,True
AUTO6746,Bird6746,24,Finch,Red,In Aviary,False
AUTO6747,Bird6747,8,Owl,Green,Quarantine,False
AUTO6748,Bird6748,16,Cockatiel,Yellow,Quarantine,False
AUTO6749,Bird6749,11,Finch,White,Sold,True
AUTO6750,Bird6750,12,Finch,Yellow,In Aviary,True
AUTO6751,Bird6751,5,Eagle,Yellow,Quarantine,False
AUTO6752,Bird6752,11,Owl,Red,Sold,False
AUTO6753,Bird6753,2,Parrot,Yellow,Sold,True
AUTO6754,Bird6754,12,Finch,Yellow,Sold,True
AUTO6755,Bird6755,14,Cockatiel,Green,Quarantine,True
AUTO6756,Bird6756,22,Cockatiel,Black,Quarantine,True
AUTO6757,Bird6757,23,Finch,White,Sold,False
AUTO6758,Bird6758,22,Parrot,Black,Quarantine,True
AUTO6759,Bird6759,3,Finch,Green,Quarantine,True
AUTO6760,Bird6760,8,Owl,Green,In Aviary,False
AUTO6761,Bird6761,13,Eagle,Yellow,Sold,True
AUTO6762,Bird6762,22,Parrot,White,In Aviary,False
AUTO6763,Bird6763,5,Owl,Red,Quarantine,True
AUTO6764,Bird6764,20,Cockatiel,Blue,In Aviary,True
AUTO6765,Bird6765,7,Finch,Blue,In Aviary,True
AUTO6766,Bird6766,6,Owl,Blue,Quarantine,True
AUTO6767,Bird6767,23,Parrot,White,In Aviary,False
AUTO6768,Bird6768,7,Parrot,Black,Quarantine,True
AUTO6769,Bird6769,19,Parrot,Yellow,In Aviary,True
AUTO6770,Bird6770,9,Finch,Yellow,In Aviary,True
AUTO6771,Bird6771,19,Eagle,Black,In Aviary,False
AUTO6772,Bird6772,3,Owl,Green,Quarantine,True
AUTO6773,Bird6773,4,Cockatiel,Green,Sold,False
AUTO6774,Bird6774,24,Parrot,Yellow,Quarantine,False
AUTO6775,Bird6775,2,Owl,Green,Sold,False
AUTO6776,Bird6776,2,Parrot,Green,Quarantine,False
AUTO6777,Bird6777,3,Cockatiel,Yellow,Quarantine,False
AUTO6778,Bird6778,18,Eagle,Red,Quarantine,False
AUTO6779,Bird6779,23,Parrot,Blue,Quarantine,True
AUTO6780,Bird6780,20,Cockatiel,Blue,In Aviary,True
AUTO6781,Bird6781,10,Cockatiel,Black,In Aviary,True
AUTO6782,Bird6782,8,Parrot,Blue,In Aviary,False
AUTO6783,Bird6783,4,Cockatiel,Yellow,In Aviary,False
AUTO6784,Bird6784,24,Finch,Yellow,Quarantine,False
AUTO6785,Bird6785,16,Cockatiel,White,Sold,True
AUTO6786,Bird6786,13,Cockatiel,Black,Quarantine,True
AUTO6787,Bird6787,15,Eagle,Green,In Aviary,True
AUTO6788,Bird6788,6,Cockatiel,Red,Quarantine,True
AUTO6789,Bird6789,18,Finch,Black,Sold,True
AUTO6790,Bird6790,10,Eagle,Blue,Quarantine,False
AUTO6791,Bird6791,23,Finch,Yellow,In Aviary,True
AUTO6792,Bird6792,1,Owl,Blue,In Aviary,True
AUTO6793,Bird6793,14,Parrot,Blue,In Aviary,True
AUTO6794,Bird6794,17,Eagle,Black,In Aviary,False
AUTO6795,Bird6795,16,Owl,Yellow,Quarantine,False
AUTO6796,Bird6796,4,Owl,Green,In Aviary,False
AUTO6797,Bird6797,12,Owl,Green,In Aviary,False
AUTO6798,Bird6798,5,Eagle,White,Sold,False
AUTO6799,Bird6799,8,Eagle,Black,Quarantine,False
AUTO6800,Bird6800,11,Eagle,Blue,Sold,True
AUTO6801,Bird6801,24,Finch,Yellow,Quarantine,False
AUTO6802,Bird6802,24,Finch,Red,Quarantine,True
AUTO6803,Bird6803,15,Parrot,Black,Quarantine,True
AUTO6804,Bird6804,18,Eagle,Black,In Aviary,True
AUTO6805,Bird6805,12,Finch,Black,Sold,False
AUTO6806,Bird6806,8,Owl,Black,In Aviary,False
AUTO6807,Bird6807,23,Eagle,Green,Sold,True
AUTO6808,Bird6808,21,Finch,White,In Aviary,True
AUTO6809,Bird6809,3,Eagle,Red,Quarantine,True
AUTO6810,Bird6810,21,Parrot,Green,Quarantine,True
AUTO6811,Bird6811,18,Owl,White,In Aviary,False
AUTO6812,Bird6812,14,Eagle,White,Quarantine,True
AUTO6813,Bird6813,18,Cockatiel,White,Quarantine,True
AUTO6814,Bird6814,4,Cockatiel,Green,Quarantine,False
AUTO6815,Bird6815,16,Parrot,Green,Quarantine,True
AUTO6816,Bird6816,19,Owl,White,Quarantine,True
AUTO6817,Bird6817,18,Parrot,Green,Quarantine,True
AUTO6818,Bird6818,13,Cockatiel,Blue,Sold,False
AUTO6819,Bird6819,7,Finch,Yellow,Quarantine,True
AUTO6820,Bird6820,18,Owl,Black,Quarantine,False
AUTO6821,Bird6821,24,Eagle,Yellow,Quarantine,False
AUTO6822,Bird6822,9,Owl,White,In Aviary,True
AUTO6823,Bird6823,5,Cockatiel,Green,In Aviary,True
AUTO6824,Bird6824,5,Parrot,Black,In Aviary,False
AUTO6825,Bird6825,5,Parrot,Green,In Aviary,True
AUTO6826,Bird6826,15,Owl,White,Quarantine,True
AUTO6827,Bird6827,23,Eagle,White,Quarantine,False
AUTO6828,Bird6828,9,Eagle,Blue,Quarantine,False
AUTO6829,Bird6829,19,Finch,Green,Sold,False
AUTO6830,Bird6830,15,Eagle,Green,Sold,False
AUTO6831,Bird6831,9,Cockatiel,Red,Sold,True
AUTO6832,Bird6832,24,Eagle,Green,Sold,False
AUTO6833,Bird6833,22,Finch,Blue,In Aviary,True
AUTO6834,Bird6834,21,Eagle,White,Sold,False
AUTO6835,Bird6835,13,Eagle,Green,Quarantine,True
AUTO6836,Bird6836,12,Owl,Red,Quarantine,False
AUTO6837,Bird6837,17,Eagle,Black,In Aviary,False
AUTO6838,Bird6838,3,Cockatiel,White,Quarantine,True
AUTO6839,Bird6839,16,Parrot,Yellow,In Aviary,True
AUTO6840,Bird6840,17,Finch,Black,In Aviary,False
AUTO6841,Bird6841,10,Eagle,Blue,Quarantine,False
AUTO6842,Bird6842,4,Eagle,Yellow,In Aviary,False
AUTO6843,Bird6843,19,Eagle,Black,Sold,False
AUTO6844,Bird6844,24,Owl,White,Quarantine,True
AUTO6845,Bird6845,8,Cockatiel,Green,Quarantine,True
AUTO6846,Bird6846,4,Eagle,Red,Sold,False
AUTO6847,Bird6847,11,Finch,Red,Quarantine,False
AUTO6848,Bird6848,17,Owl,Blue,Quarantine,False
AUTO6849,Bird6849,1,Parrot,White,Quarantine,True
AUTO6850,Bird6850,9,Parrot,White,In Aviary,False
AUTO6851,Bird6851,3,Finch,Blue,In Aviary,True
AUTO6852,Bird6852,5,Finch,Blue,Sold,False
AUTO6853,Bird6853,16,Eagle,Blue,Quarantine,False
AUTO6854,Bird6854,1,Eagle,White,In Aviary,True
AUTO6855,Bird6855,6,Owl,Green,Quarantine,False
AUTO6856,Bird6856,19,Eagle,Green,Quarantine,True
AUTO6857,Bird6857,6,Parrot,Blue,Sold,False
AUTO6858,Bird6858,23,Parrot,Yellow,Sold,True
AUTO6859,Bird6859,4,Finch,Black,Quarantine,True
AUTO6860,Bird6860,18,Parrot,Red,In Aviary,True
AUTO6861,Bird6861,2,Owl,Yellow,Sold,True
AUTO6862,Bird6862,13,Cockatiel,Yellow,In Aviary,False
AUTO6863,Bird6863,14,Parrot,Red,Sold,False
AUTO6864,Bird6864,11,Owl,Blue,Quarantine,True
AUTO6865,Bird6865,13,Owl,Blue,Sold,False
AUTO6866,Bird6866,1,Finch,Yellow,Quarantine,False
AUTO6867,Bird6867,12,Owl,White,Quarantine,False
AUTO6868,Bird6868,6,Finch,Yellow,In Aviary,False
AUTO6869,Bird6869,4,Parrot,Blue,Quarantine,True
AUTO6870,Bird6870,8,Owl,Yellow,Sold,False
AUTO6871,Bird6871,13,Eagle,Black,In Aviary,False
AUTO6872,Bird6872,13,Cockatiel,Black,Sold,True
AUTO6873,Bird6873,13,Owl,Green,In Aviary,True
AUTO6874,Bird6874,15,Finch,Green,Sold,False
AUTO6875,Bird6875,2,Cockatiel,Yellow,In Aviary,False
AUTO6876,Bird6876,23,Owl,Green,In Aviary,True
AUTO6877,Bird6877,3,Cockatiel,Blue,Quarantine,True
AUTO6878,Bird6878,12,Owl,Green,Quarantine,True
AUTO6879,Bird6879,16,Parrot,Yellow,Sold,True
AUTO6880,Bird6880,18,Finch,Yellow,Sold,True
AUTO6881,Bird6881,14,Parrot,Yellow,In Aviary,True
AUTO6882,Bird6882,10,Eagle,Yellow,Quarantine,False
AUTO6883,Bird6883,11,Owl,Yellow,Quarantine,False
AUTO6884,Bird6884,13,Eagle,Blue,Sold,False
AUTO6885,Bird6885,6,Owl,Green,Sold,True
AUTO6886,Bird6886,19,Owl,Yellow,Sold,True
AUTO6887,Bird6887,19,Parrot,Green,Sold,True
AUTO6888,Bird6888,1,Parrot,Yellow,Sold,False
AUTO6889,Bird6889,8,Cockatiel,Blue,Quarantine,True
AUTO6890,Bird6890,18,Eagle,Blue,Quarantine,False
AUTO6891,Bird6891,7,Parrot,Green,Sold,False
AUTO6892,Bird6892,6,Cockatiel,White,Quarantine,True
AUTO6893,Bird6893,20,Finch,White,Sold,True
AUTO6894,Bird6894,21,Cockatiel,Black,Sold,False
AUTO6895,Bird6895,17,Eagle,Green,Quarantine,True
AUTO6896,Bird6896,19,Owl,Yellow,Sold,True
AUTO6897,Bird6897,2,Eagle,White,In Aviary,True
AUTO6898,Bird6898,18,Cockatiel,Red,In Aviary,True
AUTO6899,Bird6899,4,Cockatiel,Blue,Quarantine,True
AUTO6900,Bird6900,20,Cockatiel,Blue,Sold,False
AUTO6901,Bird6901,18,Finch,Green,In Aviary,False
AUTO6902,Bird6902,15,Eagle,Blue,In Aviary,False
AUTO6903,Bird6903,10,Eagle,Green,In Aviary,False
AUTO6904,Bird6904,7,Parrot,White,Quarantine,False
AUTO6905,Bird6905,10,Eagle,Blue,Sold,False
AUTO6906,Bird6906,22,Eagle,Green,In Aviary,False
AUTO6907,Bird6907,13,Parrot,Green,In Aviary,False
AUTO6908,Bird6908,6,Parrot,Blue,Sold,True
AUTO6909,Bird6909,1,Parrot,Black,In Aviary,False
AUTO6910,Bird6910,10,Finch,Green,In Aviary,True
AUTO6911,Bird6911,15,Cockatiel,Black,Sold,False
AUTO6912,Bird6912,23,Parrot,Red,Sold,False
AUTO6913,Bird6913,2,Cockatiel,Yellow,In Aviary,False
AUTO6914,Bird6914,9,Parrot,Yellow,Quarantine,False
AUTO6915,Bird6915,24,Owl,Black,Quarantine,False
AUTO6916,Bird6916,24,Eagle,Black,Sold,False
AUTO6917,Bird6917,11,Eagle,White,In Aviary,False
AUTO6918,Bird6918,11,Owl,White,Sold,True
AUTO6919,Bird6919,24,Owl,Blue,Quarantine,False
AUTO6920,Bird6920,23,Cockatiel,White,Sold,False
AUTO6921,Bird6921,20,Parrot,Black,Sold,False
AUTO6922,Bird6922,6,Parrot,Green,In Aviary,False
AUTO6923,Bird6923,7,Parrot,Green,Sold,True
AUTO6924,Bird6924,9,Eagle,Yellow,In Aviary,True
AUTO6925,Bird6925,9,Finch,Red,Quarantine,True
AUTO6926,Bird6926,9,Owl,White,In Aviary,True
AUTO6927,Bird6927,5,Parrot,Red,Sold,False
AUTO6928,Bird6928,23,Parrot,White,In Aviary,False
AUTO6929,Bird6929,1,Eagle,Green,Quarantine,True
AUTO6930,Bird6930,14,Cockatiel,White,Quarantine,False
AUTO6931,Bird6931,10,Owl,Black,Sold,True
AUTO6932,Bird6932,9,Eagle,Yellow,Quarantine,True
AUTO6933,Bird6933,7,Eagle,Red,Quarantine,True
AUTO6934,Bird6934,18,Eagle,White,Quarantine,False
AUTO6935,Bird6935,14,Parrot,Red,Sold,False
AUTO6936,Bird6936,6,Eagle,Yellow,Quarantine,True
AUTO6937,Bird6937,9,Cockatiel,Red,In Aviary,True
AUTO6938,Bird6938,5,Parrot,Blue,Sold,False
AUTO6939,Bird6939,15,Finch,Green,Sold,True
AUTO6940,Bird6940,20,Parrot,Blue,In Aviary,False
AUTO6941,Bird6941,23,Eagle,Yellow,Sold,False
AUTO6942,Bird6942,8,Parrot,White,In Aviary,True
AUTO6943,Bird6943,9,Owl,White,Sold,False
AUTO6944,Bird6944,11,Cockatiel,Green,In Aviary,False
AUTO6945,Bird6945,12,Owl,Black,Sold,True
AUTO6946,Bird6946,4,Eagle,White,Sold,False
AUTO6947,Bird6947,14,Eagle,Blue,Quarantine,True
AUTO6948,Bird6948,10,Finch,Black,Quarantine,True
AUTO6949,Bird6949,10,Owl,Yellow,Quarantine,True
AUTO6950,Bird6950,12,Finch,Black,In Aviary,True
AUTO6951,Bird6951,10,Finch,Blue,Quarantine,False
AUTO6952,Bird6952,6,Finch,Red,In Aviary,True
AUTO6953,Bird6953,18,Eagle,Green,In Aviary,True
AUTO6954,Bird6954,22,Finch,Blue,In Aviary,True
AUTO6955,Bird6955,14,Owl,White,Quarantine,True
AUTO6956,Bird6956,9,Cockatiel,Red,Quarantine,False
AUTO6957,Bird6957,7,Parrot,Red,Quarantine,False
AUTO6958,Bird6958,7,Parrot,Black,Quarantine,True
AUTO6959,Bird6959,8,Parrot,Black,Quarantine,False
AUTO6960,Bird6960,13,Cockatiel,Black,Quarantine,False
AUTO6961,Bird6961,3,Eagle,Yellow,Sold,False
AUTO6962,Bird6962,4,Eagle,Yellow,In Aviary,False
AUTO6963,Bird6963,16,Parrot,Green,Sold,False
AUTO6964,Bird6964,15,Owl,Red,Sold,False
AUTO6965,Bird6965,20,Eagle,Blue,Quarantine,True
AUTO6966,Bird6966,15,Eagle,White,In Aviary,False
AUTO6967,Bird6967,20,Owl,Yellow,Sold,False
AUTO6968,Bird6968,21,Parrot,Red,Sold,True
AUTO6969,Bird6969,10,Finch,Blue,In Aviary,True
AUTO6970,Bird6970,22,Finch,Yellow,In Aviary,False
AUTO6971,Bird6971,20,Eagle,Yellow,In Aviary,True
AUTO6972,Bird6972,16,Finch,Red,In Aviary,False
AUTO6973,Bird6973,18,Owl,Blue,In Aviary,True
AUTO6974,Bird6974,16,Parrot,Black,In Aviary,False
AUTO6975,Bird6975,15,Cockatiel,Red,Sold,False
AUTO6976,Bird6976,9,Finch,Yellow,In Aviary,False
AUTO6977,Bird6977,4,Parrot,Black,Quarantine,False
AUTO6978,Bird6978,24,Parrot,Blue,Sold,False
AUTO6979,Bird6979,9,Parrot,Black,In Aviary,False
AUTO6980,Bird6980,10,Owl,Black,Quarantine,False
AUTO6981,Bird6981,16,Finch,Green,Quarantine,True
AUTO6982,Bird6982,7,Cockatiel,Yellow,Sold,True
AUTO6983,Bird6983,23,Eagle,White,Sold,False
AUTO6984,Bird6984,2,Cockatiel,Green,In Aviary,False
AUTO6985,Bird6985,1,Finch,Blue,In Aviary,True
AUTO6986,Bird6986,4,Cockatiel,Black,Quarantine,True
AUTO6987,Bird6987,15,Owl,Black,In Aviary,False
AUTO6988,Bird6988,24,Finch,Green,In Aviary,False
AUTO6989,Bird6989,24,Owl,Green,Quarantine,True
AUTO6990,Bird6990,10,Parrot,Blue,In Aviary,False
AUTO6991,Bird6991,10,Finch,Yellow,Sold,True
AUTO6992,Bird6992,5,Cockatiel,Yellow,Quarantine,False
AUTO6993,Bird6993,12,Parrot,Green,In Aviary,False
AUTO6994,Bird6994,16,Owl,Blue,Sold,False
AUTO6995,Bird6995,18,Finch,Black,Quarantine,False
AUTO6996,Bird6996,12,Eagle,Black,Quarantine,True
AUTO6997,Bird6997,18,Finch,Green,Sold,False
AUTO6998,Bird6998,15,Owl,Green,Quarantine,False
AUTO6999,Bird6999,24,Parrot,White,Sold,True
AUTO7000,Bird7000,1,Cockatiel,Yellow,Sold,True
AUTO7001,Bird7001,7,Owl,White,Quarantine,False
AUTO7002,Bird7002,16,Cockatiel,Yellow,In Aviary,False
AUTO7003,Bird7003,7,Finch,Black,In Aviary,True
AUTO7004,Bird7004,3,Parrot,Red,Sold,False
AUTO7005,Bird7005,10,Eagle,Green,In Aviary,False
AUTO7006,Bird7006,19,Parrot,Blue,Quarantine,False
AUTO7007,Bird7007,4,Eagle,White,Quarantine,False
AUTO7008,Bird7008,21,Owl,Blue,Quarantine,True
AUTO7009,Bird7009,6,Owl,White,Quarantine,True
AUTO7010,Bird7010,17,Eagle,Yellow,Sold,False
AUTO7011,Bird7011,19,Finch,Black,In Aviary,False
AUTO7012,Bird7012,15,Finch,Black,Quarantine,False
AUTO7013,Bird7013,20,Finch,Red,Quarantine,False
AUTO7014,Bird7014,18,Cockatiel,Red,Sold,True
AUTO7015,Bird7015,13,Cockatiel,Blue,Sold,False
AUTO7016,Bird7016,6,Cockatiel,Black,Quarantine,False
AUTO7017,Bird7017,5,Parrot,Black,Quarantine,False
AUTO7018,Bird7018,19,Finch,Green,Sold,True
AUTO7019,Bird7019,12,Cockatiel,Red,Sold,True
AUTO7020,Bird7020,11,Cockatiel,Green,Quarantine,False
AUTO7021,Bird7021,24,Owl,Black,Sold,True
AUTO7022,Bird7022,14,Cockatiel,Yellow,Quarantine,True
AUTO7023,Bird7023,7,Owl,Black,In Aviary,True
AUTO7024,Bird7024,18,Cockatiel,White,In Aviary,True
AUTO7025,Bird7025,10,Eagle,Green,In Aviary,True
AUTO7026,Bird7026,21,Parrot,Blue,Sold,True
AUTO7027,Bird7027,23,Owl,Green,Sold,False
AUTO7028,Bird7028,3,Eagle,Yellow,In Aviary,True
AUTO7029,Bird7029,21,Finch,Blue,Quarantine,False
AUTO7030,Bird7030,21,Cockatiel,Black,In Aviary,True
AUTO7031,Bird7031,15,Parrot,Green,Quarantine,True
AUTO7032,Bird7032,8,Cockatiel,Red,Quarantine,False
AUTO7033,Bird7033,18,Eagle,Blue,Quarantine,False
AUTO7034,Bird7034,3,Eagle,Blue,Quarantine,True
AUTO7035,Bird7035,8,Finch,Blue,Sold,True
AUTO7036,Bird7036,9,Owl,Yellow,Sold,True
AUTO7037,Bird7037,14,Finch,Green,Quarantine,False
AUTO7038,Bird7038,20,Parrot,White,Quarantine,True
AUTO7039,Bird7039,21,Finch,Red,Sold,False
AUTO7040,Bird7040,11,Owl,Black,Quarantine,False
AUTO7041,Bird7041,24,Parrot,White,In Aviary,False
AUTO7042,Bird7042,10,Eagle,White,In Aviary,False
AUTO7043,Bird7043,9,Finch,Green,Sold,True
AUTO7044,Bird7044,22,Finch,Yellow,Sold,False
AUTO7045,Bird7045,5,Eagle,White,Sold,True
AUTO7046,Bird7046,10,Cockatiel,Yellow,In Aviary,True
AUTO7047,Bird7047,19,Cockatiel,Green,In Aviary,True
AUTO7048,Bird7048,18,Eagle,Yellow,Quarantine,False
AUTO7049,Bird7049,14,Cockatiel,Green,Sold,False
AUTO7050,Bird7050,9,Cockatiel,Black,Sold,True
AUTO7051,Bird7051,19,Cockatiel,Blue,Quarantine,False
AUTO7052,Bird7052,2,Eagle,White,Sold,True
AUTO7053,Bird7053,24,Parrot,Black,Quarantine,False
AUTO7054,Bird7054,19,Cockatiel,Blue,Quarantine,True
AUTO7055,Bird7055,14,Owl,Black,In Aviary,False
AUTO7056,Bird7056,24,Cockatiel,Yellow,In Aviary,True
AUTO7057,Bird7057,3,Finch,Red,Quarantine,True
AUTO7058,Bird7058,13,Cockatiel,Black,Quarantine,False
AUTO7059,Bird7059,2,Finch,Black,In Aviary,True
AUTO7060,Bird7060,18,Finch,Black,Sold,True
AUTO7061,Bird7061,5,Eagle,Yellow,Quarantine,False
AUTO7062,Bird7062,7,Eagle,Green,Quarantine,False
AUTO7063,Bird7063,14,Eagle,Blue,Quarantine,False
AUTO7064,Bird7064,6,Eagle,Yellow,Sold,False
AUTO7065,Bird7065,23,Cockatiel,Green,Sold,False
AUTO7066,Bird7066,2,Cockatiel,Black,Quarantine,True
AUTO7067,Bird7067,21,Parrot,Black,Quarantine,False
AUTO7068,Bird7068,16,Cockatiel,Green,Quarantine,False
AUTO7069,Bird7069,11,Eagle,White,In Aviary,True
AUTO7070,Bird7070,7,Cockatiel,Blue,Sold,True
AUTO7071,Bird7071,19,Owl,Blue,Quarantine,True
AUTO7072,Bird7072,19,Finch,Blue,In Aviary,False
AUTO7073,Bird7073,1,Finch,Green,In Aviary,True
AUTO7074,Bird7074,10,Owl,Green,Sold,True
AUTO7075,Bird7075,24,Cockatiel,Green,In Aviary,True
AUTO7076,Bird7076,4,Finch,Green,Quarantine,False
AUTO7077,Bird7077,10,Finch,Blue,Quarantine,False
AUTO7078,Bird7078,10,Owl,Red,Sold,True
AUTO7079,Bird7079,19,Owl,Blue,Sold,True
AUTO7080,Bird7080,21,Cockatiel,Red,In Aviary,False
AUTO7081,Bird7081,10,Parrot,Blue,In Aviary,True
AUTO7082,Bird7082,19,Parrot,Red,Sold,False
AUTO7083,Bird7083,24,Cockatiel,Green,Quarantine,False
AUTO7084,Bird7084,15,Finch,White,Quarantine,False
AUTO7085,Bird7085,13,Finch,Black,Quarantine,False
AUTO7086,Bird7086,10,Eagle,Blue,Quarantine,True
AUTO7087,Bird7087,9,Finch,White,Sold,True
AUTO7088,Bird7088,8,Eagle,Black,Sold,False
AUTO7089,Bird7089,19,Owl,White,Quarantine,False
AUTO7090,Bird7090,1,Parrot,Green,In Aviary,False
AUTO7091,Bird7091,13,Finch,Red,Quarantine,True
AUTO7092,Bird7092,18,Owl,Red,Quarantine,True
AUTO7093,Bird7093,6,Parrot,Green,In Aviary,False
AUTO7094,Bird7094,10,Parrot,Green,In Aviary,False
AUTO7095,Bird7095,9,Eagle,Black,Quarantine,False
AUTO7096,Bird7096,12,Owl,Green,In Aviary,False
AUTO7097,Bird7097,5,Cockatiel,Yellow,In Aviary,True
AUTO7098,Bird7098,13,Eagle,Red,Sold,True
AUTO7099,Bird7099,22,Eagle,Red,Sold,True
AUTO7100,Bird7100,19,Cockatiel,Blue,Sold,False
AUTO7101,Bird7101,10,Parrot,Yellow,Quarantine,False
AUTO7102,Bird7102,8,Parrot,Blue,Quarantine,True
AUTO7103,Bird7103,24,Finch,Red,Sold,False
AUTO7104,Bird7104,2,Cockatiel,Yellow,Sold,False
AUTO7105,Bird7105,7,Parrot,Blue,Quarantine,True
AUTO7106,Bird7106,12,Cockatiel,Red,Sold,False
AUTO7107,Bird7107,6,Cockatiel,Green,Sold,False
AUTO7108,Bird7108,2,Finch,Black,In Aviary,False
AUTO7109,Bird7109,14,Eagle,Yellow,Sold,False
AUTO7110,Bird7110,4,Eagle,Green,In Aviary,True
AUTO7111,Bird7111,21,Eagle,Red,In Aviary,True
AUTO7112,Bird7112,12,Owl,White,Sold,False
AUTO7113,Bird7113,10,Eagle,Black,Quarantine,False
AUTO7114,Bird7114,3,Owl,White,Quarantine,True
AUTO7115,Bird7115,16,Finch,Green,Sold,False
AUTO7116,Bird7116,18,Eagle,Red,Sold,False
AUTO7117,Bird7117,9,Eagle,Black,Quarantine,False
AUTO7118,Bird7118,4,Finch,Black,Quarantine,True
AUTO7119,Bird7119,7,Finch,White,Sold,True
AUTO7120,Bird7120,20,Finch,Black,Quarantine,False
AUTO7121,Bird7121,12,Finch,Green,In Aviary,False
AUTO7122,Bird7122,12,Finch,White,In Aviary,False
AUTO7123,Bird7123,14,Eagle,Green,Sold,False
AUTO7124,Bird7124,5,Owl,Yellow,Quarantine,True
AUTO7125,Bird7125,5,Owl,Yellow,In Aviary,False
AUTO7126,Bird7126,4,Owl,White,Sold,False
AUTO7127,Bird7127,8,Finch,White,Quarantine,True
AUTO7128,Bird7128,19,Finch,White,Sold,False
AUTO7129,Bird7129,2,Parrot,Green,Sold,True
AUTO7130,Bird7130,16,Finch,Blue,Sold,False
AUTO7131,Bird7131,21,Eagle,Red,Sold,True
AUTO7132,Bird7132,5,Cockatiel,Blue,Sold,False
AUTO7133,Bird7133,11,Parrot,Yellow,In Aviary,True
AUTO7134,Bird7134,20,Parrot,Yellow,Quarantine,False
AUTO7135,Bird7135,13,Finch,White,Quarantine,True
AUTO7136,Bird7136,1,Eagle,Black,In Aviary,True
AUTO7137,Bird7137,13,Finch,Blue,Sold,True
AUTO7138,Bird7138,3,Eagle,Black,In Aviary,False
AUTO7139,Bird7139,20,Eagle,Blue,Sold,True
AUTO7140,Bird7140,3,Owl,Yellow,Sold,False
AUTO7141,Bird7141,22,Owl,Green,Sold,True
AUTO7142,Bird7142,14,Owl,White,In Aviary,True
AUTO7143,Bird7143,19,Cockatiel,Green,Quarantine,False
AUTO7144,Bird7144,12,Finch,Green,Sold,True
AUTO7145,Bird7145,24,Cockatiel,Black,Quarantine,False
AUTO7146,Bird7146,9,Finch,Green,In Aviary,False
AUTO7147,Bird7147,13,Eagle,White,Quarantine,False
AUTO7148,Bird7148,11,Owl,Green,Sold,True
AUTO7149,Bird7149,24,Cockatiel,Black,In Aviary,False
AUTO7150,Bird7150,23,Parrot,Blue,Quarantine,True
AUTO7151,Bird7151,8,Finch,Yellow,Sold,False
AUTO7152,Bird7152,6,Owl,White,In Aviary,False
AUTO7153,Bird7153,5,Owl,Yellow,Quarantine,False
AUTO7154,Bird7154,22,Parrot,White,Quarantine,True
AUTO7155,Bird7155,24,Parrot,Green,In Aviary,True
AUTO7156,Bird7156,3,Eagle,Yellow,Sold,False
AUTO7157,Bird7157,22,Eagle,Black,Quarantine,True
AUTO7158,Bird7158,15,Eagle,White,Sold,False
AUTO7159,Bird7159,11,Eagle,Blue,Sold,True
AUTO7160,Bird7160,2,Cockatiel,Black,In Aviary,False
AUTO7161,Bird7161,6,Cockatiel,White,Sold,False
AUTO7162,Bird7162,22,Finch,Black,Sold,True
AUTO7163,Bird7163,13,Parrot,Black,Quarantine,False
AUTO7164,Bird7164,22,Owl,Black,In Aviary,True
AUTO7165,Bird7165,21,Parrot,Yellow,In Aviary,False
AUTO7166,Bird7166,21,Cockatiel,Green,Quarantine,True
AUTO7167,Bird7167,12,Eagle,Green,In Aviary,True
AUTO7168,Bird7168,23,Owl,Green,In Aviary,True
AUTO7169,Bird7169,18,Finch,Red,In Aviary,False
AUTO7170,Bird7170,24,Owl,Red,In Aviary,True
AUTO7171,Bird7171,9,Owl,Green,Sold,False
AUTO7172,Bird7172,23,Finch,Black,Sold,False
AUTO7173,Bird7173,16,Eagle,Red,Sold,False
AUTO7174,Bird7174,6,Cockatiel,Yellow,In Aviary,False
AUTO7175,Bird7175,17,Parrot,Black,Sold,True
AUTO7176,Bird7176,21,Cockatiel,Red,Quarantine,False
AUTO7177,Bird7177,8,Cockatiel,Red,Sold,True
AUTO7178,Bird7178,13,Finch,Black,Sold,True
AUTO7179,Bird7179,20,Eagle,Blue,Quarantine,False
AUTO7180,Bird7180,23,Cockatiel,Blue,In Aviary,True
AUTO7181,Bird7181,22,Finch,Green,Sold,True
AUTO7182,Bird7182,2,Eagle,White,Sold,False
AUTO7183,Bird7183,24,Cockatiel,Blue,Sold,True
AUTO7184,Bird7184,18,Cockatiel,White,Sold,False
AUTO7185,Bird7185,24,Parrot,White,Sold,True
AUTO7186,Bird7186,7,Parrot,Yellow,In Aviary,False
AUTO7187,Bird7187,10,Cockatiel,Red,Quarantine,True
AUTO7188,Bird7188,12,Parrot,Blue,Quarantine,False
AUTO7189,Bird7189,6,Cockatiel,Yellow,In Aviary,True
AUTO7190,Bird7190,20,Owl,White,In Aviary,False
AUTO7191,Bird7191,4,Cockatiel,Yellow,Quarantine,True
AUTO7192,Bird7192,2,Owl,Red,Quarantine,False
AUTO7193,Bird7193,4,Eagle,Black,In Aviary,True
AUTO7194,Bird7194,14,Owl,Green,In Aviary,False
AUTO7195,Bird7195,10,Eagle,Green,Sold,False
AUTO7196,Bird7196,17,Eagle,Yellow,In Aviary,False
AUTO7197,Bird7197,19,Parrot,White,Quarantine,False
AUTO7198,Bird7198,14,Eagle,Blue,Quarantine,False
AUTO7199,Bird7199,11,Cockatiel,Green,Quarantine,False
AUTO7200,Bird7200,24,Cockatiel,Yellow,Quarantine,False
AUTO7201,Bird7201,2,Cockatiel,White,Sold,True
AUTO7202,Bird7202,14,Parrot,Black,Quarantine,False
AUTO7203,Bird7203,14,Finch,Green,In Aviary,False
AUTO7204,Bird7204,9,Cockatiel,Green,In Aviary,True
AUTO7205,Bird7205,7,Finch,Black,Sold,True
AUTO7206,Bird7206,21,Cockatiel,Black,Sold,True
AUTO7207,Bird7207,20,Cockatiel,Black,Quarantine,True
AUTO7208,Bird7208,15,Owl,White,In Aviary,True
AUTO7209,Bird7209,24,Owl,Green,Sold,False
AUTO7210,Bird7210,19,Parrot,White,In Aviary,True
AUTO7211,Bird7211,10,Owl,Black,Sold,False
AUTO7212,Bird7212,1,Owl,Red,In Aviary,False
AUTO7213,Bird7213,7,Cockatiel,White,Quarantine,True
AUTO7214,Bird7214,15,Eagle,Black,Sold,True
AUTO7215,Bird7215,2,Eagle,Black,In Aviary,True
AUTO7216,Bird7216,23,Parrot,White,Sold,True
AUTO7217,Bird7217,5,Owl,Red,Quarantine,True
AUTO7218,Bird7218,5,Owl,Black,In Aviary,False
AUTO7219,Bird7219,16,Finch,Yellow,In Aviary,False
AUTO7220,Bird7220,21,Owl,Blue,Quarantine,False
AUTO7221,Bird7221,3,Cockatiel,Green,Sold,False
AUTO7222,Bird7222,21,Eagle,Yellow,In Aviary,True
AUTO7223,Bird7223,21,Eagle,Blue,Sold,True
AUTO7224,Bird7224,13,Owl,Green,Sold,True
AUTO7225,Bird7225,13,Eagle,Black,Sold,True
AUTO7226,Bird7226,3,Parrot,Blue,In Aviary,True
AUTO7227,Bird7227,14,Cockatiel,Green,Sold,False
AUTO7228,Bird7228,6,Eagle,Red,In Aviary,True
AUTO7229,Bird7229,16,Finch,White,Sold,False
AUTO7230,Bird7230,7,Owl,Red,Quarantine,True
AUTO7231,Bird7231,4,Parrot,Red,Quarantine,False
AUTO7232,Bird7232,18,Cockatiel,Green,Sold,False
AUTO7233,Bird7233,15,Owl,Black,Sold,False
AUTO7234,Bird7234,9,Parrot,Yellow,In Aviary,True
AUTO7235,Bird7235,2,Parrot,Green,In Aviary,False
AUTO7236,Bird7236,13,Cockatiel,Blue,Sold,False
AUTO7237,Bird7237,1,Eagle,Blue,Quarantine,True
AUTO7238,Bird7238,11,Finch,Green,Sold,True
AUTO7239,Bird7239,19,Finch,White,Quarantine,True
AUTO7240,Bird7240,10,Finch,Blue,Quarantine,False
AUTO7241,Bird7241,23,Eagle,Blue,Sold,True
AUTO7242,Bird7242,7,Owl,Blue,In Aviary,True
AUTO7243,Bird7243,1,Owl,Red,In Aviary,True
AUTO7244,Bird7244,19,Parrot,White,Quarantine,True
AUTO7245,Bird7245,10,Cockatiel,Yellow,Quarantine,False
AUTO7246,Bird7246,17,Eagle,Green,In Aviary,False
AUTO7247,Bird7247,10,Owl,Red,Sold,False
AUTO7248,Bird7248,4,Eagle,Green,Quarantine,True
AUTO7249,Bird7249,8,Owl,White,Sold,False
AUTO7250,Bird7250,18,Cockatiel,Black,Quarantine,True
AUTO7251,Bird7251,14,Eagle,Yellow,Sold,True
AUTO7252,Bird7252,19,Cockatiel,Blue,Sold,True
AUTO7253,Bird7253,10,Cockatiel,Green,Quarantine,True
AUTO7254,Bird7254,5,Parrot,Black,Quarantine,False
AUTO7255,Bird7255,12,Parrot,Blue,In Aviary,False
AUTO7256,Bird7256,2,Finch,Black,Sold,False
AUTO7257,Bird7257,23,Owl,White,Quarantine,True
AUTO7258,Bird7258,16,Eagle,Yellow,Quarantine,True
AUTO7259,Bird7259,6,Eagle,Yellow,Quarantine,True
AUTO7260,Bird7260,4,Owl,Blue,In Aviary,True
AUTO7261,Bird7261,14,Parrot,Yellow,Quarantine,False
AUTO7262,Bird7262,2,Cockatiel,Yellow,Quarantine,True
AUTO7263,Bird7263,6,Finch,Blue,In Aviary,True
AUTO7264,Bird7264,6,Owl,Black,Quarantine,False
AUTO7265,Bird7265,18,Eagle,Blue,Quarantine,True
AUTO7266,Bird7266,15,Finch,Green,In Aviary,True
AUTO7267,Bird7267,11,Cockatiel,Blue,In Aviary,False
AUTO7268,Bird7268,17,Finch,White,Quarantine,False
AUTO7269,Bird7269,9,Eagle,White,Quarantine,True
AUTO7270,Bird7270,11,Eagle,Yellow,In Aviary,False
AUTO7271,Bird7271,19,Parrot,Black,Sold,True
AUTO7272,Bird7272,15,Parrot,Yellow,Quarantine,True
AUTO7273,Bird7273,10,Finch,White,In Aviary,True
AUTO7274,Bird7274,18,Parrot,Green,Sold,True
AUTO7275,Bird7275,12,Finch,Green,In Aviary,True
AUTO7276,Bird7276,10,Owl,Blue,In Aviary,False
AUTO7277,Bird7277,19,Cockatiel,Blue,Quarantine,False
AUTO7278,Bird7278,1,Parrot,Blue,Sold,True
AUTO7279,Bird7279,12,Owl,Red,In Aviary,True
AUTO7280,Bird7280,6,Finch,Black,In Aviary,True
AUTO7281,Bird7281,17,Finch,Green,Quarantine,False
AUTO7282,Bird7282,9,Finch,White,Sold,False
AUTO7283,Bird7283,13,Eagle,Red,In Aviary,True
AUTO7284,Bird7284,20,Parrot,Yellow,In Aviary,False
AUTO7285,Bird7285,15,Owl,White,In Aviary,True
AUTO7286,Bird7286,24,Parrot,Green,Quarantine,False
AUTO7287,Bird7287,16,Parrot,Black,Quarantine,False
AUTO7288,Bird7288,9,Parrot,White,Sold,True
AUTO7289,Bird7289,1,Owl,Yellow,Quarantine,True
AUTO7290,Bird7290,22,Finch,Red,Sold,False
AUTO7291,Bird7291,23,Eagle,Black,In Aviary,True
AUTO7292,Bird7292,13,Cockatiel,Blue,Sold,False
AUTO7293,Bird7293,4,Owl,Green,Quarantine,True
AUTO7294,Bird7294,10,Cockatiel,Red,Sold,True
AUTO7295,Bird7295,8,Cockatiel,Red,Quarantine,False
AUTO7296,Bird7296,19,Eagle,Yellow,Quarantine,False
AUTO7297,Bird7297,11,Eagle,Green,In Aviary,False
AUTO7298,Bird7298,21,Parrot,Yellow,In Aviary,True
AUTO7299,Bird7299,10,Eagle,Blue,Quarantine,False
AUTO7300,Bird7300,16,Parrot,Yellow,In Aviary,True
AUTO7301,Bird7301,2,Owl,Blue,In Aviary,False
AUTO7302,Bird7302,3,Owl,Blue,Sold,True
AUTO7303,Bird7303,1,Eagle,White,Quarantine,True
AUTO7304,Bird7304,10,Eagle,Blue,Sold,False
AUTO7305,Bird7305,13,Eagle,White,Quarantine,True
AUTO7306,Bird7306,13,Cockatiel,Yellow,In Aviary,True
AUTO7307,Bird7307,24,Eagle,Green,Quarantine,False
AUTO7308,Bird7308,2,Parrot,White,Sold,False
AUTO7309,Bird7309,7,Parrot,Yellow,Quarantine,True
AUTO7310,Bird7310,20,Owl,Blue,In Aviary,True
AUTO7311,Bird7311,11,Owl,Black,In Aviary,False
AUTO7312,Bird7312,14,Eagle,Red,Sold,True
AUTO7313,Bird7313,16,Parrot,White,Sold,True
AUTO7314,Bird7314,8,Eagle,Green,Quarantine,True
AUTO7315,Bird7315,23,Finch,Yellow,Quarantine,True
AUTO7316,Bird7316,14,Parrot,Yellow,Quarantine,True
AUTO7317,Bird7317,11,Parrot,Blue,Sold,False
AUTO7318,Bird7318,13,Owl,Black,In Aviary,True
AUTO7319,Bird7319,20,Eagle,Red,Sold,False
AUTO7320,Bird7320,5,Parrot,Yellow,Sold,True
AUTO7321,Bird7321,18,Finch,White,Quarantine,True
AUTO7322,Bird7322,5,Parrot,Black,Quarantine,False
AUTO7323,Bird7323,10,Cockatiel,Red,Quarantine,False
AUTO7324,Bird7324,18,Eagle,Yellow,Sold,True
AUTO7325,Bird7325,14,Finch,Yellow,Sold,False
AUTO7326,Bird7326,21,Eagle,Yellow,Quarantine,True
AUTO7327,Bird7327,20,Finch,White,In Aviary,False
AUTO7328,Bird7328,4,Finch,Black,Sold,True
AUTO7329,Bird7329,17,Cockatiel,Green,Sold,True
AUTO7330,Bird7330,14,Owl,White,Sold,False
AUTO7331,Bird7331,1,Parrot,White,Sold,False
AUTO7332,Bird7332,3,Parrot,Yellow,Sold,False
AUTO7333,Bird7333,11,Finch,White,Quarantine,True
AUTO7334,Bird7334,1,Cockatiel,Black,Sold,True
AUTO7335,Bird7335,8,Owl,Blue,Sold,True
AUTO7336,Bird7336,6,Finch,White,In Aviary,True
AUTO7337,Bird7337,13,Parrot,Yellow,In Aviary,True
AUTO7338,Bird7338,13,Finch,White,Sold,True
AUTO7339,Bird7339,17,Owl,Red,Quarantine,False
AUTO7340,Bird7340,9,Cockatiel,Green,Sold,False
AUTO7341,Bird7341,7,Cockatiel,Red,In Aviary,False
AUTO7342,Bird7342,2,Finch,Yellow,Quarantine,False
AUTO7343,Bird7343,1,Eagle,Green,Quarantine,False
AUTO7344,Bird7344,11,Eagle,Red,Sold,True
AUTO7345,Bird7345,6,Cockatiel,Red,Sold,False
AUTO7346,Bird7346,19,Cockatiel,Yellow,In Aviary,True
AUTO7347,Bird7347,2,Owl,Blue,In Aviary,True
AUTO7348,Bird7348,4,Cockatiel,Green,In Aviary,True
AUTO7349,Bird7349,2,Finch,Blue,Sold,False
AUTO7350,Bird7350,20,Eagle,Blue,Sold,False
AUTO7351,Bird7351,9,Cockatiel,Black,Sold,False
AUTO7352,Bird7352,17,Parrot,Black,Quarantine,False
AUTO7353,Bird7353,7,Eagle,Green,Quarantine,False
AUTO7354,Bird7354,21,Eagle,Yellow,Quarantine,True
AUTO7355,Bird7355,9,Owl,Green,Sold,True
AUTO7356,Bird7356,24,Eagle,Blue,In Aviary,True
AUTO7357,Bird7357,11,Finch,Blue,Quarantine,True
AUTO7358,Bird7358,7,Eagle,White,Quarantine,True
AUTO7359,Bird7359,14,Finch,Blue,In Aviary,True
AUTO7360,Bird7360,23,Owl,Red,Quarantine,False
AUTO7361,Bird7361,2,Parrot,Green,Quarantine,False
AUTO7362,Bird7362,21,Cockatiel,Red,In Aviary,True
AUTO7363,Bird7363,7,Cockatiel,Black,In Aviary,False
AUTO7364,Bird7364,18,Eagle,White,In Aviary,True
AUTO7365,Bird7365,22,Finch,Yellow,Sold,True
AUTO7366,Bird7366,12,Finch,Blue,Quarantine,False
AUTO7367,Bird7367,17,Finch,White,In Aviary,False
AUTO7368,Bird7368,17,Parrot,Yellow,Sold,False
AUTO7369,Bird7369,22,Owl,Red,In Aviary,True
AUTO7370,Bird7370,10,Owl,Yellow,Sold,False
AUTO7371,Bird7371,16,Owl,Green,In Aviary,True
AUTO7372,Bird7372,19,Finch,Black,In Aviary,False
AUTO7373,Bird7373,3,Finch,Yellow,In Aviary,True
AUTO7374,Bird7374,16,Parrot,Green,Sold,True
AUTO7375,Bird7375,1,Parrot,Blue,Quarantine,False
AUTO7376,Bird7376,21,Parrot,Yellow,Quarantine,False
AUTO7377,Bird7377,22,Eagle,Green,In Aviary,False
AUTO7378,Bird7378,14,Finch,Yellow,Quarantine,False
AUTO7379,Bird7379,1,Finch,Yellow,Quarantine,True
AUTO7380,Bird7380,16,Eagle,Black,In Aviary,True
AUTO7381,Bird7381,1,Cockatiel,White,Sold,True
AUTO7382,Bird7382,22,Parrot,Red,Quarantine,True
AUTO7383,Bird7383,11,Eagle,Yellow,Sold,False
AUTO7384,Bird7384,23,Cockatiel,Blue,Quarantine,True
AUTO7385,Bird7385,4,Eagle,White,Quarantine,True
AUTO7386,Bird7386,8,Parrot,Black,Sold,False
AUTO7387,Bird7387,12,Finch,Black,In Aviary,False
AUTO7388,Bird7388,8,Finch,White,Sold,True
AUTO7389,Bird7389,22,Owl,Red,Quarantine,True
AUTO7390,Bird7390,8,Parrot,Red,Sold,True
AUTO7391,Bird7391,11,Eagle,Black,In Aviary,True
AUTO7392,Bird7392,3,Finch,Green,Sold,True
AUTO7393,Bird7393,10,Finch,White,Quarantine,False
AUTO7394,Bird7394,24,Cockatiel,Red,In Aviary,False
AUTO7395,Bird7395,10,Cockatiel,Black,Sold,False
AUTO7396,Bird7396,11,Eagle,White,Sold,True
AUTO7397,Bird7397,23,Finch,White,Quarantine,False
AUTO7398,Bird7398,8,Owl,Red,Quarantine,True
AUTO7399,Bird7399,4,Eagle,Green,In Aviary,True
AUTO7400,Bird7400,6,Eagle,Black,Sold,False
AUTO7401,Bird7401,21,Parrot,Yellow,Sold,False
AUTO7402,Bird7402,4,Parrot,White,Sold,False
AUTO7403,Bird7403,24,Owl,Yellow,Sold,True
AUTO7404,Bird7404,3,Cockatiel,Green,In Aviary,True
AUTO7405,Bird7405,12,Cockatiel,White,Sold,True
AUTO7406,Bird7406,13,Owl,Yellow,Quarantine,False
AUTO7407,Bird7407,16,Eagle,Black,Quarantine,False
AUTO7408,Bird7408,5,Cockatiel,Blue,In Aviary,True
AUTO7409,Bird7409,4,Eagle,White,Sold,False
AUTO7410,Bird7410,21,Cockatiel,White,Sold,False
AUTO7411,Bird7411,16,Eagle,White,Sold,True
AUTO7412,Bird7412,17,Finch,Blue,Sold,False
AUTO7413,Bird7413,24,Finch,Red,Sold,False
AUTO7414,Bird7414,10,Parrot,Yellow,Sold,False
AUTO7415,Bird7415,20,Owl,Blue,Quarantine,True
AUTO7416,Bird7416,6,Cockatiel,Red,Quarantine,False
AUTO7417,Bird7417,19,Finch,Black,Quarantine,True
AUTO7418,Bird7418,22,Parrot,Red,In Aviary,False
AUTO7419,Bird7419,5,Cockatiel,Green,Quarantine,False
AUTO7420,Bird7420,21,Owl,Red,In Aviary,False
AUTO7421,Bird7421,12,Owl,Black,Quarantine,True
AUTO7422,Bird7422,23,Eagle,Blue,Sold,True
AUTO7423,Bird7423,14,Cockatiel,White,Quarantine,True
AUTO7424,Bird7424,20,Owl,Red,Sold,True
AUTO7425,Bird7425,15,Finch,White,Quarantine,True
AUTO7426,Bird7426,3,Cockatiel,Yellow,Sold,True
AUTO7427,Bird7427,23,Eagle,Green,Quarantine,True
AUTO7428,Bird7428,4,Parrot,Yellow,In Aviary,True
AUTO7429,Bird7429,16,Cockatiel,Black,Sold,True
AUTO7430,Bird7430,22,Eagle,White,Quarantine,False
AUTO7431,Bird7431,10,Eagle,Red,Sold,True
AUTO7432,Bird7432,16,Cockatiel,Blue,Quarantine,False
AUTO7433,Bird7433,2,Cockatiel,Yellow,Sold,True
AUTO7434,Bird7434,16,Owl,Blue,Quarantine,True
AUTO7435,Bird7435,22,Parrot,Yellow,Sold,False
AUTO7436,Bird7436,5,Finch,Yellow,In Aviary,True
AUTO7437,Bird7437,8,Finch,Blue,Quarantine,True
AUTO7438,Bird7438,14,Eagle,Yellow,Sold,True
AUTO7439,Bird7439,16,Eagle,Yellow,In Aviary,False
AUTO7440,Bird7440,2,Finch,Red,Sold,True
AUTO7441,Bird7441,16,Parrot,Black,In Aviary,True
AUTO7442,Bird7442,16,Eagle,Green,Quarantine,True
AUTO7443,Bird7443,9,Eagle,Yellow,Sold,False
AUTO7444,Bird7444,22,Finch,Red,In Aviary,False
AUTO7445,Bird7445,14,Parrot,Green,Quarantine,True
AUTO7446,Bird7446,19,Finch,White,Quarantine,False
AUTO7447,Bird7447,11,Eagle,Green,Quarantine,False
AUTO7448,Bird7448,6,Cockatiel,Red,Quarantine,False
AUTO7449,Bird7449,17,Owl,Black,Quarantine,True
AUTO7450,Bird7450,24,Finch,Red,Sold,True
AUTO7451,Bird7451,13,Eagle,Green,Sold,True
AUTO7452,Bird7452,14,Owl,White,Quarantine,False
AUTO7453,Bird7453,2,Finch,Green,Quarantine,False
AUTO7454,Bird7454,5,Parrot,Blue,Sold,False
AUTO7455,Bird7455,9,Finch,White,Sold,False
AUTO7456,Bird7456,11,Parrot,Black,In Aviary,True
AUTO7457,Bird7457,3,Eagle,Yellow,Quarantine,True
AUTO7458,Bird7458,23,Eagle,Black,Sold,False
AUTO7459,Bird7459,5,Eagle,Yellow,In Aviary,True
AUTO7460,Bird7460,8,Owl,Black,Quarantine,False
AUTO7461,Bird7461,15,Parrot,White,In Aviary,True
AUTO7462,Bird7462,6,Parrot,Red,Quarantine,False
AUTO7463,Bird7463,19,Parrot,Green,Sold,True
AUTO7464,Bird7464,2,Cockatiel,Yellow,Quarantine,False
AUTO7465,Bird7465,16,Cockatiel,Green,In Aviary,True
AUTO7466,Bird7466,21,Cockatiel,White,Quarantine,False
AUTO7467,Bird7467,19,Owl,Yellow,Quarantine,True
AUTO7468,Bird7468,20,Finch,Green,Sold,False
AUTO7469,Bird7469,7,Parrot,Black,Quarantine,False
AUTO7470,Bird7470,24,Cockatiel,Black,In Aviary,False
AUTO7471,Bird7471,14,Eagle,Green,Sold,True
AUTO7472,Bird7472,13,Parrot,Red,Sold,False
AUTO7473,Bird7473,3,Eagle,Blue,In Aviary,True
AUTO7474,Bird7474,22,Finch,Green,In Aviary,False
AUTO7475,Bird7475,20,Parrot,Yellow,Sold,True
AUTO7476,Bird7476,7,Cockatiel,Blue,In Aviary,False
AUTO7477,Bird7477,19,Owl,Yellow,In Aviary,True
AUTO7478,Bird7478,23,Eagle,Black,In Aviary,True
AUTO7479,Bird7479,4,Owl,Blue,Sold,True
AUTO7480,Bird7480,17,Eagle,Green,Quarantine,False
AUTO7481,Bird7481,6,Eagle,Yellow,Sold,True
AUTO7482,Bird7482,17,Owl,Blue,In Aviary,True
AUTO7483,Bird7483,1,Finch,Blue,Quarantine,True
AUTO7484,Bird7484,5,Owl,Green,Quarantine,False
AUTO7485,Bird7485,10,Owl,Green,Quarantine,True
AUTO7486,Bird7486,23,Parrot,Red,Quarantine,False
AUTO7487,Bird7487,7,Owl,White,In Aviary,False
AUTO7488,Bird7488,21,Eagle,Red,Quarantine,False
AUTO7489,Bird7489,11,Finch,Black,In Aviary,False
AUTO7490,Bird7490,5,Eagle,Green,In Aviary,False
AUTO7491,Bird7491,3,Owl,Black,Sold,False
AUTO7492,Bird7492,21,Cockatiel,Black,Quarantine,True
AUTO7493,Bird7493,24,Owl,Yellow,In Aviary,False
AUTO7494,Bird7494,20,Cockatiel,Green,Quarantine,False
AUTO7495,Bird7495,23,Owl,White,Sold,False
AUTO7496,Bird7496,19,Owl,Red,In Aviary,True
AUTO7497,Bird7497,8,Eagle,Black,In Aviary,False
AUTO7498,Bird7498,9,Owl,Yellow,Sold,True
AUTO7499,Bird7499,8,Eagle,Black,In Aviary,True
AUTO7500,Bird7500,2,Owl,Blue,Sold,True
AUTO7501,Bird7501,7,Finch,Blue,Quarantine,True
AUTO7502,Bird7502,15,Owl,Blue,In Aviary,True
AUTO7503,Bird7503,7,Parrot,Green,Sold,True
AUTO7504,Bird7504,20,Parrot,Yellow,Sold,False
AUTO7505,Bird7505,10,Owl,Blue,In Aviary,False
AUTO7506,Bird7506,15,Eagle,Green,Sold,False
AUTO7507,Bird7507,19,Finch,Black,Sold,True
AUTO7508,Bird7508,7,Finch,Blue,In Aviary,True
AUTO7509,Bird7509,14,Finch,Yellow,Sold,True
AUTO7510,Bird7510,18,Parrot,Blue,In Aviary,False
AUTO7511,Bird7511,14,Owl,Yellow,Sold,True
AUTO7512,Bird7512,13,Parrot,Red,In Aviary,False
AUTO7513,Bird7513,3,Owl,Red,Sold,True
AUTO7514,Bird7514,22,Cockatiel,White,In Aviary,False
AUTO7515,Bird7515,11,Eagle,Yellow,In Aviary,False
AUTO7516,Bird7516,21,Parrot,Yellow,Quarantine,True
AUTO7517,Bird7517,20,Finch,Yellow,Quarantine,True
AUTO7518,Bird7518,4,Owl,Yellow,Quarantine,True
AUTO7519,Bird7519,11,Eagle,Red,Quarantine,False
AUTO7520,Bird7520,22,Eagle,Red,Sold,False
AUTO7521,Bird7521,16,Cockatiel,White,Sold,False
AUTO7522,Bird7522,7,Owl,Green,Sold,False
AUTO7523,Bird7523,19,Eagle,Yellow,Quarantine,False
AUTO7524,Bird7524,24,Owl,White,Sold,False
AUTO7525,Bird7525,12,Owl,Red,Sold,False
AUTO7526,Bird7526,1,Owl,Black,Quarantine,False
AUTO7527,Bird7527,21,Parrot,Black,Quarantine,False
AUTO7528,Bird7528,21,Parrot,Green,In Aviary,False
AUTO7529,Bird7529,5,Eagle,Yellow,In Aviary,False
AUTO7530,Bird7530,22,Cockatiel,White,Sold,False
AUTO7531,Bird7531,13,Cockatiel,Blue,In Aviary,False
AUTO7532,Bird7532,24,Finch,Black,Sold,False
AUTO7533,Bird7533,9,Cockatiel,Black,Sold,True
AUTO7534,Bird7534,6,Owl,Green,In Aviary,True
AUTO7535,Bird7535,1,Owl,White,Quarantine,False
AUTO7536,Bird7536,3,Cockatiel,Black,In Aviary,False
AUTO7537,Bird7537,24,Cockatiel,Green,In Aviary,True
AUTO7538,Bird7538,7,Owl,Red,Quarantine,True
AUTO7539,Bird7539,15,Owl,Red,Sold,True
AUTO7540,Bird7540,10,Finch,Blue,Quarantine,True
AUTO7541,Bird7541,14,Cockatiel,White,Sold,False
AUTO7542,Bird7542,17,Owl,Green,In Aviary,False
AUTO7543,Bird7543,2,Owl,Black,Sold,True
AUTO7544,Bird7544,16,Cockatiel,White,Sold,False
AUTO7545,Bird7545,21,Parrot,Blue,Sold,True
AUTO7546,Bird7546,3,Finch,Black,Quarantine,True
AUTO7547,Bird7547,8,Owl,Red,Sold,True
AUTO7548,Bird7548,12,Cockatiel,Red,Sold,True
AUTO7549,Bird7549,5,Owl,Black,In Aviary,True
AUTO7550,Bird7550,24,Cockatiel,Yellow,Quarantine,True
AUTO7551,Bird7551,15,Owl,Blue,Quarantine,True
AUTO7552,Bird7552,23,Finch,Red,In Aviary,True
AUTO7553,Bird7553,15,Eagle,Blue,Sold,False
AUTO7554,Bird7554,21,Eagle,White,Quarantine,False
AUTO7555,Bird7555,11,Owl,Black,In Aviary,True
AUTO7556,Bird7556,4,Eagle,Black,Quarantine,True
AUTO7557,Bird7557,12,Finch,White,Sold,True
AUTO7558,Bird7558,1,Cockatiel,Yellow,Quarantine,True
AUTO7559,Bird7559,22,Cockatiel,Blue,Quarantine,True
AUTO7560,Bird7560,19,Eagle,Black,In Aviary,False
AUTO7561,Bird7561,24,Owl,Blue,Sold,False
AUTO7562,Bird7562,19,Finch,Black,Sold,True
AUTO7563,Bird7563,8,Eagle,Green,In Aviary,True
AUTO7564,Bird7564,11,Parrot,Black,Sold,True
AUTO7565,Bird7565,22,Owl,White,Sold,True
AUTO7566,Bird7566,2,Eagle,Red,Sold,True
AUTO7567,Bird7567,4,Finch,Black,In Aviary,False
AUTO7568,Bird7568,3,Owl,Blue,Quarantine,False
AUTO7569,Bird7569,6,Finch,Black,Quarantine,True
AUTO7570,Bird7570,22,Parrot,Blue,Sold,False
AUTO7571,Bird7571,14,Finch,Green,Quarantine,True
AUTO7572,Bird7572,15,Parrot,Green,Sold,True
AUTO7573,Bird7573,21,Owl,White,Sold,False
AUTO7574,Bird7574,16,Finch,Green,In Aviary,True
AUTO7575,Bird7575,13,Finch,Green,In Aviary,False
AUTO7576,Bird7576,6,Owl,Red,In Aviary,True
AUTO7577,Bird7577,21,Eagle,Red,In Aviary,True
AUTO7578,Bird7578,17,Parrot,Yellow,In Aviary,True
AUTO7579,Bird7579,6,Parrot,White,Quarantine,True
AUTO7580,Bird7580,5,Parrot,Green,Quarantine,True
AUTO7581,Bird7581,9,Owl,White,Quarantine,True
AUTO7582,Bird7582,19,Cockatiel,Yellow,Quarantine,False
AUTO7583,Bird7583,3,Parrot,White,In Aviary,True
AUTO7584,Bird7584,8,Parrot,Black,In Aviary,False
AUTO7585,Bird7585,10,Cockatiel,Green,In Aviary,False
AUTO7586,Bird7586,20,Finch,Yellow,Sold,True
AUTO7587,Bird7587,19,Eagle,Black,In Aviary,True
AUTO7588,Bird7588,24,Parrot,Green,Sold,True
AUTO7589,Bird7589,8,Parrot,Green,Quarantine,False
AUTO7590,Bird7590,24,Eagle,Black,In Aviary,False
AUTO7591,Bird7591,12,Owl,Blue,Sold,False
AUTO7592,Bird7592,2,Cockatiel,Green,Quarantine,False
AUTO7593,Bird7593,9,Finch,Black,Quarantine,True
AUTO7594,Bird7594,9,Parrot,White,In Aviary,True
AUTO7595,Bird7595,3,Finch,Blue,Sold,True
AUTO7596,Bird7596,10,Owl,Red,Sold,True
AUTO7597,Bird7597,14,Finch,White,Quarantine,True
AUTO7598,Bird7598,7,Finch,Red,In Aviary,False
AUTO7599,Bird7599,22,Finch,Red,Sold,True
AUTO7600,Bird7600,15,Owl,Red,Sold,True
AUTO7601,Bird7601,16,Finch,Black,In Aviary,False
AUTO7602,Bird7602,8,Eagle,White,Quarantine,True
AUTO7603,Bird7603,19,Finch,Yellow,Sold,True
AUTO7604,Bird7604,24,Parrot,Yellow,Sold,False
AUTO7605,Bird7605,14,Parrot,Green,Sold,False
AUTO7606,Bird7606,23,Cockatiel,Green,In Aviary,False
AUTO7607,Bird7607,21,Eagle,Blue,Quarantine,False
AUTO7608,Bird7608,3,Eagle,Yellow,Sold,False
AUTO7609,Bird7609,15,Eagle,Red,Quarantine,True
AUTO7610,Bird7610,5,Cockatiel,Green,Sold,True
AUTO7611,Bird7611,14,Parrot,White,Sold,False
AUTO7612,Bird7612,9,Parrot,Red,Quarantine,True
AUTO7613,Bird7613,17,Owl,Yellow,Sold,False
AUTO7614,Bird7614,4,Cockatiel,Blue,Sold,True
AUTO7615,Bird7615,2,Parrot,Black,In Aviary,True
AUTO7616,Bird7616,16,Cockatiel,Black,Quarantine,True
AUTO7617,Bird7617,22,Owl,White,In Aviary,True
AUTO7618,Bird7618,18,Eagle,Red,In Aviary,False
AUTO7619,Bird7619,4,Eagle,Red,In Aviary,True
AUTO7620,Bird7620,18,Owl,Green,Quarantine,False
AUTO7621,Bird7621,24,Cockatiel,Red,In Aviary,True
AUTO7622,Bird7622,18,Owl,Red,In Aviary,False
AUTO7623,Bird7623,18,Owl,Black,In Aviary,True
AUTO7624,Bird7624,24,Eagle,Blue,In Aviary,True
AUTO7625,Bird7625,13,Owl,Green,In Aviary,False
AUTO7626,Bird7626,12,Finch,Blue,Sold,False
AUTO7627,Bird7627,13,Parrot,White,In Aviary,False
AUTO7628,Bird7628,21,Owl,White,In Aviary,True
AUTO7629,Bird7629,4,Owl,Yellow,Sold,True
AUTO7630,Bird7630,10,Finch,Black,Quarantine,True
AUTO7631,Bird7631,10,Eagle,Black,Sold,True
AUTO7632,Bird7632,9,Eagle,Blue,Sold,False
AUTO7633,Bird7633,6,Eagle,Blue,Quarantine,False
AUTO7634,Bird7634,21,Eagle,Yellow,Sold,True
AUTO7635,Bird7635,16,Owl,Blue,Quarantine,False
AUTO7636,Bird7636,12,Finch,Red,In Aviary,False
AUTO7637,Bird7637,7,Owl,Black,Quarantine,False
AUTO7638,Bird7638,13,Owl,Blue,Quarantine,True
AUTO7639,Bird7639,24,Parrot,White,Quarantine,False
AUTO7640,Bird7640,24,Eagle,Blue,Sold,False
AUTO7641,Bird7641,3,Owl,White,In Aviary,False
AUTO7642,Bird7642,21,Finch,Yellow,Quarantine,True
AUTO7643,Bird7643,9,Parrot,Yellow,Quarantine,True
AUTO7644,Bird7644,21,Cockatiel,Blue,Sold,False
AUTO7645,Bird7645,6,Parrot,Yellow,In Aviary,True
AUTO7646,Bird7646,24,Owl,Green,In Aviary,True
AUTO7647,Bird7647,20,Cockatiel,Green,Sold,True
AUTO7648,Bird7648,20,Parrot,Red,Sold,False
AUTO7649,Bird7649,8,Owl,Red,Sold,True
AUTO7650,Bird7650,16,Finch,Yellow,Quarantine,False
AUTO7651,Bird7651,11,Finch,White,In Aviary,False
AUTO7652,Bird7652,20,Parrot,Black,Sold,False
AUTO7653,Bird7653,10,Owl,Blue,Sold,False
AUTO7654,Bird7654,12,Parrot,Green,Sold,False
AUTO7655,Bird7655,11,Eagle,Red,Quarantine,True
AUTO7656,Bird7656,9,Owl,Blue,Sold,False
AUTO7657,Bird7657,8,Owl,Black,Sold,True
AUTO7658,Bird7658,16,Cockatiel,Black,In Aviary,False
AUTO7659,Bird7659,18,Finch,White,Quarantine,False
AUTO7660,Bird7660,11,Parrot,White,Sold,False
AUTO7661,Bird7661,22,Eagle,Green,In Aviary,True
AUTO7662,Bird7662,2,Finch,Blue,In Aviary,True
AUTO7663,Bird7663,17,Cockatiel,Blue,Sold,False
AUTO7664,Bird7664,8,Eagle,Red,Quarantine,True
AUTO7665,Bird7665,11,Cockatiel,Black,Quarantine,False
AUTO7666,Bird7666,7,Parrot,Green,In Aviary,True
AUTO7667,Bird7667,4,Eagle,Red,Quarantine,True
AUTO7668,Bird7668,24,Owl,Black,Quarantine,True
AUTO7669,Bird7669,8,Cockatiel,Black,Sold,False
AUTO7670,Bird7670,7,Cockatiel,Red,Quarantine,True
AUTO7671,Bird7671,14,Eagle,Yellow,In Aviary,False
AUTO7672,Bird7672,16,Eagle,Green,Quarantine,True
AUTO7673,Bird7673,15,Eagle,Black,Quarantine,True
AUTO7674,Bird7674,17,Finch,Blue,Sold,False
AUTO7675,Bird7675,18,Eagle,White,Sold,False
AUTO7676,Bird7676,22,Parrot,White,Quarantine,False
AUTO7677,Bird7677,6,Finch,Green,Sold,True
AUTO7678,Bird7678,15,Owl,Yellow,In Aviary,False
AUTO7679,Bird7679,17,Owl,Black,Sold,True
AUTO7680,Bird7680,18,Parrot,Yellow,In Aviary,True
AUTO7681,Bird7681,15,Finch,Red,In Aviary,False
AUTO7682,Bird7682,13,Finch,Red,Sold,True
AUTO7683,Bird7683,21,Owl,Blue,Quarantine,False
AUTO7684,Bird7684,4,Parrot,Red,In Aviary,True
AUTO7685,Bird7685,21,Cockatiel,Green,Quarantine,True
AUTO7686,Bird7686,13,Eagle,Black,Quarantine,True
AUTO7687,Bird7687,10,Owl,White,In Aviary,False
AUTO7688,Bird7688,19,Finch,Yellow,In Aviary,False
AUTO7689,Bird7689,18,Owl,Black,Quarantine,True
AUTO7690,Bird7690,23,Parrot,White,Sold,False
AUTO7691,Bird7691,13,Eagle,Blue,Sold,True
AUTO7692,Bird7692,24,Cockatiel,Black,In Aviary,True
AUTO7693,Bird7693,1,Cockatiel,Black,In Aviary,False
AUTO7694,Bird7694,12,Cockatiel,Green,Quarantine,False
AUTO7695,Bird7695,14,Finch,White,In Aviary,False
AUTO7696,Bird7696,13,Finch,Yellow,Sold,False
AUTO7697,Bird7697,9,Owl,Blue,In Aviary,False
AUTO7698,Bird7698,9,Parrot,White,In Aviary,False
AUTO7699,Bird7699,10,Eagle,Red,Sold,True
AUTO7700,Bird7700,1,Parrot,White,Quarantine,True
AUTO7701,Bird7701,7,Parrot,Yellow,In Aviary,True
AUTO7702,Bird7702,23,Owl,Blue,Sold,True
AUTO7703,Bird7703,1,Parrot,Blue,Quarantine,True
AUTO7704,Bird7704,11,Cockatiel,White,Quarantine,True
AUTO7705,Bird7705,23,Cockatiel,Yellow,Quarantine,True
AUTO7706,Bird7706,3,Parrot,Red,In Aviary,False
AUTO7707,Bird7707,18,Parrot,Red,Quarantine,True
AUTO7708,Bird7708,22,Parrot,Yellow,Sold,False
AUTO7709,Bird7709,13,Cockatiel,Red,In Aviary,False
AUTO7710,Bird7710,6,Finch,Red,In Aviary,True
AUTO7711,Bird7711,15,Owl,Red,Quarantine,True
AUTO7712,Bird7712,4,Finch,Black,Sold,False
AUTO7713,Bird7713,5,Parrot,Red,In Aviary,False
AUTO7714,Bird7714,2,Owl,Green,In Aviary,True
AUTO7715,Bird7715,21,Cockatiel,Yellow,Sold,False
AUTO7716,Bird7716,23,Eagle,Green,Quarantine,True
AUTO7717,Bird7717,19,Eagle,Red,Sold,False
AUTO7718,Bird7718,22,Finch,Green,Quarantine,False
AUTO7719,Bird7719,7,Parrot,White,Quarantine,True
AUTO7720,Bird7720,22,Owl,Black,Quarantine,True
AUTO7721,Bird7721,12,Eagle,Blue,Quarantine,False
AUTO7722,Bird7722,14,Finch,White,In Aviary,True
AUTO7723,Bird7723,4,Owl,Red,Quarantine,True
AUTO7724,Bird7724,3,Parrot,Blue,Sold,True
AUTO7725,Bird7725,3,Finch,Green,In Aviary,False
AUTO7726,Bird7726,12,Owl,Black,In Aviary,True
AUTO7727,Bird7727,18,Owl,Yellow,In Aviary,False
AUTO7728,Bird7728,21,Eagle,White,Quarantine,True
AUTO7729,Bird7729,23,Eagle,Black,Sold,True
AUTO7730,Bird7730,19,Eagle,Green,In Aviary,False
AUTO7731,Bird7731,8,Eagle,Red,In Aviary,True
AUTO7732,Bird7732,19,Eagle,Yellow,Sold,False
AUTO7733,Bird7733,8,Parrot,Green,Quarantine,False
AUTO7734,Bird7734,21,Finch,Red,Sold,True
AUTO7735,Bird7735,5,Eagle,White,In Aviary,True
AUTO7736,Bird7736,16,Parrot,Green,Sold,False
AUTO7737,Bird7737,3,Owl,Yellow,Quarantine,True
AUTO7738,Bird7738,12,Finch,Blue,Quarantine,False
AUTO7739,Bird7739,19,Cockatiel,Green,Sold,True
AUTO7740,Bird7740,3,Owl,Green,In Aviary,True
AUTO7741,Bird7741,18,Eagle,Green,In Aviary,False
AUTO7742,Bird7742,17,Cockatiel,Red,Quarantine,False
AUTO7743,Bird7743,22,Owl,Blue,Sold,True
AUTO7744,Bird7744,22,Cockatiel,Yellow,Quarantine,True
AUTO7745,Bird7745,11,Eagle,White,In Aviary,True
AUTO7746,Bird7746,15,Owl,Red,Sold,False
AUTO7747,Bird7747,5,Cockatiel,White,In Aviary,False
AUTO7748,Bird7748,11,Eagle,Red,Sold,True
AUTO7749,Bird7749,2,Owl,Yellow,Quarantine,False
AUTO7750,Bird7750,13,Cockatiel,Red,In Aviary,True
AUTO7751,Bird7751,5,Owl,Yellow,In Aviary,True
AUTO7752,Bird7752,3,Eagle,Blue,In Aviary,True
AUTO7753,Bird7753,11,Parrot,Yellow,Sold,True
AUTO7754,Bird7754,19,Finch,Black,Quarantine,False
AUTO7755,Bird7755,8,Parrot,Black,Sold,True
AUTO7756,Bird7756,7,Finch,White,Quarantine,False
AUTO7757,Bird7757,3,Owl,White,In Aviary,True
AUTO7758,Bird7758,21,Cockatiel,White,Sold,False
AUTO7759,Bird7759,20,Parrot,Green,Sold,True
AUTO7760,Bird7760,23,Parrot,Red,In Aviary,True
AUTO7761,Bird7761,14,Eagle,Green,In Aviary,True
AUTO7762,Bird7762,20,Parrot,Red,Quarantine,False
AUTO7763,Bird7763,24,Parrot,Black,Sold,True
AUTO7764,Bird7764,22,Owl,White,Sold,False
AUTO7765,Bird7765,11,Finch,Yellow,In Aviary,False
AUTO7766,Bird7766,1,Finch,Black,In Aviary,False
AUTO7767,Bird7767,10,Owl,Yellow,Quarantine,True
AUTO7768,Bird7768,17,Eagle,Yellow,Quarantine,False
AUTO7769,Bird7769,10,Parrot,Yellow,In Aviary,True
AUTO7770,Bird7770,3,Finch,Blue,In Aviary,False
AUTO7771,Bird7771,21,Eagle,Blue,Quarantine,True
AUTO7772,Bird7772,24,Owl,Red,Quarantine,True
AUTO7773,Bird7773,24,Owl,Blue,Sold,False
AUTO7774,Bird7774,23,Parrot,Black,In Aviary,True
AUTO7775,Bird7775,14,Eagle,Blue,Quarantine,False
AUTO7776,Bird7776,3,Owl,Black,Quarantine,False
AUTO7777,Bird7777,24,Finch,Black,In Aviary,True
AUTO7778,Bird7778,3,Cockatiel,Yellow,Sold,True
AUTO7779,Bird7779,9,Finch,Black,Sold,False
AUTO7780,Bird7780,18,Parrot,Red,Sold,False
AUTO7781,Bird7781,23,Eagle,White,Quarantine,True
AUTO7782,Bird7782,16,Parrot,Black,Quarantine,False
AUTO7783,Bird7783,18,Cockatiel,Yellow,In Aviary,False
AUTO7784,Bird7784,3,Finch,Green,In Aviary,True
AUTO7785,Bird7785,8,Eagle,Green,Sold,False
AUTO7786,Bird7786,11,Finch,White,In Aviary,True
AUTO7787,Bird7787,8,Parrot,Green,Quarantine,False
AUTO7788,Bird7788,17,Cockatiel,Yellow,In Aviary,True
AUTO7789,Bird7789,2,Owl,White,Sold,True
AUTO7790,Bird7790,10,Cockatiel,Yellow,Quarantine,False
AUTO7791,Bird7791,5,Eagle,Red,Sold,False
AUTO7792,Bird7792,16,Finch,Black,Sold,True
AUTO7793,Bird7793,16,Parrot,Red,Sold,True
AUTO7794,Bird7794,6,Eagle,Yellow,Sold,False
AUTO7795,Bird7795,16,Parrot,Yellow,Quarantine,True
AUTO7796,Bird7796,16,Finch,Yellow,Sold,False
AUTO7797,Bird7797,1,Cockatiel,Green,Quarantine,False
AUTO7798,Bird7798,15,Finch,Black,Quarantine,True
AUTO7799,Bird7799,22,Eagle,Yellow,In Aviary,False
AUTO7800,Bird7800,18,Cockatiel,Green,Quarantine,False
AUTO7801,Bird7801,1,Eagle,Green,Quarantine,False
AUTO7802,Bird7802,12,Cockatiel,Blue,Sold,False
AUTO7803,Bird7803,15,Eagle,White,Sold,False
AUTO7804,Bird7804,23,Owl,Black,Sold,False
AUTO7805,Bird7805,4,Cockatiel,Red,In Aviary,False
AUTO7806,Bird7806,21,Finch,White,In Aviary,False
AUTO7807,Bird7807,9,Cockatiel,White,Quarantine,True
AUTO7808,Bird7808,20,Owl,Blue,In Aviary,True
AUTO7809,Bird7809,19,Cockatiel,Yellow,Sold,True
AUTO7810,Bird7810,7,Owl,Yellow,Quarantine,False
AUTO7811,Bird7811,16,Cockatiel,Red,Quarantine,False
AUTO7812,Bird7812,2,Eagle,Black,Quarantine,False
AUTO7813,Bird7813,12,Finch,Blue,Quarantine,False
AUTO7814,Bird7814,18,Owl,Black,Quarantine,False
AUTO7815,Bird7815,9,Cockatiel,White,Quarantine,True
AUTO7816,Bird7816,10,Owl,Yellow,Quarantine,True
AUTO7817,Bird7817,7,Owl,Yellow,Quarantine,False
AUTO7818,Bird7818,12,Eagle,Blue,Sold,True
AUTO7819,Bird7819,18,Owl,Black,Sold,False
AUTO7820,Bird7820,20,Owl,Red,Sold,False
AUTO7821,Bird7821,24,Owl,Green,Sold,False
AUTO7822,Bird7822,10,Parrot,Green,Sold,False
AUTO7823,Bird7823,20,Parrot,Yellow,Quarantine,True
AUTO7824,Bird7824,15,Finch,White,In Aviary,False
AUTO7825,Bird7825,2,Finch,Yellow,In Aviary,True
AUTO7826,Bird7826,24,Finch,White,In Aviary,False
AUTO7827,Bird7827,16,Finch,Red,Sold,False
AUTO7828,Bird7828,22,Parrot,White,Quarantine,True
AUTO7829,Bird7829,18,Eagle,Yellow,In Aviary,False
AUTO7830,Bird7830,17,Eagle,Black,In Aviary,True
AUTO7831,Bird7831,9,Eagle,Black,Sold,False
AUTO7832,Bird7832,20,Owl,Red,Sold,False
AUTO7833,Bird7833,1,Finch,Green,In Aviary,False
AUTO7834,Bird7834,18,Owl,Black,Quarantine,False
AUTO7835,Bird7835,10,Owl,White,In Aviary,True
AUTO7836,Bird7836,18,Cockatiel,Black,In Aviary,True
AUTO7837,Bird7837,16,Owl,Red,Sold,True
AUTO7838,Bird7838,9,Cockatiel,Black,In Aviary,False
AUTO7839,Bird7839,18,Parrot,White,In Aviary,False
AUTO7840,Bird7840,3,Cockatiel,Black,In Aviary,True
AUTO7841,Bird7841,5,Eagle,Black,Sold,True
AUTO7842,Bird7842,19,Cockatiel,Blue,Sold,True
AUTO7843,Bird7843,5,Eagle,Black,In Aviary,True
AUTO7844,Bird7844,7,Owl,White,Sold,True
AUTO7845,Bird7845,21,Finch,White,Sold,True
AUTO7846,Bird7846,14,Finch,White,Quarantine,False
AUTO7847,Bird7847,23,Owl,Green,Sold,True
AUTO7848,Bird7848,7,Cockatiel,Yellow,Quarantine,False
AUTO7849,Bird7849,8,Eagle,White,In Aviary,False
AUTO7850,Bird7850,1,Owl,Yellow,In Aviary,True
AUTO7851,Bird7851,3,Cockatiel,Blue,In Aviary,False
AUTO7852,Bird7852,16,Eagle,Red,In Aviary,True
AUTO7853,Bird7853,4,Parrot,White,Sold,True
AUTO7854,Bird7854,8,Eagle,Black,Sold,True
AUTO7855,Bird7855,7,Owl,Yellow,Quarantine,True
AUTO7856,Bird7856,18,Finch,Green,Sold,False
AUTO7857,Bird7857,24,Parrot,Blue,In Aviary,True
AUTO7858,Bird7858,8,Cockatiel,Red,Sold,False
AUTO7859,Bird7859,10,Finch,Blue,Sold,True
AUTO7860,Bird7860,4,Owl,Blue,Sold,True
AUTO7861,Bird7861,12,Parrot,Yellow,In Aviary,False
AUTO7862,Bird7862,1,Owl,Red,Sold,False
AUTO7863,Bird7863,7,Parrot,Yellow,Quarantine,False
AUTO7864,Bird7864,20,Cockatiel,Green,Quarantine,True
AUTO7865,Bird7865,4,Cockatiel,Green,Quarantine,False
AUTO7866,Bird7866,2,Parrot,Yellow,Sold,False
AUTO7867,Bird7867,10,Eagle,White,Sold,False
AUTO7868,Bird7868,15,Eagle,White,Quarantine,False
AUTO7869,Bird7869,24,Finch,Yellow,Sold,True
AUTO7870,Bird7870,6,Finch,Blue,In Aviary,True
AUTO7871,Bird7871,17,Owl,Black,Sold,False
AUTO7872,Bird7872,4,Cockatiel,White,Sold,False
AUTO7873,Bird7873,13,Parrot,Red,Sold,True
AUTO7874,Bird7874,6,Owl,Black,Sold,True
AUTO7875,Bird7875,17,Eagle,Green,Quarantine,False
AUTO7876,Bird7876,19,Finch,Green,In Aviary,True
AUTO7877,Bird7877,17,Eagle,Black,Quarantine,False
AUTO7878,Bird7878,13,Finch,Blue,Sold,False
AUTO7879,Bird7879,21,Owl,Yellow,Quarantine,False
AUTO7880,Bird7880,12,Parrot,Black,Sold,True
AUTO7881,Bird7881,3,Eagle,Blue,In Aviary,True
AUTO7882,Bird7882,18,Eagle,Red,Quarantine,False
AUTO7883,Bird7883,14,Parrot,Blue,Quarantine,True
AUTO7884,Bird7884,5,Owl,Black,Quarantine,False
AUTO7885,Bird7885,9,Eagle,Black,In Aviary,False
AUTO7886,Bird7886,13,Parrot,White,Quarantine,False
AUTO7887,Bird7887,6,Owl,Black,In Aviary,False
AUTO7888,Bird7888,4,Owl,Green,In Aviary,True
AUTO7889,Bird7889,1,Finch,Yellow,In Aviary,True
AUTO7890,Bird7890,19,Finch,Yellow,In Aviary,False
AUTO7891,Bird7891,18,Eagle,White,In Aviary,False
AUTO7892,Bird7892,24,Parrot,Yellow,Sold,False
AUTO7893,Bird7893,24,Owl,White,Sold,True
AUTO7894,Bird7894,18,Owl,Blue,In Aviary,False
AUTO7895,Bird7895,23,Finch,Black,Quarantine,False
AUTO7896,Bird7896,24,Eagle,Yellow,Quarantine,True
AUTO7897,Bird7897,22,Owl,White,Quarantine,False
AUTO7898,Bird7898,20,Eagle,Yellow,Quarantine,False
AUTO7899,Bird7899,24,Cockatiel,Yellow,Sold,False
AUTO7900,Bird7900,5,Finch,Red,In Aviary,True
AUTO7901,Bird7901,10,Cockatiel,Black,In Aviary,False
AUTO7902,Bird7902,6,Eagle,Blue,Quarantine,True
AUTO7903,Bird7903,5,Eagle,Green,Sold,True
AUTO7904,Bird7904,12,Cockatiel,Green,Quarantine,True
AUTO7905,Bird7905,5,Finch,Yellow,Quarantine,True
AUTO7906,Bird7906,19,Owl,Green,Quarantine,False
AUTO7907,Bird7907,5,Parrot,Yellow,In Aviary,False
AUTO7908,Bird7908,9,Cockatiel,White,Quarantine,True
AUTO7909,Bird7909,3,Eagle,Green,Sold,True
AUTO7910,Bird7910,13,Finch,Black,Sold,False
AUTO7911,Bird7911,17,Eagle,White,In Aviary,False
AUTO7912,Bird7912,17,Parrot,White,In Aviary,False
AUTO7913,Bird7913,10,Eagle,Green,In Aviary,False
AUTO7914,Bird7914,24,Eagle,Red,Quarantine,False
AUTO7915,Bird7915,14,Owl,Green,Sold,True
AUTO7916,Bird7916,23,Eagle,White,Quarantine,False
AUTO7917,Bird7917,8,Finch,Yellow,In Aviary,False
AUTO7918,Bird7918,6,Parrot,Red,Quarantine,True
AUTO7919,Bird7919,8,Owl,Yellow,In Aviary,False
AUTO7920,Bird7920,12,Owl,Blue,Sold,False
AUTO7921,Bird7921,18,Eagle,Yellow,Sold,True
AUTO7922,Bird7922,3,Eagle,White,Quarantine,False
AUTO7923,Bird7923,8,Finch,Blue,Quarantine,True
AUTO7924,Bird7924,21,Cockatiel,White,Quarantine,False
AUTO7925,Bird7925,10,Parrot,Green,Quarantine,True
AUTO7926,Bird7926,22,Cockatiel,Black,Sold,False
AUTO7927,Bird7927,15,Cockatiel,Blue,In Aviary,True
AUTO7928,Bird7928,3,Owl,Blue,Quarantine,True
AUTO7929,Bird7929,13,Cockatiel,Green,Quarantine,False
AUTO7930,Bird7930,20,Finch,Black,Sold,True
AUTO7931,Bird7931,17,Cockatiel,Yellow,Sold,True
AUTO7932,Bird7932,8,Finch,Red,Sold,False
AUTO7933,Bird7933,8,Parrot,Green,In Aviary,False
AUTO7934,Bird7934,22,Eagle,Blue,Sold,False
AUTO7935,Bird7935,20,Parrot,Blue,Quarantine,True
AUTO7936,Bird7936,16,Parrot,Green,Quarantine,True
AUTO7937,Bird7937,10,Owl,Green,Sold,True
AUTO7938,Bird7938,16,Cockatiel,White,Quarantine,True
AUTO7939,Bird7939,5,Parrot,White,Quarantine,False
AUTO7940,Bird7940,24,Cockatiel,Blue,Sold,False
AUTO7941,Bird7941,2,Parrot,Red,Quarantine,False
AUTO7942,Bird7942,16,Cockatiel,Red,Sold,True
AUTO7943,Bird7943,21,Owl,Blue,In Aviary,True
AUTO7944,Bird7944,14,Parrot,Blue,Quarantine,True
AUTO7945,Bird7945,18,Eagle,Blue,Quarantine,False
AUTO7946,Bird7946,6,Parrot,White,In Aviary,True
AUTO7947,Bird7947,5,Cockatiel,Red,Quarantine,False
AUTO7948,Bird7948,11,Cockatiel,White,In Aviary,False
AUTO7949,Bird7949,7,Eagle,White,Sold,False
AUTO7950,Bird7950,3,Finch,White,In Aviary,True
AUTO7951,Bird7951,21,Owl,Green,Sold,True
AUTO7952,Bird7952,24,Finch,Green,Quarantine,True
AUTO7953,Bird7953,23,Owl,White,In Aviary,False
AUTO7954,Bird7954,16,Eagle,White,Sold,True
AUTO7955,Bird7955,17,Cockatiel,Red,In Aviary,False
AUTO7956,Bird7956,10,Cockatiel,White,In Aviary,False
AUTO7957,Bird7957,19,Owl,Blue,Sold,True
AUTO7958,Bird7958,7,Parrot,Green,Quarantine,True
AUTO7959,Bird7959,17,Parrot,White,Quarantine,False
AUTO7960,Bird7960,24,Parrot,Black,In Aviary,True
AUTO7961,Bird7961,20,Owl,Green,Quarantine,False
AUTO7962,Bird7962,22,Eagle,Yellow,Quarantine,True
AUTO7963,Bird7963,16,Parrot,Green,Quarantine,False
AUTO7964,Bird7964,21,Eagle,Yellow,Quarantine,False
AUTO7965,Bird7965,16,Parrot,Black,In Aviary,False
AUTO7966,Bird7966,24,Owl,Blue,Quarantine,True
AUTO7967,Bird7967,19,Owl,Red,In Aviary,False
AUTO7968,Bird7968,23,Owl,Yellow,Sold,False
AUTO7969,Bird7969,17,Cockatiel,Green,Quarantine,False
AUTO7970,Bird7970,22,Eagle,Yellow,Sold,True
AUTO7971,Bird7971,19,Cockatiel,Blue,Quarantine,False
AUTO7972,Bird7972,21,Finch,White,Sold,True
AUTO7973,Bird7973,17,Finch,Blue,In Aviary,True
AUTO7974,Bird7974,9,Owl,White,In Aviary,False
AUTO7975,Bird7975,15,Finch,White,In Aviary,True
AUTO7976,Bird7976,6,Eagle,Red,Quarantine,False
AUTO7977,Bird7977,16,Owl,White,Sold,True
AUTO7978,Bird7978,19,Eagle,Yellow,In Aviary,False
AUTO7979,Bird7979,6,Cockatiel,Green,Sold,False
AUTO7980,Bird7980,17,Eagle,Black,Sold,True
AUTO7981,Bird7981,16,Eagle,Black,Sold,False
AUTO7982,Bird7982,1,Cockatiel,Yellow,Quarantine,True
AUTO7983,Bird7983,3,Parrot,White,Quarantine,True
AUTO7984,Bird7984,10,Eagle,Blue,Quarantine,True
AUTO7985,Bird7985,23,Parrot,Red,In Aviary,True
AUTO7986,Bird7986,13,Owl,Black,Sold,False
AUTO7987,Bird7987,21,Eagle,Red,In Aviary,True
AUTO7988,Bird7988,3,Owl,Red,Sold,False
AUTO7989,Bird7989,21,Eagle,Blue,Sold,True
AUTO7990,Bird7990,17,Finch,Blue,Sold,False
AUTO7991,Bird7991,6,Eagle,Black,Quarantine,False
AUTO7992,Bird7992,24,Cockatiel,Blue,In Aviary,False
AUTO7993,Bird7993,5,Eagle,Black,Sold,False
AUTO7994,Bird7994,8,Owl,Yellow,Sold,False
AUTO7995,Bird7995,14,Finch,Red,Quarantine,True
AUTO7996,Bird7996,20,Cockatiel,Yellow,Quarantine,True
AUTO7997,Bird7997,20,Finch,Green,Sold,False
AUTO7998,Bird7998,1,Eagle,Green,In Aviary,True
AUTO7999,Bird7999,17,Cockatiel,Green,Quarantine,False
AUTO8000,Bird8000,23,Finch,Blue,In Aviary,False
AUTO8001,Bird8001,12,Parrot,Yellow,Quarantine,True
AUTO8002,Bird8002,2,Finch,Black,Quarantine,True
AUTO8003,Bird8003,23,Eagle,Black,In Aviary,True
AUTO8004,Bird8004,7,Finch,White,Sold,False
AUTO8005,Bird8005,7,Parrot,Black,In Aviary,True
AUTO8006,Bird8006,13,Eagle,Yellow,In Aviary,True
AUTO8007,Bird8007,21,Eagle,Yellow,Sold,False
AUTO8008,Bird8008,23,Eagle,Yellow,Sold,False
AUTO8009,Bird8009,11,Owl,Yellow,Quarantine,True
AUTO8010,Bird8010,16,Finch,Red,Sold,False
AUTO8011,Bird8011,2,Cockatiel,Yellow,In Aviary,False
AUTO8012,Bird8012,10,Owl,Yellow,Sold,False
AUTO8013,Bird8013,12,Owl,Yellow,In Aviary,False
AUTO8014,Bird8014,4,Eagle,White,Quarantine,False
AUTO8015,Bird8015,6,Eagle,White,Quarantine,False
AUTO8016,Bird8016,8,Finch,Yellow,In Aviary,True
AUTO8017,Bird8017,3,Owl,Blue,In Aviary,False
AUTO8018,Bird8018,14,Owl,Black,Quarantine,True
AUTO8019,Bird8019,23,Owl,Black,Sold,True
AUTO8020,Bird8020,3,Owl,White,In Aviary,False
AUTO8021,Bird8021,24,Owl,Red,In Aviary,False
AUTO8022,Bird8022,18,Parrot,Black,Sold,True
AUTO8023,Bird8023,4,Finch,Blue,In Aviary,True
AUTO8024,Bird8024,17,Parrot,Yellow,Quarantine,True
AUTO8025,Bird8025,10,Eagle,Red,Quarantine,True
AUTO8026,Bird8026,6,Parrot,White,Quarantine,True
AUTO8027,Bird8027,5,Owl,Red,In Aviary,False
AUTO8028,Bird8028,20,Owl,White,In Aviary,False
AUTO8029,Bird8029,6,Owl,White,Quarantine,True
AUTO8030,Bird8030,7,Owl,White,In Aviary,True
AUTO8031,Bird8031,16,Owl,Yellow,Sold,False
AUTO8032,Bird8032,2,Owl,Yellow,In Aviary,False
AUTO8033,Bird8033,10,Cockatiel,Green,Sold,False
AUTO8034,Bird8034,2,Parrot,Blue,In Aviary,True
AUTO8035,Bird8035,20,Eagle,Red,Quarantine,True
AUTO8036,Bird8036,1,Cockatiel,Yellow,Sold,True
AUTO8037,Bird8037,10,Owl,Black,Quarantine,False
AUTO8038,Bird8038,4,Parrot,Green,Quarantine,False
AUTO8039,Bird8039,13,Eagle,White,In Aviary,False
AUTO8040,Bird8040,1,Cockatiel,Green,In Aviary,True
AUTO8041,Bird8041,16,Finch,Blue,Sold,False
AUTO8042,Bird8042,11,Parrot,Blue,Sold,True
AUTO8043,Bird8043,17,Owl,Black,Quarantine,False
AUTO8044,Bird8044,20,Cockatiel,Red,Sold,True
AUTO8045,Bird8045,15,Cockatiel,Blue,In Aviary,True
AUTO8046,Bird8046,5,Cockatiel,Blue,Sold,False
AUTO8047,Bird8047,2,Owl,White,Sold,True
AUTO8048,Bird8048,12,Parrot,Blue,In Aviary,True
AUTO8049,Bird8049,18,Parrot,Blue,Sold,False
AUTO8050,Bird8050,13,Owl,Black,Sold,False
AUTO8051,Bird8051,16,Eagle,Black,Quarantine,True
AUTO8052,Bird8052,21,Finch,Red,Quarantine,True
AUTO8053,Bird8053,15,Cockatiel,Yellow,In Aviary,False
AUTO8054,Bird8054,11,Finch,Red,Quarantine,False
AUTO8055,Bird8055,23,Cockatiel,Black,In Aviary,False
AUTO8056,Bird8056,10,Finch,Blue,In Aviary,True
AUTO8057,Bird8057,13,Eagle,Red,Sold,False
AUTO8058,Bird8058,8,Parrot,Yellow,Sold,False
AUTO8059,Bird8059,14,Finch,Yellow,Quarantine,True
AUTO8060,Bird8060,15,Cockatiel,Green,Quarantine,False
AUTO8061,Bird8061,5,Cockatiel,Black,In Aviary,True
AUTO8062,Bird8062,17,Finch,White,Sold,False
AUTO8063,Bird8063,24,Cockatiel,Black,Sold,True
AUTO8064,Bird8064,11,Eagle,White,In Aviary,False
AUTO8065,Bird8065,7,Owl,Black,Sold,True
AUTO8066,Bird8066,20,Finch,Yellow,In Aviary,False
AUTO8067,Bird8067,4,Parrot,White,In Aviary,True
AUTO8068,Bird8068,19,Parrot,Yellow,In Aviary,True
AUTO8069,Bird8069,6,Owl,Green,Quarantine,True
AUTO8070,Bird8070,6,Parrot,Blue,Quarantine,True
AUTO8071,Bird8071,12,Parrot,Yellow,In Aviary,False
AUTO8072,Bird8072,20,Eagle,Yellow,In Aviary,False
AUTO8073,Bird8073,19,Finch,Red,In Aviary,False
AUTO8074,Bird8074,5,Eagle,Black,Quarantine,False
AUTO8075,Bird8075,19,Owl,Blue,Quarantine,True
AUTO8076,Bird8076,8,Eagle,Black,Quarantine,True
AUTO8077,Bird8077,4,Eagle,Blue,Quarantine,False
AUTO8078,Bird8078,4,Owl,Yellow,Sold,True
AUTO8079,Bird8079,12,Cockatiel,Black,Quarantine,True
AUTO8080,Bird8080,5,Owl,Black,In Aviary,True
AUTO8081,Bird8081,11,Finch,Red,Sold,False
AUTO8082,Bird8082,13,Cockatiel,White,Quarantine,True
AUTO8083,Bird8083,13,Finch,Red,In Aviary,False
AUTO8084,Bird8084,2,Parrot,Black,Quarantine,True
AUTO8085,Bird8085,13,Owl,Yellow,Quarantine,False
AUTO8086,Bird8086,3,Finch,Green,In Aviary,False
AUTO8087,Bird8087,16,Parrot,White,Sold,True
AUTO8088,Bird8088,15,Owl,Green,In Aviary,True
AUTO8089,Bird8089,9,Owl,Red,Sold,False
AUTO8090,Bird8090,10,Eagle,Yellow,In Aviary,True
AUTO8091,Bird8091,5,Owl,Yellow,Sold,True
AUTO8092,Bird8092,24,Parrot,Yellow,In Aviary,True
AUTO8093,Bird8093,19,Finch,Yellow,Sold,True
AUTO8094,Bird8094,11,Parrot,Blue,Quarantine,True
AUTO8095,Bird8095,1,Owl,Blue,Sold,False
AUTO8096,Bird8096,8,Eagle,Blue,Quarantine,True
AUTO8097,Bird8097,5,Parrot,Black,In Aviary,True
AUTO8098,Bird8098,15,Eagle,Red,In Aviary,False
AUTO8099,Bird8099,19,Owl,Green,In Aviary,False
AUTO8100,Bird8100,14,Eagle,Blue,Sold,True
AUTO8101,Bird8101,1,Eagle,Green,In Aviary,False
AUTO8102,Bird8102,3,Owl,Black,Sold,True
AUTO8103,Bird8103,2,Eagle,Blue,Sold,True
AUTO8104,Bird8104,8,Eagle,Black,Sold,False
AUTO8105,Bird8105,7,Parrot,White,In Aviary,True
AUTO8106,Bird8106,14,Eagle,Black,Sold,True
AUTO8107,Bird8107,23,Finch,White,Quarantine,False
AUTO8108,Bird8108,13,Finch,Yellow,In Aviary,False
AUTO8109,Bird8109,17,Parrot,Red,In Aviary,True
AUTO8110,Bird8110,9,Owl,Green,Quarantine,False
AUTO8111,Bird8111,19,Finch,Black,Quarantine,True
AUTO8112,Bird8112,9,Eagle,Black,Sold,True
AUTO8113,Bird8113,15,Owl,White,Sold,False
AUTO8114,Bird8114,9,Parrot,Yellow,Sold,False
AUTO8115,Bird8115,3,Finch,White,Sold,False
AUTO8116,Bird8116,5,Cockatiel,Green,Sold,True
AUTO8117,Bird8117,13,Finch,Blue,Sold,True
AUTO8118,Bird8118,10,Cockatiel,Red,In Aviary,False
AUTO8119,Bird8119,10,Owl,Yellow,In Aviary,True
AUTO8120,Bird8120,19,Cockatiel,Blue,In Aviary,False
AUTO8121,Bird8121,5,Owl,Blue,Sold,False
AUTO8122,Bird8122,8,Parrot,Green,In Aviary,False
AUTO8123,Bird8123,6,Cockatiel,Yellow,Quarantine,True
AUTO8124,Bird8124,19,Owl,White,Quarantine,True
AUTO8125,Bird8125,23,Eagle,Yellow,Quarantine,False
AUTO8126,Bird8126,9,Cockatiel,Red,Sold,False
AUTO8127,Bird8127,6,Cockatiel,Yellow,In Aviary,True
AUTO8128,Bird8128,5,Parrot,Black,In Aviary,False
AUTO8129,Bird8129,7,Parrot,Green,In Aviary,False
AUTO8130,Bird8130,2,Parrot,Blue,Sold,False
AUTO8131,Bird8131,5,Cockatiel,Green,Sold,False
AUTO8132,Bird8132,6,Eagle,Red,Sold,True
AUTO8133,Bird8133,6,Eagle,White,In Aviary,True
AUTO8134,Bird8134,3,Owl,Green,In Aviary,False
AUTO8135,Bird8135,2,Parrot,Black,Quarantine,True
AUTO8136,Bird8136,12,Eagle,Yellow,Quarantine,False
AUTO8137,Bird8137,7,Cockatiel,Black,In Aviary,False
AUTO8138,Bird8138,12,Parrot,White,In Aviary,True
AUTO8139,Bird8139,12,Cockatiel,Blue,Quarantine,True
AUTO8140,Bird8140,17,Eagle,White,Quarantine,False
AUTO8141,Bird8141,7,Finch,Red,Sold,False
AUTO8142,Bird8142,5,Eagle,White,In Aviary,False
AUTO8143,Bird8143,1,Eagle,Blue,Sold,False
AUTO8144,Bird8144,21,Cockatiel,Green,Sold,False
AUTO8145,Bird8145,1,Owl,Black,In Aviary,False
AUTO8146,Bird8146,5,Cockatiel,Yellow,Quarantine,False
AUTO8147,Bird8147,17,Parrot,Yellow,Quarantine,False
AUTO8148,Bird8148,3,Eagle,Green,Sold,False
AUTO8149,Bird8149,14,Cockatiel,Red,In Aviary,False
AUTO8150,Bird8150,6,Eagle,Blue,In Aviary,True
AUTO8151,Bird8151,11,Cockatiel,Red,In Aviary,False
AUTO8152,Bird8152,24,Cockatiel,Black,Sold,True
AUTO8153,Bird8153,9,Eagle,Yellow,Sold,True
AUTO8154,Bird8154,21,Finch,Green,Sold,True
AUTO8155,Bird8155,3,Cockatiel,Black,In Aviary,True
AUTO8156,Bird8156,13,Finch,Green,In Aviary,True
AUTO8157,Bird8157,14,Finch,Black,In Aviary,True
AUTO8158,Bird8158,19,Parrot,White,Sold,True
AUTO8159,Bird8159,24,Owl,Black,In Aviary,True
AUTO8160,Bird8160,13,Owl,Black,Sold,True
AUTO8161,Bird8161,14,Cockatiel,Yellow,In Aviary,True
AUTO8162,Bird8162,1,Cockatiel,Green,Quarantine,True
AUTO8163,Bird8163,10,Finch,Black,Sold,False
AUTO8164,Bird8164,9,Owl,White,In Aviary,False
AUTO8165,Bird8165,1,Owl,Blue,Sold,True
AUTO8166,Bird8166,6,Owl,Blue,In Aviary,True
AUTO8167,Bird8167,13,Parrot,Black,Quarantine,True
AUTO8168,Bird8168,6,Owl,Red,In Aviary,False
AUTO8169,Bird8169,1,Eagle,White,In Aviary,True
AUTO8170,Bird8170,16,Finch,White,Sold,False
AUTO8171,Bird8171,12,Parrot,Yellow,Quarantine,False
AUTO8172,Bird8172,8,Owl,Blue,In Aviary,False
AUTO8173,Bird8173,17,Cockatiel,Yellow,In Aviary,True
AUTO8174,Bird8174,17,Parrot,Red,Sold,True
AUTO8175,Bird8175,5,Finch,Red,In Aviary,True
AUTO8176,Bird8176,2,Cockatiel,Black,Sold,True
AUTO8177,Bird8177,19,Eagle,Red,Quarantine,True
AUTO8178,Bird8178,12,Eagle,Red,In Aviary,True
AUTO8179,Bird8179,1,Cockatiel,Green,Sold,True
AUTO8180,Bird8180,23,Owl,Black,In Aviary,False
AUTO8181,Bird8181,14,Cockatiel,Yellow,Sold,True
AUTO8182,Bird8182,2,Cockatiel,Blue,Sold,False
AUTO8183,Bird8183,16,Owl,Yellow,Sold,False
AUTO8184,Bird8184,23,Eagle,Black,Sold,True
AUTO8185,Bird8185,3,Finch,Red,Quarantine,True
AUTO8186,Bird8186,9,Eagle,Black,In Aviary,False
AUTO8187,Bird8187,14,Cockatiel,White,Sold,False
AUTO8188,Bird8188,23,Owl,Red,Sold,True
AUTO8189,Bird8189,9,Finch,Blue,Quarantine,True
AUTO8190,Bird8190,4,Owl,Yellow,Quarantine,False
AUTO8191,Bird8191,14,Finch,Black,In Aviary,True
AUTO8192,Bird8192,23,Owl,Blue,Quarantine,True
AUTO8193,Bird8193,9,Parrot,Red,In Aviary,False
AUTO8194,Bird8194,4,Owl,Green,Quarantine,True
AUTO8195,Bird8195,16,Finch,Blue,Sold,False
AUTO8196,Bird8196,6,Parrot,Blue,Quarantine,True
AUTO8197,Bird8197,24,Cockatiel,Blue,Sold,False
AUTO8198,Bird8198,4,Eagle,Green,Quarantine,False
AUTO8199,Bird8199,6,Cockatiel,White,In Aviary,False
AUTO8200,Bird8200,15,Owl,Red,In Aviary,True
AUTO8201,Bird8201,5,Parrot,Blue,Sold,False
AUTO8202,Bird8202,16,Eagle,White,Sold,False
AUTO8203,Bird8203,18,Owl,Yellow,Quarantine,True
AUTO8204,Bird8204,16,Cockatiel,Blue,In Aviary,False
AUTO8205,Bird8205,10,Parrot,Red,Sold,False
AUTO8206,Bird8206,16,Finch,Green,In Aviary,True
AUTO8207,Bird8207,7,Cockatiel,Black,Quarantine,False
AUTO8208,Bird8208,11,Parrot,Black,Sold,False
AUTO8209,Bird8209,12,Owl,Green,Quarantine,True
AUTO8210,Bird8210,24,Finch,Blue,Quarantine,False
AUTO8211,Bird8211,10,Eagle,Yellow,Sold,True
AUTO8212,Bird8212,4,Finch,Yellow,Sold,True
AUTO8213,Bird8213,7,Owl,Red,Sold,True
AUTO8214,Bird8214,9,Owl,Blue,Quarantine,False
AUTO8215,Bird8215,2,Eagle,Blue,Sold,True
AUTO8216,Bird8216,4,Eagle,White,Quarantine,False
AUTO8217,Bird8217,17,Owl,Yellow,In Aviary,True
AUTO8218,Bird8218,13,Parrot,Black,Quarantine,False
AUTO8219,Bird8219,24,Eagle,Red,Quarantine,False
AUTO8220,Bird8220,20,Finch,White,Sold,True
AUTO8221,Bird8221,20,Cockatiel,Yellow,Quarantine,False
AUTO8222,Bird8222,16,Eagle,White,Quarantine,False
AUTO8223,Bird8223,21,Owl,Red,In Aviary,True
AUTO8224,Bird8224,3,Owl,Yellow,Sold,False
AUTO8225,Bird8225,6,Cockatiel,White,Sold,False
AUTO8226,Bird8226,15,Eagle,Black,In Aviary,False
AUTO8227,Bird8227,5,Parrot,White,In Aviary,True
AUTO8228,Bird8228,12,Finch,Yellow,In Aviary,False
AUTO8229,Bird8229,11,Finch,Yellow,Quarantine,True
AUTO8230,Bird8230,12,Eagle,White,Quarantine,False
AUTO8231,Bird8231,4,Parrot,Green,In Aviary,False
AUTO8232,Bird8232,13,Parrot,Yellow,In Aviary,True
AUTO8233,Bird8233,14,Finch,Black,Sold,True
AUTO8234,Bird8234,7,Owl,Yellow,Quarantine,False
AUTO8235,Bird8235,18,Parrot,Red,Sold,True
AUTO8236,Bird8236,3,Owl,Red,Quarantine,True
AUTO8237,Bird8237,7,Owl,Red,Quarantine,False
AUTO8238,Bird8238,20,Cockatiel,Black,In Aviary,False
AUTO8239,Bird8239,10,Finch,White,Sold,True
AUTO8240,Bird8240,20,Owl,Green,Quarantine,False
AUTO8241,Bird8241,22,Cockatiel,Green,Sold,True
AUTO8242,Bird8242,18,Owl,Yellow,Quarantine,False
AUTO8243,Bird8243,20,Owl,Blue,Quarantine,True
AUTO8244,Bird8244,15,Eagle,White,Sold,True
AUTO8245,Bird8245,13,Eagle,Green,Quarantine,True
AUTO8246,Bird8246,18,Cockatiel,Blue,In Aviary,True
AUTO8247,Bird8247,5,Parrot,Blue,In Aviary,True
AUTO8248,Bird8248,12,Cockatiel,Red,Quarantine,True
AUTO8249,Bird8249,23,Finch,Blue,Quarantine,False
AUTO8250,Bird8250,14,Parrot,Yellow,In Aviary,True
AUTO8251,Bird8251,14,Eagle,Black,In Aviary,False
AUTO8252,Bird8252,13,Eagle,Green,In Aviary,True
AUTO8253,Bird8253,15,Eagle,Yellow,Sold,False
AUTO8254,Bird8254,20,Eagle,Blue,In Aviary,False
AUTO8255,Bird8255,24,Parrot,Green,In Aviary,True
AUTO8256,Bird8256,6,Finch,Green,In Aviary,True
AUTO8257,Bird8257,20,Cockatiel,Red,Sold,True
AUTO8258,Bird8258,22,Eagle,Black,In Aviary,False
AUTO8259,Bird8259,21,Eagle,Blue,Quarantine,False
AUTO8260,Bird8260,15,Owl,Black,Sold,False
AUTO8261,Bird8261,5,Owl,White,In Aviary,True
AUTO8262,Bird8262,3,Eagle,Red,Quarantine,True
AUTO8263,Bird8263,2,Cockatiel,Green,In Aviary,True
AUTO8264,Bird8264,21,Finch,White,Quarantine,False
AUTO8265,Bird8265,3,Owl,Green,In Aviary,False
AUTO8266,Bird8266,18,Finch,Black,Quarantine,True
AUTO8267,Bird8267,4,Parrot,Black,Quarantine,True
AUTO8268,Bird8268,7,Finch,White,Quarantine,True
AUTO8269,Bird8269,23,Parrot,Green,Quarantine,False
AUTO8270,Bird8270,19,Cockatiel,Red,In Aviary,True
AUTO8271,Bird8271,20,Finch,Green,Sold,False
AUTO8272,Bird8272,18,Owl,Black,Quarantine,False
AUTO8273,Bird8273,9,Parrot,Red,In Aviary,True
AUTO8274,Bird8274,16,Parrot,Red,In Aviary,False
AUTO8275,Bird8275,15,Eagle,Blue,Sold,True
AUTO8276,Bird8276,13,Owl,Green,Sold,True
AUTO8277,Bird8277,18,Finch,Black,In Aviary,False
AUTO8278,Bird8278,12,Eagle,Yellow,Sold,False
AUTO8279,Bird8279,22,Cockatiel,Blue,Sold,False
AUTO8280,Bird8280,19,Owl,Black,Quarantine,False
AUTO8281,Bird8281,20,Eagle,Green,Quarantine,False
AUTO8282,Bird8282,22,Owl,White,In Aviary,True
AUTO8283,Bird8283,22,Parrot,Black,Quarantine,True
AUTO8284,Bird8284,11,Finch,Black,Quarantine,False
AUTO8285,Bird8285,1,Cockatiel,Green,Sold,True
AUTO8286,Bird8286,7,Finch,White,In Aviary,True
AUTO8287,Bird8287,14,Parrot,Green,Quarantine,False
AUTO8288,Bird8288,17,Eagle,Blue,Sold,False
AUTO8289,Bird8289,8,Eagle,White,In Aviary,False
AUTO8290,Bird8290,21,Cockatiel,Green,Sold,False
AUTO8291,Bird8291,19,Cockatiel,Yellow,Sold,True
AUTO8292,Bird8292,23,Cockatiel,Blue,In Aviary,True
AUTO8293,Bird8293,5,Eagle,Green,Quarantine,True
AUTO8294,Bird8294,15,Owl,Red,Quarantine,True
AUTO8295,Bird8295,24,Owl,Yellow,Quarantine,False
AUTO8296,Bird8296,19,Cockatiel,Red,In Aviary,False
AUTO8297,Bird8297,23,Owl,Green,Quarantine,True
AUTO8298,Bird8298,16,Parrot,Blue,In Aviary,False
AUTO8299,Bird8299,1,Finch,Yellow,Quarantine,True
AUTO8300,Bird8300,24,Owl,Green,In Aviary,False
AUTO8301,Bird8301,14,Eagle,White,Sold,False
AUTO8302,Bird8302,9,Owl,White,Sold,True
AUTO8303,Bird8303,21,Finch,Green,In Aviary,True
AUTO8304,Bird8304,2,Eagle,Black,Sold,True
AUTO8305,Bird8305,19,Owl,Blue,In Aviary,True
AUTO8306,Bird8306,12,Owl,White,Quarantine,True
AUTO8307,Bird8307,23,Cockatiel,Red,Quarantine,False
AUTO8308,Bird8308,16,Cockatiel,Yellow,In Aviary,False
AUTO8309,Bird8309,10,Parrot,Blue,In Aviary,False
AUTO8310,Bird8310,1,Finch,Green,In Aviary,False
AUTO8311,Bird8311,3,Owl,Green,In Aviary,True
AUTO8312,Bird8312,19,Parrot,Black,In Aviary,True
AUTO8313,Bird8313,20,Eagle,Yellow,Quarantine,False
AUTO8314,Bird8314,10,Parrot,Blue,Quarantine,False
AUTO8315,Bird8315,5,Eagle,Black,Quarantine,False
AUTO8316,Bird8316,22,Cockatiel,Red,In Aviary,False
AUTO8317,Bird8317,9,Parrot,White,Sold,True
AUTO8318,Bird8318,23,Finch,Blue,In Aviary,True
AUTO8319,Bird8319,15,Finch,Black,Sold,True
AUTO8320,Bird8320,14,Eagle,Yellow,Sold,False
AUTO8321,Bird8321,18,Owl,Red,Sold,True
AUTO8322,Bird8322,7,Finch,Green,Quarantine,True
AUTO8323,Bird8323,16,Owl,Yellow,In Aviary,True
AUTO8324,Bird8324,15,Parrot,Black,In Aviary,False
AUTO8325,Bird8325,17,Finch,Yellow,Sold,True
AUTO8326,Bird8326,24,Owl,Green,In Aviary,True
AUTO8327,Bird8327,5,Eagle,Black,In Aviary,False
AUTO8328,Bird8328,1,Eagle,Yellow,Quarantine,True
AUTO8329,Bird8329,16,Parrot,White,In Aviary,False
AUTO8330,Bird8330,24,Cockatiel,Red,Sold,True
AUTO8331,Bird8331,4,Eagle,Black,In Aviary,False
AUTO8332,Bird8332,11,Eagle,Green,In Aviary,False
AUTO8333,Bird8333,15,Eagle,Green,Quarantine,True
AUTO8334,Bird8334,11,Cockatiel,Black,In Aviary,False
AUTO8335,Bird8335,15,Eagle,Blue,Quarantine,False
AUTO8336,Bird8336,20,Parrot,Black,In Aviary,True
AUTO8337,Bird8337,22,Parrot,Yellow,Quarantine,True
AUTO8338,Bird8338,5,Parrot,Yellow,In Aviary,True
AUTO8339,Bird8339,24,Eagle,Green,Quarantine,False
AUTO8340,Bird8340,13,Eagle,Red,Sold,True
AUTO8341,Bird8341,9,Owl,Green,Quarantine,True
AUTO8342,Bird8342,7,Parrot,Blue,Quarantine,True
AUTO8343,Bird8343,15,Cockatiel,Green,Quarantine,False
AUTO8344,Bird8344,5,Cockatiel,Black,In Aviary,True
AUTO8345,Bird8345,4,Eagle,Blue,In Aviary,True
AUTO8346,Bird8346,4,Cockatiel,Black,Quarantine,False
AUTO8347,Bird8347,11,Parrot,Red,Sold,False
AUTO8348,Bird8348,6,Owl,Green,Sold,False
AUTO8349,Bird8349,23,Eagle,Blue,Quarantine,False
AUTO8350,Bird8350,1,Eagle,Black,In Aviary,False
AUTO8351,Bird8351,11,Eagle,Yellow,In Aviary,True
AUTO8352,Bird8352,2,Finch,Red,Quarantine,True
AUTO8353,Bird8353,3,Eagle,Red,Sold,True
AUTO8354,Bird8354,2,Finch,White,Quarantine,False
AUTO8355,Bird8355,6,Parrot,Blue,In Aviary,True
AUTO8356,Bird8356,21,Owl,Blue,Sold,True
AUTO8357,Bird8357,17,Cockatiel,Black,In Aviary,False
AUTO8358,Bird8358,12,Finch,Yellow,Sold,True
AUTO8359,Bird8359,10,Finch,White,Quarantine,True
AUTO8360,Bird8360,12,Finch,White,In Aviary,True
AUTO8361,Bird8361,6,Owl,White,Sold,False
AUTO8362,Bird8362,5,Owl,Red,Sold,True
AUTO8363,Bird8363,7,Owl,Blue,Sold,False
AUTO8364,Bird8364,24,Parrot,Yellow,In Aviary,True
AUTO8365,Bird8365,23,Owl,Yellow,Quarantine,True
AUTO8366,Bird8366,13,Cockatiel,Black,In Aviary,False
AUTO8367,Bird8367,8,Eagle,Black,In Aviary,True
AUTO8368,Bird8368,4,Owl,Blue,Sold,False
AUTO8369,Bird8369,11,Eagle,Red,In Aviary,True
AUTO8370,Bird8370,18,Eagle,Blue,In Aviary,True
AUTO8371,Bird8371,18,Finch,Blue,Sold,False
AUTO8372,Bird8372,2,Owl,White,Quarantine,True
AUTO8373,Bird8373,2,Finch,White,Sold,False
AUTO8374,Bird8374,16,Finch,Blue,In Aviary,True
AUTO8375,Bird8375,11,Owl,Red,Sold,True
AUTO8376,Bird8376,17,Owl,Black,Quarantine,False
AUTO8377,Bird8377,6,Parrot,Black,Quarantine,True
AUTO8378,Bird8378,17,Parrot,Red,Quarantine,True
AUTO8379,Bird8379,11,Eagle,Red,Sold,True
AUTO8380,Bird8380,5,Finch,Green,Quarantine,True
AUTO8381,Bird8381,24,Finch,Blue,Quarantine,True
AUTO8382,Bird8382,8,Parrot,Red,In Aviary,True
AUTO8383,Bird8383,19,Cockatiel,Blue,Sold,False
AUTO8384,Bird8384,11,Cockatiel,White,Quarantine,True
AUTO8385,Bird8385,12,Finch,Yellow,In Aviary,True
AUTO8386,Bird8386,4,Eagle,Red,In Aviary,False
AUTO8387,Bird8387,16,Cockatiel,Green,Quarantine,True
AUTO8388,Bird8388,2,Finch,Blue,In Aviary,False
AUTO8389,Bird8389,20,Owl,Black,In Aviary,True
AUTO8390,Bird8390,5,Finch,Black,Quarantine,True
AUTO8391,Bird8391,5,Cockatiel,Red,In Aviary,True
AUTO8392,Bird8392,2,Owl,Red,Sold,True
AUTO8393,Bird8393,12,Finch,Blue,Quarantine,True
AUTO8394,Bird8394,22,Owl,Red,In Aviary,False
AUTO8395,Bird8395,10,Eagle,Red,Sold,True
AUTO8396,Bird8396,12,Owl,Yellow,Quarantine,False
AUTO8397,Bird8397,13,Cockatiel,Green,In Aviary,False
AUTO8398,Bird8398,3,Owl,Red,Quarantine,True
AUTO8399,Bird8399,15,Cockatiel,Green,Quarantine,True
AUTO8400,Bird8400,20,Owl,Green,Quarantine,True
AUTO8401,Bird8401,15,Eagle,Red,Quarantine,False
AUTO8402,Bird8402,5,Owl,Blue,Quarantine,True
AUTO8403,Bird8403,13,Parrot,Green,In Aviary,False
AUTO8404,Bird8404,3,Finch,White,Quarantine,False
AUTO8405,Bird8405,20,Finch,Red,Quarantine,True
AUTO8406,Bird8406,13,Eagle,Blue,Sold,False
AUTO8407,Bird8407,8,Owl,Black,In Aviary,True
AUTO8408,Bird8408,2,Cockatiel,Yellow,Quarantine,True
AUTO8409,Bird8409,5,Parrot,Yellow,Quarantine,False
AUTO8410,Bird8410,1,Owl,Green,In Aviary,True
AUTO8411,Bird8411,10,Owl,Red,Quarantine,False
AUTO8412,Bird8412,9,Eagle,White,Sold,False
AUTO8413,Bird8413,12,Finch,Black,Sold,False
AUTO8414,Bird8414,8,Cockatiel,White,Sold,True
AUTO8415,Bird8415,6,Owl,White,Quarantine,False
AUTO8416,Bird8416,17,Owl,White,In Aviary,False
AUTO8417,Bird8417,13,Cockatiel,Green,Quarantine,False
AUTO8418,Bird8418,21,Owl,Green,Sold,True
AUTO8419,Bird8419,22,Cockatiel,White,In Aviary,False
AUTO8420,Bird8420,12,Cockatiel,Blue,Quarantine,False
AUTO8421,Bird8421,16,Cockatiel,Black,In Aviary,False
AUTO8422,Bird8422,13,Eagle,Red,In Aviary,True
AUTO8423,Bird8423,11,Eagle,Red,Sold,False
AUTO8424,Bird8424,18,Owl,Blue,Sold,True
AUTO8425,Bird8425,4,Owl,Black,In Aviary,False
AUTO8426,Bird8426,17,Cockatiel,Blue,Sold,True
AUTO8427,Bird8427,7,Parrot,Green,Quarantine,False
AUTO8428,Bird8428,17,Cockatiel,Blue,In Aviary,False
AUTO8429,Bird8429,19,Parrot,Black,In Aviary,False
AUTO8430,Bird8430,1,Cockatiel,Black,Sold,True
AUTO8431,Bird8431,24,Parrot,Green,Sold,False
AUTO8432,Bird8432,12,Cockatiel,Black,Sold,True
AUTO8433,Bird8433,18,Cockatiel,White,In Aviary,False
AUTO8434,Bird8434,19,Finch,Yellow,Quarantine,False
AUTO8435,Bird8435,14,Owl,Yellow,Sold,True
AUTO8436,Bird8436,18,Owl,Black,In Aviary,True
AUTO8437,Bird8437,15,Cockatiel,Red,In Aviary,False
AUTO8438,Bird8438,24,Eagle,Blue,In Aviary,False
AUTO8439,Bird8439,13,Parrot,Black,In Aviary,False
AUTO8440,Bird8440,4,Eagle,Black,Quarantine,True
AUTO8441,Bird8441,15,Cockatiel,Red,In Aviary,True
AUTO8442,Bird8442,24,Parrot,Red,In Aviary,False
AUTO8443,Bird8443,21,Owl,Yellow,In Aviary,False
AUTO8444,Bird8444,7,Parrot,White,In Aviary,False
AUTO8445,Bird8445,19,Parrot,Red,Quarantine,False
AUTO8446,Bird8446,24,Eagle,Green,In Aviary,False
AUTO8447,Bird8447,7,Eagle,Yellow,In Aviary,True
AUTO8448,Bird8448,1,Finch,White,Quarantine,False
AUTO8449,Bird8449,5,Owl,White,In Aviary,False
AUTO8450,Bird8450,11,Cockatiel,Black,Sold,False
AUTO8451,Bird8451,10,Finch,Green,In Aviary,False
AUTO8452,Bird8452,18,Cockatiel,Yellow,Quarantine,True
AUTO8453,Bird8453,11,Eagle,Black,Sold,True
AUTO8454,Bird8454,3,Owl,Red,Sold,True
AUTO8455,Bird8455,21,Owl,White,Sold,False
AUTO8456,Bird8456,23,Parrot,Blue,In Aviary,True
AUTO8457,Bird8457,16,Cockatiel,Red,In Aviary,True
AUTO8458,Bird8458,1,Owl,Black,In Aviary,False
AUTO8459,Bird8459,14,Parrot,Red,Quarantine,False
AUTO8460,Bird8460,17,Parrot,Green,Sold,True
AUTO8461,Bird8461,1,Parrot,White,In Aviary,False
AUTO8462,Bird8462,24,Cockatiel,Yellow,Sold,True
AUTO8463,Bird8463,21,Finch,Black,Sold,False
AUTO8464,Bird8464,7,Parrot,White,Quarantine,False
AUTO8465,Bird8465,14,Owl,Black,Quarantine,False
AUTO8466,Bird8466,21,Finch,Green,In Aviary,False
AUTO8467,Bird8467,23,Owl,Yellow,Quarantine,True
AUTO8468,Bird8468,24,Finch,White,Sold,False
AUTO8469,Bird8469,20,Parrot,White,Sold,False
AUTO8470,Bird8470,19,Finch,White,In Aviary,True
AUTO8471,Bird8471,13,Cockatiel,Black,In Aviary,False
AUTO8472,Bird8472,19,Finch,Blue,Sold,True
AUTO8473,Bird8473,9,Parrot,Yellow,In Aviary,False
AUTO8474,Bird8474,1,Parrot,Black,In Aviary,False
AUTO8475,Bird8475,4,Finch,Green,Sold,True
AUTO8476,Bird8476,14,Parrot,Green,In Aviary,False
AUTO8477,Bird8477,8,Cockatiel,Yellow,In Aviary,False
AUTO8478,Bird8478,8,Owl,Blue,In Aviary,True
AUTO8479,Bird8479,19,Cockatiel,White,Sold,False
AUTO8480,Bird8480,22,Cockatiel,Blue,Quarantine,False
AUTO8481,Bird8481,4,Finch,White,Quarantine,True
AUTO8482,Bird8482,4,Eagle,Blue,Sold,True
AUTO8483,Bird8483,7,Cockatiel,White,In Aviary,False
AUTO8484,Bird8484,2,Owl,Black,Sold,True
AUTO8485,Bird8485,21,Cockatiel,Yellow,Quarantine,False
AUTO8486,Bird8486,17,Finch,White,Quarantine,True
AUTO8487,Bird8487,5,Eagle,Black,Quarantine,False
AUTO8488,Bird8488,12,Parrot,Blue,Sold,False
AUTO8489,Bird8489,23,Finch,Red,In Aviary,False
AUTO8490,Bird8490,9,Cockatiel,Yellow,Quarantine,True
AUTO8491,Bird8491,1,Owl,Black,Sold,False
AUTO8492,Bird8492,17,Parrot,Black,In Aviary,True
AUTO8493,Bird8493,13,Cockatiel,Green,Quarantine,True
AUTO8494,Bird8494,24,Parrot,Black,Sold,True
AUTO8495,Bird8495,16,Parrot,Black,In Aviary,False
AUTO8496,Bird8496,15,Parrot,White,Quarantine,True
AUTO8497,Bird8497,24,Parrot,Black,Sold,True
AUTO8498,Bird8498,18,Owl,Green,Quarantine,True
AUTO8499,Bird8499,3,Cockatiel,White,Quarantine,True
AUTO8500,Bird8500,1,Owl,Red,Quarantine,False
AUTO8501,Bird8501,10,Owl,White,Quarantine,True
AUTO8502,Bird8502,16,Eagle,Blue,Quarantine,False
AUTO8503,Bird8503,2,Eagle,Blue,Quarantine,False
AUTO8504,Bird8504,11,Finch,White,Sold,False
AUTO8505,Bird8505,5,Parrot,White,Quarantine,False
AUTO8506,Bird8506,4,Owl,Black,Quarantine,True
AUTO8507,Bird8507,18,Eagle,Green,Sold,True
AUTO8508,Bird8508,13,Eagle,Red,In Aviary,False
AUTO8509,Bird8509,19,Cockatiel,Blue,In Aviary,True
AUTO8510,Bird8510,16,Cockatiel,Green,Quarantine,True
AUTO8511,Bird8511,22,Parrot,Yellow,Quarantine,False
AUTO8512,Bird8512,5,Owl,Red,Sold,True
AUTO8513,Bird8513,12,Parrot,Blue,In Aviary,True
AUTO8514,Bird8514,6,Finch,White,In Aviary,False
AUTO8515,Bird8515,14,Parrot,Blue,Quarantine,True
AUTO8516,Bird8516,8,Finch,Green,In Aviary,False
AUTO8517,Bird8517,10,Eagle,Red,In Aviary,True
AUTO8518,Bird8518,16,Eagle,Green,In Aviary,False
AUTO8519,Bird8519,17,Cockatiel,Green,In Aviary,True
AUTO8520,Bird8520,9,Parrot,White,Sold,False
AUTO8521,Bird8521,20,Eagle,Yellow,In Aviary,True
AUTO8522,Bird8522,16,Eagle,White,Sold,False
AUTO8523,Bird8523,6,Eagle,Black,Quarantine,False
AUTO8524,Bird8524,11,Finch,Black,In Aviary,True
AUTO8525,Bird8525,13,Owl,Green,In Aviary,False
AUTO8526,Bird8526,7,Owl,White,Sold,False
AUTO8527,Bird8527,8,Parrot,Black,In Aviary,False
AUTO8528,Bird8528,13,Parrot,Green,Quarantine,True
AUTO8529,Bird8529,5,Finch,Black,Sold,True
AUTO8530,Bird8530,1,Eagle,Blue,In Aviary,False
AUTO8531,Bird8531,20,Parrot,White,Quarantine,False
AUTO8532,Bird8532,5,Eagle,Blue,Quarantine,False
AUTO8533,Bird8533,2,Owl,Red,In Aviary,True
AUTO8534,Bird8534,23,Parrot,Blue,Quarantine,False
AUTO8535,Bird8535,22,Eagle,Red,In Aviary,True
AUTO8536,Bird8536,16,Finch,Green,Quarantine,True
AUTO8537,Bird8537,22,Cockatiel,White,In Aviary,True
AUTO8538,Bird8538,22,Finch,Blue,Quarantine,False
AUTO8539,Bird8539,11,Owl,White,In Aviary,True
AUTO8540,Bird8540,4,Owl,Blue,Quarantine,False
AUTO8541,Bird8541,17,Parrot,Red,Sold,True
AUTO8542,Bird8542,18,Finch,Blue,Sold,False
AUTO8543,Bird8543,11,Parrot,White,Sold,True
AUTO8544,Bird8544,3,Cockatiel,Red,Sold,False
AUTO8545,Bird8545,1,Cockatiel,Red,In Aviary,False
AUTO8546,Bird8546,17,Owl,Green,In Aviary,True
AUTO8547,Bird8547,20,Owl,Blue,In Aviary,True
AUTO8548,Bird8548,17,Parrot,Black,Sold,False
AUTO8549,Bird8549,1,Owl,Red,In Aviary,True
AUTO8550,Bird8550,16,Parrot,Black,In Aviary,False
AUTO8551,Bird8551,3,Eagle,White,Quarantine,True
AUTO8552,Bird8552,4,Parrot,Black,In Aviary,True
AUTO8553,Bird8553,16,Eagle,Yellow,Sold,True
AUTO8554,Bird8554,14,Finch,Black,Quarantine,True
AUTO8555,Bird8555,12,Owl,Blue,In Aviary,True
AUTO8556,Bird8556,1,Parrot,Black,Sold,False
AUTO8557,Bird8557,4,Parrot,Red,Quarantine,False
AUTO8558,Bird8558,11,Finch,Yellow,In Aviary,False
AUTO8559,Bird8559,11,Cockatiel,Red,In Aviary,False
AUTO8560,Bird8560,8,Cockatiel,Blue,In Aviary,True
AUTO8561,Bird8561,13,Owl,Green,In Aviary,True
AUTO8562,Bird8562,14,Parrot,Black,In Aviary,True
AUTO8563,Bird8563,18,Parrot,Green,Quarantine,True
AUTO8564,Bird8564,5,Cockatiel,Green,Quarantine,False
AUTO8565,Bird8565,7,Finch,Yellow,Sold,True
AUTO8566,Bird8566,10,Parrot,Yellow,Quarantine,False
AUTO8567,Bird8567,22,Cockatiel,Red,In Aviary,True
AUTO8568,Bird8568,19,Cockatiel,White,In Aviary,True
AUTO8569,Bird8569,20,Finch,Red,Quarantine,True
AUTO8570,Bird8570,12,Parrot,White,Quarantine,False
AUTO8571,Bird8571,13,Eagle,Red,In Aviary,True
AUTO8572,Bird8572,7,Parrot,Red,In Aviary,True
AUTO8573,Bird8573,14,Parrot,Yellow,Quarantine,True
AUTO8574,Bird8574,2,Parrot,Red,Sold,False
AUTO8575,Bird8575,22,Owl,Green,Quarantine,True
AUTO8576,Bird8576,7,Owl,Blue,Quarantine,False
AUTO8577,Bird8577,11,Owl,Blue,Sold,False
AUTO8578,Bird8578,23,Cockatiel,White,Sold,False
AUTO8579,Bird8579,12,Finch,Black,Quarantine,True
AUTO8580,Bird8580,15,Parrot,Blue,Quarantine,False
AUTO8581,Bird8581,7,Finch,Yellow,In Aviary,False
AUTO8582,Bird8582,17,Owl,Blue,In Aviary,False
AUTO8583,Bird8583,7,Cockatiel,Green,Quarantine,True
AUTO8584,Bird8584,12,Owl,Black,Quarantine,False
AUTO8585,Bird8585,17,Cockatiel,Green,Sold,True
AUTO8586,Bird8586,12,Parrot,Red,Quarantine,True
AUTO8587,Bird8587,17,Cockatiel,Blue,In Aviary,True
AUTO8588,Bird8588,15,Eagle,Black,Quarantine,False
AUTO8589,Bird8589,23,Cockatiel,Yellow,Sold,False
AUTO8590,Bird8590,20,Cockatiel,Blue,In Aviary,False
AUTO8591,Bird8591,8,Cockatiel,White,Quarantine,False
AUTO8592,Bird8592,9,Finch,Red,Sold,False
AUTO8593,Bird8593,20,Parrot,Blue,Quarantine,False
AUTO8594,Bird8594,1,Finch,Red,Sold,True
AUTO8595,Bird8595,22,Finch,Black,Quarantine,True
AUTO8596,Bird8596,8,Owl,Yellow,In Aviary,True
AUTO8597,Bird8597,10,Eagle,Red,In Aviary,True
AUTO8598,Bird8598,6,Eagle,Red,Quarantine,False
AUTO8599,Bird8599,17,Owl,Green,Quarantine,False
AUTO8600,Bird8600,2,Finch,Red,Quarantine,False
AUTO8601,Bird8601,17,Owl,Red,Quarantine,False
AUTO8602,Bird8602,20,Cockatiel,Green,In Aviary,True
AUTO8603,Bird8603,13,Finch,White,Sold,True
AUTO8604,Bird8604,20,Cockatiel,Blue,Quarantine,True
AUTO8605,Bird8605,22,Finch,Black,In Aviary,False
AUTO8606,Bird8606,6,Finch,Red,Sold,True
AUTO8607,Bird8607,11,Cockatiel,Red,Sold,False
AUTO8608,Bird8608,11,Eagle,Black,Sold,True
AUTO8609,Bird8609,24,Eagle,Yellow,Quarantine,False
AUTO8610,Bird8610,16,Owl,White,In Aviary,False
AUTO8611,Bird8611,24,Parrot,Blue,Quarantine,True
AUTO8612,Bird8612,11,Owl,Blue,Quarantine,False
AUTO8613,Bird8613,23,Parrot,Green,In Aviary,False
AUTO8614,Bird8614,7,Parrot,Yellow,In Aviary,False
AUTO8615,Bird8615,2,Parrot,Red,Quarantine,False
AUTO8616,Bird8616,14,Owl,Red,Quarantine,True
AUTO8617,Bird8617,5,Parrot,Black,Sold,False
AUTO8618,Bird8618,16,Eagle,Blue,In Aviary,True
AUTO8619,Bird8619,20,Owl,Blue,Quarantine,False
AUTO8620,Bird8620,12,Cockatiel,Green,In Aviary,True
AUTO8621,Bird8621,12,Parrot,Yellow,Quarantine,True
AUTO8622,Bird8622,11,Cockatiel,Red,In Aviary,True
AUTO8623,Bird8623,8,Eagle,Red,Sold,False
AUTO8624,Bird8624,12,Cockatiel,Blue,Sold,True
AUTO8625,Bird8625,1,Cockatiel,Red,Quarantine,True
AUTO8626,Bird8626,17,Eagle,Blue,Quarantine,False
AUTO8627,Bird8627,11,Parrot,Blue,In Aviary,True
AUTO8628,Bird8628,2,Cockatiel,Yellow,In Aviary,False
AUTO8629,Bird8629,15,Eagle,Yellow,In Aviary,False
AUTO8630,Bird8630,14,Eagle,White,In Aviary,True
AUTO8631,Bird8631,22,Eagle,Green,Sold,False
AUTO8632,Bird8632,16,Owl,Blue,In Aviary,True
AUTO8633,Bird8633,4,Eagle,Black,In Aviary,False
AUTO8634,Bird8634,16,Finch,Yellow,Quarantine,False
AUTO8635,Bird8635,18,Eagle,Black,In Aviary,False
AUTO8636,Bird8636,1,Parrot,Blue,In Aviary,True
AUTO8637,Bird8637,6,Finch,Black,Sold,True
AUTO8638,Bird8638,7,Eagle,Blue,Quarantine,False
AUTO8639,Bird8639,22,Parrot,Black,Quarantine,False
AUTO8640,Bird8640,7,Finch,Red,Quarantine,True
AUTO8641,Bird8641,6,Owl,Red,Sold,True
AUTO8642,Bird8642,2,Parrot,Red,In Aviary,True
AUTO8643,Bird8643,15,Parrot,Green,Quarantine,True
AUTO8644,Bird8644,16,Parrot,Blue,Sold,False
AUTO8645,Bird8645,17,Cockatiel,Blue,Sold,True
AUTO8646,Bird8646,10,Parrot,Yellow,Quarantine,True
AUTO8647,Bird8647,12,Eagle,Blue,Quarantine,False
AUTO8648,Bird8648,12,Owl,White,Quarantine,False
AUTO8649,Bird8649,11,Eagle,Black,Quarantine,True
AUTO8650,Bird8650,15,Cockatiel,White,In Aviary,True
AUTO8651,Bird8651,18,Eagle,Blue,Sold,False
AUTO8652,Bird8652,7,Finch,White,Quarantine,False
AUTO8653,Bird8653,16,Finch,Black,Sold,True
AUTO8654,Bird8654,19,Cockatiel,Yellow,In Aviary,False
AUTO8655,Bird8655,6,Finch,Red,Sold,True
AUTO8656,Bird8656,11,Cockatiel,Red,In Aviary,False
AUTO8657,Bird8657,3,Parrot,Yellow,Quarantine,False
AUTO8658,Bird8658,19,Cockatiel,Black,Quarantine,False
AUTO8659,Bird8659,23,Owl,Blue,Sold,True
AUTO8660,Bird8660,7,Cockatiel,Green,Sold,False
AUTO8661,Bird8661,11,Eagle,Yellow,Sold,False
AUTO8662,Bird8662,21,Finch,Blue,In Aviary,False
AUTO8663,Bird8663,10,Eagle,Yellow,Sold,True
AUTO8664,Bird8664,21,Parrot,Green,Quarantine,True
AUTO8665,Bird8665,18,Eagle,Green,Sold,False
AUTO8666,Bird8666,17,Cockatiel,Yellow,Sold,True
AUTO8667,Bird8667,3,Eagle,Green,Quarantine,True
AUTO8668,Bird8668,21,Eagle,Red,In Aviary,True
AUTO8669,Bird8669,1,Eagle,Blue,Quarantine,True
AUTO8670,Bird8670,1,Owl,Black,Sold,False
AUTO8671,Bird8671,4,Finch,Green,In Aviary,True
AUTO8672,Bird8672,1,Eagle,Blue,Quarantine,False
AUTO8673,Bird8673,16,Eagle,Red,Sold,False
AUTO8674,Bird8674,18,Finch,Yellow,Quarantine,True
AUTO8675,Bird8675,24,Parrot,Black,In Aviary,False
AUTO8676,Bird8676,2,Finch,Yellow,Quarantine,False
AUTO8677,Bird8677,10,Eagle,Blue,Sold,False
AUTO8678,Bird8678,19,Owl,Blue,Quarantine,False
AUTO8679,Bird8679,3,Eagle,Yellow,Sold,True
AUTO8680,Bird8680,14,Owl,Red,Sold,True
AUTO8681,Bird8681,10,Cockatiel,Black,In Aviary,True
AUTO8682,Bird8682,12,Eagle,Yellow,Quarantine,False
AUTO8683,Bird8683,19,Parrot,Green,Quarantine,False
AUTO8684,Bird8684,10,Cockatiel,Black,In Aviary,False
AUTO8685,Bird8685,23,Eagle,Green,In Aviary,True
AUTO8686,Bird8686,7,Cockatiel,White,Sold,False
AUTO8687,Bird8687,4,Finch,Blue,In Aviary,True
AUTO8688,Bird8688,2,Parrot,Green,In Aviary,True
AUTO8689,Bird8689,18,Eagle,White,Sold,True
AUTO8690,Bird8690,24,Eagle,Green,Quarantine,False
AUTO8691,Bird8691,16,Finch,Blue,In Aviary,False
AUTO8692,Bird8692,22,Finch,Green,Sold,False
AUTO8693,Bird8693,5,Cockatiel,White,Quarantine,True
AUTO8694,Bird8694,19,Eagle,Yellow,In Aviary,False
AUTO8695,Bird8695,9,Cockatiel,White,Sold,False
AUTO8696,Bird8696,12,Owl,Yellow,Sold,False
AUTO8697,Bird8697,7,Owl,Red,Quarantine,False
AUTO8698,Bird8698,5,Owl,Yellow,Sold,False
AUTO8699,Bird8699,5,Parrot,White,In Aviary,False
AUTO8700,Bird8700,15,Owl,Yellow,In Aviary,False
AUTO8701,Bird8701,24,Eagle,Blue,Sold,False
AUTO8702,Bird8702,5,Parrot,White,Quarantine,False
AUTO8703,Bird8703,14,Eagle,Yellow,Sold,False
AUTO8704,Bird8704,4,Owl,Green,Sold,False
AUTO8705,Bird8705,10,Eagle,Black,Quarantine,False
AUTO8706,Bird8706,22,Finch,Green,In Aviary,False
AUTO8707,Bird8707,6,Eagle,Black,Sold,False
AUTO8708,Bird8708,23,Finch,Green,In Aviary,True
AUTO8709,Bird8709,12,Owl,Black,Quarantine,False
AUTO8710,Bird8710,14,Cockatiel,Black,Sold,False
AUTO8711,Bird8711,13,Cockatiel,Green,In Aviary,False
AUTO8712,Bird8712,24,Finch,Black,In Aviary,True
AUTO8713,Bird8713,11,Parrot,Blue,In Aviary,True
AUTO8714,Bird8714,18,Finch,Red,Quarantine,False
AUTO8715,Bird8715,13,Parrot,Red,In Aviary,True
AUTO8716,Bird8716,17,Owl,Blue,In Aviary,False
AUTO8717,Bird8717,23,Cockatiel,Green,Quarantine,True
AUTO8718,Bird8718,6,Finch,Yellow,Sold,True
AUTO8719,Bird8719,3,Cockatiel,White,Sold,False
AUTO8720,Bird8720,8,Cockatiel,Yellow,Sold,True
AUTO8721,Bird8721,13,Parrot,Black,Sold,False
AUTO8722,Bird8722,10,Cockatiel,White,In Aviary,True
AUTO8723,Bird8723,23,Parrot,White,Sold,False
AUTO8724,Bird8724,3,Parrot,Green,In Aviary,False
AUTO8725,Bird8725,4,Finch,Green,In Aviary,True
AUTO8726,Bird8726,11,Parrot,Black,Sold,True
AUTO8727,Bird8727,3,Cockatiel,Green,Quarantine,True
AUTO8728,Bird8728,8,Parrot,White,Quarantine,True
AUTO8729,Bird8729,15,Parrot,Blue,Quarantine,False
AUTO8730,Bird8730,20,Cockatiel,White,Sold,True
AUTO8731,Bird8731,9,Eagle,Yellow,In Aviary,False
AUTO8732,Bird8732,3,Parrot,Yellow,Sold,False
AUTO8733,Bird8733,11,Finch,Green,Quarantine,False
AUTO8734,Bird8734,5,Owl,Red,Sold,False
AUTO8735,Bird8735,12,Owl,Yellow,Quarantine,True
AUTO8736,Bird8736,19,Eagle,Green,Sold,False
AUTO8737,Bird8737,8,Eagle,Yellow,In Aviary,False
AUTO8738,Bird8738,5,Cockatiel,White,Sold,True
AUTO8739,Bird8739,15,Owl,Black,In Aviary,True
AUTO8740,Bird8740,4,Cockatiel,White,Sold,False
AUTO8741,Bird8741,7,Eagle,White,Sold,True
AUTO8742,Bird8742,6,Eagle,Blue,In Aviary,False
AUTO8743,Bird8743,19,Owl,Blue,Sold,True
AUTO8744,Bird8744,2,Finch,Yellow,Sold,False
AUTO8745,Bird8745,24,Owl,Green,In Aviary,True
AUTO8746,Bird8746,19,Cockatiel,Black,Sold,False
AUTO8747,Bird8747,1,Owl,White,Quarantine,True
AUTO8748,Bird8748,2,Parrot,Blue,In Aviary,True
AUTO8749,Bird8749,16,Parrot,White,Quarantine,True
AUTO8750,Bird8750,19,Eagle,Green,In Aviary,True
AUTO8751,Bird8751,20,Cockatiel,Red,Quarantine,False
AUTO8752,Bird8752,13,Eagle,White,In Aviary,False
AUTO8753,Bird8753,7,Finch,Black,In Aviary,True
AUTO8754,Bird8754,9,Parrot,Green,Quarantine,False
AUTO8755,Bird8755,11,Eagle,Yellow,In Aviary,False
AUTO8756,Bird8756,16,Cockatiel,Yellow,Quarantine,True
AUTO8757,Bird8757,22,Owl,Yellow,In Aviary,True
AUTO8758,Bird8758,5,Parrot,Red,Sold,False
AUTO8759,Bird8759,19,Finch,White,Quarantine,True
AUTO8760,Bird8760,12,Finch,Black,Sold,False
AUTO8761,Bird8761,16,Cockatiel,White,Quarantine,True
AUTO8762,Bird8762,12,Finch,Blue,In Aviary,False
AUTO8763,Bird8763,13,Finch,Green,Quarantine,True
AUTO8764,Bird8764,17,Owl,Black,In Aviary,True
AUTO8765,Bird8765,5,Eagle,Yellow,Quarantine,True
AUTO8766,Bird8766,16,Owl,Yellow,Quarantine,True
AUTO8767,Bird8767,9,Eagle,Red,Sold,True
AUTO8768,Bird8768,12,Parrot,Red,In Aviary,True
AUTO8769,Bird8769,19,Parrot,Black,In Aviary,True
AUTO8770,Bird8770,12,Eagle,Yellow,Quarantine,True
AUTO8771,Bird8771,2,Cockatiel,White,Quarantine,False
AUTO8772,Bird8772,14,Parrot,Red,In Aviary,False
AUTO8773,Bird8773,3,Finch,Yellow,Sold,False
AUTO8774,Bird8774,14,Finch,White,Quarantine,True
AUTO8775,Bird8775,23,Cockatiel,Blue,In Aviary,True
AUTO8776,Bird8776,23,Eagle,Blue,Quarantine,False
AUTO8777,Bird8777,18,Parrot,Green,In Aviary,True
AUTO8778,Bird8778,19,Finch,White,Quarantine,True
AUTO8779,Bird8779,23,Finch,Blue,Sold,True
AUTO8780,Bird8780,2,Eagle,Blue,In Aviary,False
AUTO8781,Bird8781,11,Parrot,Red,Sold,True
AUTO8782,Bird8782,5,Eagle,Blue,Quarantine,True
AUTO8783,Bird8783,7,Eagle,Black,In Aviary,False
AUTO8784,Bird8784,14,Cockatiel,Blue,Sold,True
AUTO8785,Bird8785,2,Finch,Green,Sold,True
AUTO8786,Bird8786,9,Owl,Blue,Sold,True
AUTO8787,Bird8787,6,Owl,Green,In Aviary,True
AUTO8788,Bird8788,5,Finch,White,Sold,False
AUTO8789,Bird8789,23,Eagle,Yellow,Sold,True
AUTO8790,Bird8790,14,Eagle,Black,Quarantine,True
AUTO8791,Bird8791,5,Eagle,White,Sold,True
AUTO8792,Bird8792,5,Eagle,Blue,Sold,False
AUTO8793,Bird8793,15,Parrot,Blue,In Aviary,False
AUTO8794,Bird8794,11,Cockatiel,Red,Sold,False
AUTO8795,Bird8795,8,Eagle,Green,Sold,False
AUTO8796,Bird8796,14,Owl,Yellow,Sold,True
AUTO8797,Bird8797,22,Parrot,White,Quarantine,True
AUTO8798,Bird8798,20,Owl,Yellow,Sold,False
AUTO8799,Bird8799,6,Owl,Red,In Aviary,True
AUTO8800,Bird8800,17,Parrot,Blue,Quarantine,False
AUTO8801,Bird8801,17,Cockatiel,Red,Sold,True
AUTO8802,Bird8802,16,Parrot,Blue,Sold,True
AUTO8803,Bird8803,22,Finch,Blue,In Aviary,False
AUTO8804,Bird8804,21,Parrot,Black,Sold,False
AUTO8805,Bird8805,16,Finch,Black,Quarantine,False
AUTO8806,Bird8806,16,Parrot,Black,Quarantine,True
AUTO8807,Bird8807,4,Owl,Black,Sold,False
AUTO8808,Bird8808,24,Parrot,Yellow,In Aviary,True
AUTO8809,Bird8809,22,Parrot,Red,Quarantine,True
AUTO8810,Bird8810,15,Owl,Red,In Aviary,True
AUTO8811,Bird8811,21,Finch,Red,In Aviary,False
AUTO8812,Bird8812,16,Finch,Blue,In Aviary,False
AUTO8813,Bird8813,22,Cockatiel,Blue,In Aviary,False
AUTO8814,Bird8814,19,Cockatiel,Blue,Quarantine,True
AUTO8815,Bird8815,11,Parrot,Red,Quarantine,True
AUTO8816,Bird8816,8,Cockatiel,Black,Sold,True
AUTO8817,Bird8817,6,Owl,White,Quarantine,True
AUTO8818,Bird8818,2,Eagle,Yellow,Sold,False
AUTO8819,Bird8819,22,Cockatiel,Green,Quarantine,False
AUTO8820,Bird8820,19,Finch,Red,Sold,False
AUTO8821,Bird8821,5,Finch,Yellow,In Aviary,True
AUTO8822,Bird8822,2,Eagle,Green,Sold,True
AUTO8823,Bird8823,7,Owl,Yellow,Sold,True
AUTO8824,Bird8824,14,Eagle,Green,Sold,False
AUTO8825,Bird8825,13,Parrot,Yellow,Sold,True
AUTO8826,Bird8826,18,Parrot,Blue,In Aviary,False
AUTO8827,Bird8827,16,Eagle,Blue,Quarantine,True
AUTO8828,Bird8828,22,Eagle,Green,Quarantine,False
AUTO8829,Bird8829,6,Cockatiel,Black,Quarantine,True
AUTO8830,Bird8830,18,Parrot,Blue,In Aviary,True
AUTO8831,Bird8831,19,Eagle,White,Sold,True
AUTO8832,Bird8832,21,Cockatiel,Green,In Aviary,False
AUTO8833,Bird8833,23,Cockatiel,Blue,Quarantine,True
AUTO8834,Bird8834,2,Parrot,Black,Sold,False
AUTO8835,Bird8835,9,Cockatiel,Black,Quarantine,False
AUTO8836,Bird8836,6,Parrot,Green,In Aviary,True
AUTO8837,Bird8837,24,Parrot,Blue,In Aviary,True
AUTO8838,Bird8838,22,Parrot,Blue,Sold,True
AUTO8839,Bird8839,15,Owl,Blue,Sold,False
AUTO8840,Bird8840,15,Finch,Blue,Sold,True
AUTO8841,Bird8841,18,Owl,Yellow,In Aviary,False
AUTO8842,Bird8842,14,Finch,Blue,In Aviary,True
AUTO8843,Bird8843,19,Finch,Red,Quarantine,True
AUTO8844,Bird8844,24,Eagle,Green,Sold,False
AUTO8845,Bird8845,17,Eagle,Black,Sold,True
AUTO8846,Bird8846,6,Parrot,Blue,Sold,False
AUTO8847,Bird8847,24,Finch,Yellow,Quarantine,True
AUTO8848,Bird8848,2,Finch,White,In Aviary,False
AUTO8849,Bird8849,9,Cockatiel,Yellow,Sold,False
AUTO8850,Bird8850,10,Eagle,Black,Quarantine,False
AUTO8851,Bird8851,21,Cockatiel,Blue,Quarantine,False
AUTO8852,Bird8852,19,Eagle,Green,Quarantine,False
AUTO8853,Bird8853,23,Owl,Blue,In Aviary,True
AUTO8854,Bird8854,16,Cockatiel,Black,Sold,True
AUTO8855,Bird8855,11,Owl,Blue,Sold,False
AUTO8856,Bird8856,17,Cockatiel,Yellow,Sold,False
AUTO8857,Bird8857,20,Finch,White,Quarantine,False
AUTO8858,Bird8858,17,Cockatiel,Green,In Aviary,True
AUTO8859,Bird8859,17,Parrot,Red,Quarantine,False
AUTO8860,Bird8860,14,Parrot,White,Quarantine,False
AUTO8861,Bird8861,5,Parrot,Black,In Aviary,False
AUTO8862,Bird8862,2,Parrot,Black,In Aviary,True
AUTO8863,Bird8863,7,Eagle,Green,Quarantine,False
AUTO8864,Bird8864,18,Finch,Black,Quarantine,True
AUTO8865,Bird8865,3,Owl,White,In Aviary,True
AUTO8866,Bird8866,13,Eagle,Black,In Aviary,False
AUTO8867,Bird8867,2,Owl,White,Sold,False
AUTO8868,Bird8868,13,Eagle,Blue,In Aviary,True
AUTO8869,Bird8869,18,Eagle,Blue,Quarantine,False
AUTO8870,Bird8870,19,Finch,Yellow,Quarantine,True
AUTO8871,Bird8871,24,Owl,Blue,In Aviary,True
AUTO8872,Bird8872,8,Parrot,Blue,In Aviary,False
AUTO8873,Bird8873,2,Owl,Red,In Aviary,False
AUTO8874,Bird8874,6,Cockatiel,Black,Sold,True
AUTO8875,Bird8875,18,Finch,Red,Sold,False
AUTO8876,Bird8876,14,Parrot,White,Sold,False
AUTO8877,Bird8877,8,Owl,Yellow,In Aviary,False
AUTO8878,Bird8878,2,Finch,Black,In Aviary,True
AUTO8879,Bird8879,14,Cockatiel,Red,Quarantine,False
AUTO8880,Bird8880,17,Eagle,Yellow,In Aviary,False
AUTO8881,Bird8881,16,Finch,Green,Sold,False
AUTO8882,Bird8882,7,Finch,Yellow,Sold,True
AUTO8883,Bird8883,24,Owl,White,Sold,True
AUTO8884,Bird8884,8,Owl,Black,Quarantine,False
AUTO8885,Bird8885,1,Cockatiel,White,Sold,False
AUTO8886,Bird8886,21,Owl,Red,Quarantine,False
AUTO8887,Bird8887,6,Cockatiel,Blue,Quarantine,True
AUTO8888,Bird8888,24,Finch,Blue,Quarantine,False
AUTO8889,Bird8889,19,Parrot,Blue,In Aviary,True
AUTO8890,Bird8890,14,Finch,Green,Quarantine,False
AUTO8891,Bird8891,3,Owl,Yellow,Sold,True
AUTO8892,Bird8892,19,Owl,Red,In Aviary,True
AUTO8893,Bird8893,5,Eagle,Black,In Aviary,True
AUTO8894,Bird8894,2,Eagle,Green,Quarantine,True
AUTO8895,Bird8895,12,Owl,Yellow,In Aviary,False
AUTO8896,Bird8896,11,Eagle,Green,In Aviary,False
AUTO8897,Bird8897,10,Eagle,Blue,Sold,True
AUTO8898,Bird8898,6,Finch,Yellow,Sold,True
AUTO8899,Bird8899,8,Cockatiel,Black,In Aviary,True
AUTO8900,Bird8900,17,Owl,Blue,Sold,True
AUTO8901,Bird8901,21,Owl,Green,Quarantine,False
AUTO8902,Bird8902,22,Parrot,Green,In Aviary,False
AUTO8903,Bird8903,13,Finch,Red,In Aviary,False
AUTO8904,Bird8904,3,Cockatiel,Yellow,Sold,False
AUTO8905,Bird8905,13,Parrot,Red,Sold,False
AUTO8906,Bird8906,17,Owl,Black,Sold,False
AUTO8907,Bird8907,13,Cockatiel,Yellow,Quarantine,True
AUTO8908,Bird8908,18,Parrot,Green,Sold,True
AUTO8909,Bird8909,8,Owl,Black,Quarantine,False
AUTO8910,Bird8910,4,Cockatiel,White,In Aviary,True
AUTO8911,Bird8911,17,Cockatiel,Blue,Quarantine,False
AUTO8912,Bird8912,24,Owl,Blue,Sold,True
AUTO8913,Bird8913,9,Finch,Black,Sold,False
AUTO8914,Bird8914,6,Cockatiel,Green,Sold,True
AUTO8915,Bird8915,24,Parrot,Green,Sold,True
AUTO8916,Bird8916,19,Cockatiel,Green,In Aviary,True
AUTO8917,Bird8917,22,Eagle,Black,In Aviary,False
AUTO8918,Bird8918,3,Eagle,Yellow,Sold,False
AUTO8919,Bird8919,23,Owl,Yellow,Quarantine,False
AUTO8920,Bird8920,24,Cockatiel,Blue,Sold,True
AUTO8921,Bird8921,6,Cockatiel,Green,Quarantine,True
AUTO8922,Bird8922,5,Parrot,Green,Sold,False
AUTO8923,Bird8923,17,Eagle,White,In Aviary,True
AUTO8924,Bird8924,11,Eagle,White,In Aviary,True
AUTO8925,Bird8925,13,Cockatiel,Red,In Aviary,True
AUTO8926,Bird8926,19,Owl,Blue,In Aviary,False
AUTO8927,Bird8927,6,Cockatiel,Blue,Quarantine,True
AUTO8928,Bird8928,10,Eagle,Black,Sold,True
AUTO8929,Bird8929,17,Owl,Green,In Aviary,False
AUTO8930,Bird8930,10,Finch,Red,Quarantine,True
AUTO8931,Bird8931,6,Finch,Yellow,In Aviary,False
AUTO8932,Bird8932,3,Cockatiel,White,Quarantine,False
AUTO8933,Bird8933,15,Finch,Yellow,Sold,True
AUTO8934,Bird8934,1,Cockatiel,Red,In Aviary,True
AUTO8935,Bird8935,14,Parrot,Black,Quarantine,False
AUTO8936,Bird8936,3,Owl,Blue,Quarantine,True
AUTO8937,Bird8937,18,Eagle,Yellow,Quarantine,False
AUTO8938,Bird8938,3,Eagle,Red,Quarantine,True
AUTO8939,Bird8939,21,Eagle,Black,Sold,False
AUTO8940,Bird8940,17,Finch,White,In Aviary,False
AUTO8941,Bird8941,19,Eagle,Yellow,Quarantine,True
AUTO8942,Bird8942,10,Eagle,Black,In Aviary,False
AUTO8943,Bird8943,23,Finch,Blue,Sold,True
AUTO8944,Bird8944,22,Owl,Blue,Sold,True
AUTO8945,Bird8945,14,Finch,Red,Quarantine,False
AUTO8946,Bird8946,21,Finch,White,In Aviary,False
AUTO8947,Bird8947,10,Parrot,Blue,In Aviary,False
AUTO8948,Bird8948,12,Finch,Yellow,In Aviary,False
AUTO8949,Bird8949,7,Finch,Black,Sold,True
AUTO8950,Bird8950,6,Parrot,Green,Quarantine,False
AUTO8951,Bird8951,24,Cockatiel,Green,Quarantine,True
AUTO8952,Bird8952,5,Parrot,Red,In Aviary,False
AUTO8953,Bird8953,2,Eagle,Red,Sold,False
AUTO8954,Bird8954,9,Eagle,Yellow,Sold,False
AUTO8955,Bird8955,23,Owl,Green,In Aviary,False
AUTO8956,Bird8956,18,Parrot,Blue,Sold,True
AUTO8957,Bird8957,11,Finch,Green,Sold,False
AUTO8958,Bird8958,18,Parrot,Blue,Sold,False
AUTO8959,Bird8959,16,Cockatiel,Blue,Quarantine,True
AUTO8960,Bird8960,12,Parrot,Black,Quarantine,False
AUTO8961,Bird8961,4,Finch,Yellow,Quarantine,False
AUTO8962,Bird8962,9,Finch,Green,Sold,True
AUTO8963,Bird8963,20,Finch,Green,Quarantine,True
AUTO8964,Bird8964,13,Parrot,Green,Sold,True
AUTO8965,Bird8965,10,Owl,Yellow,In Aviary,True
AUTO8966,Bird8966,12,Cockatiel,White,Quarantine,False
AUTO8967,Bird8967,8,Finch,White,Sold,False
AUTO8968,Bird8968,13,Parrot,Red,In Aviary,False
AUTO8969,Bird8969,2,Parrot,White,Sold,True
AUTO8970,Bird8970,5,Cockatiel,Green,Sold,False
AUTO8971,Bird8971,2,Finch,Red,In Aviary,True
AUTO8972,Bird8972,10,Cockatiel,Green,Sold,False
AUTO8973,Bird8973,22,Parrot,Yellow,Quarantine,False
AUTO8974,Bird8974,22,Eagle,Black,In Aviary,False
AUTO8975,Bird8975,21,Owl,Red,Quarantine,True
AUTO8976,Bird8976,14,Cockatiel,Yellow,Quarantine,False
AUTO8977,Bird8977,13,Owl,Yellow,Sold,False
AUTO8978,Bird8978,2,Parrot,Green,Quarantine,False
AUTO8979,Bird8979,2,Eagle,White,In Aviary,False
AUTO8980,Bird8980,16,Owl,White,In Aviary,False
AUTO8981,Bird8981,3,Owl,Black,Sold,False
AUTO8982,Bird8982,3,Finch,Red,In Aviary,False
AUTO8983,Bird8983,4,Eagle,Blue,Quarantine,False
AUTO8984,Bird8984,6,Parrot,Green,In Aviary,False
AUTO8985,Bird8985,9,Cockatiel,White,Quarantine,False
AUTO8986,Bird8986,4,Cockatiel,Red,In Aviary,True
AUTO8987,Bird8987,5,Cockatiel,Yellow,Sold,False
AUTO8988,Bird8988,16,Finch,Green,In Aviary,False
AUTO8989,Bird8989,24,Eagle,Green,Quarantine,True
AUTO8990,Bird8990,8,Eagle,Red,Quarantine,False
AUTO8991,Bird8991,13,Owl,Black,Quarantine,False
AUTO8992,Bird8992,2,Eagle,White,In Aviary,False
AUTO8993,Bird8993,19,Cockatiel,Green,Quarantine,True
AUTO8994,Bird8994,15,Cockatiel,Black,Quarantine,True
AUTO8995,Bird8995,13,Parrot,Red,In Aviary,False
AUTO8996,Bird8996,20,Parrot,Black,In Aviary,True
AUTO8997,Bird8997,5,Cockatiel,Green,Sold,False
AUTO8998,Bird8998,2,Cockatiel,Black,Quarantine,False
AUTO8999,Bird8999,19,Eagle,Red,Quarantine,False
AUTO9000,Bird9000,1,Parrot,Green,Quarantine,False
AUTO9001,Bird9001,3,Cockatiel,Green,Sold,False
AUTO9002,Bird9002,21,Eagle,White,In Aviary,True
AUTO9003,Bird9003,2,Cockatiel,Red,Quarantine,False
AUTO9004,Bird9004,15,Eagle,Green,In Aviary,False
AUTO9005,Bird9005,13,Owl,Black,In Aviary,True
AUTO9006,Bird9006,11,Owl,Blue,In Aviary,True
AUTO9007,Bird9007,2,Cockatiel,Black,Quarantine,True
AUTO9008,Bird9008,3,Eagle,Green,In Aviary,False
AUTO9009,Bird9009,4,Eagle,Black,Quarantine,True
AUTO9010,Bird9010,3,Cockatiel,Yellow,Sold,True
AUTO9011,Bird9011,14,Owl,Black,Quarantine,False
AUTO9012,Bird9012,17,Parrot,Green,Sold,True
AUTO9013,Bird9013,19,Parrot,Red,In Aviary,False
AUTO9014,Bird9014,23,Parrot,Red,Sold,False
AUTO9015,Bird9015,2,Owl,Green,In Aviary,False
AUTO9016,Bird9016,3,Parrot,Blue,Sold,True
AUTO9017,Bird9017,22,Finch,Red,In Aviary,True
AUTO9018,Bird9018,15,Finch,Yellow,Quarantine,False
AUTO9019,Bird9019,19,Eagle,Green,In Aviary,True
AUTO9020,Bird9020,6,Finch,Yellow,Sold,True
AUTO9021,Bird9021,19,Eagle,Yellow,In Aviary,True
AUTO9022,Bird9022,5,Owl,Yellow,Sold,True
AUTO9023,Bird9023,8,Eagle,Yellow,Sold,False
AUTO9024,Bird9024,13,Cockatiel,Yellow,Sold,False
AUTO9025,Bird9025,16,Cockatiel,Yellow,In Aviary,True
AUTO9026,Bird9026,5,Finch,White,In Aviary,False
AUTO9027,Bird9027,10,Cockatiel,Yellow,Sold,True
AUTO9028,Bird9028,3,Eagle,Green,Sold,False
AUTO9029,Bird9029,16,Eagle,Yellow,In Aviary,True
AUTO9030,Bird9030,6,Owl,Blue,Quarantine,True
AUTO9031,Bird9031,5,Parrot,Green,Quarantine,False
AUTO9032,Bird9032,10,Cockatiel,White,In Aviary,True
AUTO9033,Bird9033,5,Parrot,Red,In Aviary,False
AUTO9034,Bird9034,4,Owl,Black,Sold,False
AUTO9035,Bird9035,19,Cockatiel,Green,In Aviary,False
AUTO9036,Bird9036,11,Eagle,Blue,In Aviary,True
AUTO9037,Bird9037,3,Cockatiel,Yellow,In Aviary,True
AUTO9038,Bird9038,17,Owl,Black,Quarantine,False
AUTO9039,Bird9039,23,Cockatiel,White,Quarantine,True
AUTO9040,Bird9040,15,Finch,Yellow,Sold,False
AUTO9041,Bird9041,4,Cockatiel,Black,In Aviary,False
AUTO9042,Bird9042,5,Eagle,Red,Sold,True
AUTO9043,Bird9043,11,Finch,Green,Sold,True
AUTO9044,Bird9044,12,Eagle,Red,Sold,True
AUTO9045,Bird9045,6,Eagle,White,In Aviary,True
AUTO9046,Bird9046,16,Cockatiel,Blue,In Aviary,True
AUTO9047,Bird9047,19,Parrot,Black,Quarantine,False
AUTO9048,Bird9048,5,Cockatiel,Red,Quarantine,False
AUTO9049,Bird9049,2,Cockatiel,Blue,In Aviary,True
AUTO9050,Bird9050,11,Parrot,Yellow,Quarantine,False
AUTO9051,Bird9051,20,Eagle,Black,Sold,True
AUTO9052,Bird9052,10,Finch,White,Sold,False
AUTO9053,Bird9053,2,Eagle,Black,Sold,True
AUTO9054,Bird9054,21,Eagle,Green,In Aviary,False
AUTO9055,Bird9055,20,Owl,Red,In Aviary,True
AUTO9056,Bird9056,22,Finch,Green,Quarantine,False
AUTO9057,Bird9057,4,Owl,White,Sold,True
AUTO9058,Bird9058,5,Finch,Black,Quarantine,True
AUTO9059,Bird9059,24,Owl,Black,Quarantine,False
AUTO9060,Bird9060,14,Owl,Black,Quarantine,True
AUTO9061,Bird9061,4,Eagle,White,In Aviary,False
AUTO9062,Bird9062,17,Finch,Green,Quarantine,True
AUTO9063,Bird9063,4,Eagle,White,In Aviary,True
AUTO9064,Bird9064,23,Parrot,Black,Quarantine,True
AUTO9065,Bird9065,14,Parrot,Red,Quarantine,False
AUTO9066,Bird9066,18,Cockatiel,Yellow,Quarantine,False
AUTO9067,Bird9067,8,Finch,Blue,In Aviary,True
AUTO9068,Bird9068,15,Eagle,White,Sold,True
AUTO9069,Bird9069,11,Cockatiel,Yellow,In Aviary,False
AUTO9070,Bird9070,13,Parrot,Blue,Quarantine,False
AUTO9071,Bird9071,22,Cockatiel,Black,Quarantine,False
AUTO9072,Bird9072,9,Cockatiel,Yellow,Quarantine,True
AUTO9073,Bird9073,3,Parrot,Blue,Sold,True
AUTO9074,Bird9074,7,Parrot,Red,In Aviary,False
AUTO9075,Bird9075,20,Cockatiel,Green,In Aviary,True
AUTO9076,Bird9076,21,Cockatiel,Green,In Aviary,False
AUTO9077,Bird9077,21,Cockatiel,Blue,Sold,False
AUTO9078,Bird9078,11,Eagle,Black,Sold,False
AUTO9079,Bird9079,23,Eagle,Black,Quarantine,False
AUTO9080,Bird9080,16,Finch,White,Quarantine,True
AUTO9081,Bird9081,16,Cockatiel,Red,Sold,False
AUTO9082,Bird9082,24,Parrot,Blue,In Aviary,True
AUTO9083,Bird9083,15,Cockatiel,Black,In Aviary,True
AUTO9084,Bird9084,14,Owl,Black,Quarantine,False
AUTO9085,Bird9085,24,Finch,Green,In Aviary,False
AUTO9086,Bird9086,15,Owl,Yellow,Quarantine,True
AUTO9087,Bird9087,1,Eagle,White,Quarantine,True
AUTO9088,Bird9088,9,Finch,White,Quarantine,False
AUTO9089,Bird9089,1,Cockatiel,Green,Sold,False
AUTO9090,Bird9090,11,Owl,Yellow,In Aviary,True
AUTO9091,Bird9091,8,Eagle,Black,Sold,True
AUTO9092,Bird9092,1,Owl,Blue,In Aviary,True
AUTO9093,Bird9093,10,Owl,White,In Aviary,False
AUTO9094,Bird9094,11,Finch,Red,Quarantine,True
AUTO9095,Bird9095,20,Finch,Green,In Aviary,True
AUTO9096,Bird9096,5,Finch,Yellow,Sold,True
AUTO9097,Bird9097,16,Cockatiel,Yellow,Quarantine,True
AUTO9098,Bird9098,23,Cockatiel,Green,In Aviary,False
AUTO9099,Bird9099,24,Parrot,Black,In Aviary,True
AUTO9100,Bird9100,4,Owl,Red,In Aviary,True
AUTO9101,Bird9101,3,Parrot,Black,In Aviary,True
AUTO9102,Bird9102,21,Parrot,Red,In Aviary,False
AUTO9103,Bird9103,10,Parrot,Blue,Sold,False
AUTO9104,Bird9104,7,Cockatiel,Black,Sold,True
AUTO9105,Bird9105,16,Finch,Red,Sold,False
AUTO9106,Bird9106,19,Finch,Yellow,Quarantine,False
AUTO9107,Bird9107,20,Eagle,Green,Quarantine,True
AUTO9108,Bird9108,19,Finch,Yellow,In Aviary,False
AUTO9109,Bird9109,1,Cockatiel,Black,Quarantine,True
AUTO9110,Bird9110,18,Owl,Red,Quarantine,False
AUTO9111,Bird9111,18,Owl,Yellow,In Aviary,False
AUTO9112,Bird9112,20,Cockatiel,Black,In Aviary,False
AUTO9113,Bird9113,24,Finch,Blue,Sold,False
AUTO9114,Bird9114,4,Eagle,Yellow,Sold,False
AUTO9115,Bird9115,13,Cockatiel,Yellow,Sold,False
AUTO9116,Bird9116,10,Parrot,White,Sold,False
AUTO9117,Bird9117,18,Cockatiel,Red,Sold,False
AUTO9118,Bird9118,10,Owl,White,In Aviary,False
AUTO9119,Bird9119,11,Owl,Red,Quarantine,False
AUTO9120,Bird9120,8,Parrot,Red,In Aviary,True
AUTO9121,Bird9121,22,Cockatiel,White,Quarantine,False
AUTO9122,Bird9122,6,Cockatiel,Red,Sold,True
AUTO9123,Bird9123,5,Finch,White,Sold,True
AUTO9124,Bird9124,12,Parrot,Blue,Quarantine,True
AUTO9125,Bird9125,5,Owl,Yellow,Quarantine,True
AUTO9126,Bird9126,19,Finch,Green,In Aviary,True
AUTO9127,Bird9127,3,Cockatiel,White,In Aviary,True
AUTO9128,Bird9128,3,Owl,White,In Aviary,False
AUTO9129,Bird9129,1,Finch,White,Quarantine,False
AUTO9130,Bird9130,14,Owl,Red,Quarantine,True
AUTO9131,Bird9131,6,Finch,Black,Quarantine,True
AUTO9132,Bird9132,9,Parrot,Green,Quarantine,True
AUTO9133,Bird9133,11,Owl,Black,In Aviary,True
AUTO9134,Bird9134,20,Owl,Red,Quarantine,True
AUTO9135,Bird9135,9,Finch,Black,Quarantine,True
AUTO9136,Bird9136,3,Eagle,Green,In Aviary,True
AUTO9137,Bird9137,24,Parrot,Green,Sold,True
AUTO9138,Bird9138,1,Parrot,White,In Aviary,False
AUTO9139,Bird9139,5,Finch,Black,In Aviary,True
AUTO9140,Bird9140,3,Eagle,Black,In Aviary,False
AUTO9141,Bird9141,14,Eagle,Blue,Sold,False
AUTO9142,Bird9142,1,Parrot,White,Quarantine,False
AUTO9143,Bird9143,22,Owl,Blue,Sold,True
AUTO9144,Bird9144,10,Eagle,Blue,Sold,True
AUTO9145,Bird9145,24,Eagle,Blue,In Aviary,True
AUTO9146,Bird9146,20,Eagle,White,In Aviary,True
AUTO9147,Bird9147,7,Finch,Green,Quarantine,False
AUTO9148,Bird9148,5,Owl,Yellow,Quarantine,False
AUTO9149,Bird9149,16,Parrot,Green,Quarantine,True
AUTO9150,Bird9150,19,Parrot,Yellow,Sold,True
AUTO9151,Bird9151,24,Parrot,Black,Quarantine,True
AUTO9152,Bird9152,22,Parrot,Black,Quarantine,False
AUTO9153,Bird9153,3,Finch,Green,In Aviary,True
AUTO9154,Bird9154,3,Cockatiel,Yellow,In Aviary,True
AUTO9155,Bird9155,3,Cockatiel,Green,In Aviary,False
AUTO9156,Bird9156,4,Owl,Green,Sold,True
AUTO9157,Bird9157,7,Eagle,Yellow,In Aviary,True
AUTO9158,Bird9158,13,Owl,Green,Sold,False
AUTO9159,Bird9159,4,Owl,Red,In Aviary,False
AUTO9160,Bird9160,23,Cockatiel,Yellow,In Aviary,False
AUTO9161,Bird9161,2,Eagle,Green,Sold,False
AUTO9162,Bird9162,10,Finch,White,In Aviary,False
AUTO9163,Bird9163,17,Cockatiel,Blue,In Aviary,True
AUTO9164,Bird9164,20,Owl,Green,Quarantine,False
AUTO9165,Bird9165,23,Eagle,Yellow,Sold,False
AUTO9166,Bird9166,5,Parrot,Yellow,Sold,False
AUTO9167,Bird9167,10,Parrot,Blue,Quarantine,True
AUTO9168,Bird9168,12,Finch,Yellow,Sold,False
AUTO9169,Bird9169,1,Parrot,Green,Quarantine,True
AUTO9170,Bird9170,4,Cockatiel,Green,In Aviary,True
AUTO9171,Bird9171,2,Owl,Red,Sold,True
AUTO9172,Bird9172,3,Parrot,White,Quarantine,True
AUTO9173,Bird9173,3,Cockatiel,Blue,Quarantine,True
AUTO9174,Bird9174,4,Parrot,Black,In Aviary,True
AUTO9175,Bird9175,2,Parrot,Black,Quarantine,True
AUTO9176,Bird9176,19,Finch,Blue,In Aviary,False
AUTO9177,Bird9177,21,Cockatiel,Black,In Aviary,True
AUTO9178,Bird9178,3,Cockatiel,White,In Aviary,False
AUTO9179,Bird9179,10,Parrot,Green,In Aviary,False
AUTO9180,Bird9180,7,Finch,Red,Quarantine,False
AUTO9181,Bird9181,11,Finch,Red,Quarantine,False
AUTO9182,Bird9182,7,Parrot,Black,Sold,True
AUTO9183,Bird9183,16,Owl,Green,Sold,False
AUTO9184,Bird9184,6,Cockatiel,Red,Quarantine,True
AUTO9185,Bird9185,17,Owl,Red,In Aviary,False
AUTO9186,Bird9186,7,Eagle,Yellow,In Aviary,True
AUTO9187,Bird9187,13,Finch,Blue,Sold,False
AUTO9188,Bird9188,7,Owl,Blue,Sold,True
AUTO9189,Bird9189,6,Finch,White,In Aviary,True
AUTO9190,Bird9190,5,Owl,Red,In Aviary,False
AUTO9191,Bird9191,17,Cockatiel,Yellow,In Aviary,False
AUTO9192,Bird9192,12,Eagle,Green,In Aviary,False
AUTO9193,Bird9193,17,Cockatiel,Green,Sold,False
AUTO9194,Bird9194,3,Cockatiel,Red,In Aviary,False
AUTO9195,Bird9195,21,Finch,Black,In Aviary,True
AUTO9196,Bird9196,4,Finch,Blue,In Aviary,False
AUTO9197,Bird9197,21,Cockatiel,Black,Quarantine,True
AUTO9198,Bird9198,17,Cockatiel,Black,Sold,False
AUTO9199,Bird9199,11,Parrot,Blue,Quarantine,False
AUTO9200,Bird9200,1,Owl,White,Quarantine,False
AUTO9201,Bird9201,10,Finch,Blue,Quarantine,True
AUTO9202,Bird9202,24,Finch,Yellow,In Aviary,False
AUTO9203,Bird9203,2,Parrot,White,Quarantine,True
AUTO9204,Bird9204,3,Parrot,Blue,Quarantine,True
AUTO9205,Bird9205,4,Cockatiel,Green,In Aviary,False
AUTO9206,Bird9206,5,Eagle,Black,In Aviary,False
AUTO9207,Bird9207,13,Parrot,Red,Sold,False
AUTO9208,Bird9208,16,Finch,White,Sold,True
AUTO9209,Bird9209,20,Eagle,Black,Sold,True
AUTO9210,Bird9210,16,Finch,Black,Sold,True
AUTO9211,Bird9211,19,Owl,Blue,Sold,False
AUTO9212,Bird9212,13,Finch,Green,Quarantine,True
AUTO9213,Bird9213,13,Eagle,Black,Sold,True
AUTO9214,Bird9214,17,Finch,White,Sold,True
AUTO9215,Bird9215,17,Owl,Red,Sold,False
AUTO9216,Bird9216,17,Finch,Yellow,In Aviary,True
AUTO9217,Bird9217,12,Finch,Yellow,In Aviary,False
AUTO9218,Bird9218,17,Parrot,Red,Sold,True
AUTO9219,Bird9219,19,Cockatiel,White,Quarantine,False
AUTO9220,Bird9220,22,Parrot,Green,Sold,False
AUTO9221,Bird9221,11,Parrot,Blue,Quarantine,False
AUTO9222,Bird9222,23,Eagle,Blue,Sold,False
AUTO9223,Bird9223,22,Cockatiel,Black,Sold,False
AUTO9224,Bird9224,6,Cockatiel,Blue,Quarantine,True
AUTO9225,Bird9225,20,Finch,Yellow,In Aviary,False
AUTO9226,Bird9226,20,Finch,Red,In Aviary,False
AUTO9227,Bird9227,4,Parrot,Yellow,Quarantine,True
AUTO9228,Bird9228,24,Cockatiel,Blue,Quarantine,True
AUTO9229,Bird9229,4,Parrot,Yellow,Quarantine,True
AUTO9230,Bird9230,9,Owl,White,Quarantine,True
AUTO9231,Bird9231,17,Eagle,Black,Sold,True
AUTO9232,Bird9232,18,Finch,White,In Aviary,False
AUTO9233,Bird9233,11,Eagle,Green,Quarantine,True
AUTO9234,Bird9234,21,Owl,Yellow,Quarantine,True
AUTO9235,Bird9235,11,Owl,Blue,Sold,False
AUTO9236,Bird9236,16,Finch,Black,Sold,True
AUTO9237,Bird9237,7,Cockatiel,Red,Quarantine,False
AUTO9238,Bird9238,10,Parrot,Yellow,Quarantine,True
AUTO9239,Bird9239,24,Cockatiel,White,Sold,True
AUTO9240,Bird9240,14,Parrot,White,Quarantine,True
AUTO9241,Bird9241,24,Finch,Blue,Sold,True
AUTO9242,Bird9242,6,Eagle,Green,In Aviary,True
AUTO9243,Bird9243,21,Eagle,Green,Sold,True
AUTO9244,Bird9244,4,Owl,Red,Sold,True
AUTO9245,Bird9245,10,Finch,Black,Quarantine,True
AUTO9246,Bird9246,15,Owl,Yellow,Sold,False
AUTO9247,Bird9247,23,Finch,Black,Sold,True
AUTO9248,Bird9248,7,Parrot,Blue,In Aviary,True
AUTO9249,Bird9249,8,Finch,Black,In Aviary,True
AUTO9250,Bird9250,5,Eagle,Yellow,Sold,True
AUTO9251,Bird9251,19,Owl,Blue,In Aviary,True
AUTO9252,Bird9252,6,Eagle,Red,In Aviary,True
AUTO9253,Bird9253,16,Owl,Green,Quarantine,False
AUTO9254,Bird9254,7,Cockatiel,Yellow,In Aviary,False
AUTO9255,Bird9255,12,Eagle,Red,Quarantine,True
AUTO9256,Bird9256,4,Owl,Green,Sold,False
AUTO9257,Bird9257,14,Finch,Yellow,In Aviary,True
AUTO9258,Bird9258,12,Parrot,Blue,Sold,True
AUTO9259,Bird9259,20,Parrot,Green,In Aviary,False
AUTO9260,Bird9260,13,Cockatiel,White,In Aviary,True
AUTO9261,Bird9261,22,Owl,Black,In Aviary,True
AUTO9262,Bird9262,13,Eagle,Yellow,In Aviary,True
AUTO9263,Bird9263,21,Cockatiel,Blue,Quarantine,True
AUTO9264,Bird9264,3,Eagle,Red,Sold,False
AUTO9265,Bird9265,8,Eagle,Black,In Aviary,False
AUTO9266,Bird9266,19,Eagle,Green,Quarantine,True
AUTO9267,Bird9267,7,Eagle,White,Quarantine,True
AUTO9268,Bird9268,24,Finch,Black,Quarantine,False
AUTO9269,Bird9269,2,Cockatiel,Red,In Aviary,True
AUTO9270,Bird9270,7,Eagle,Green,In Aviary,True
AUTO9271,Bird9271,13,Cockatiel,Blue,Sold,False
AUTO9272,Bird9272,2,Cockatiel,Red,Sold,False
AUTO9273,Bird9273,14,Parrot,Blue,Quarantine,False
AUTO9274,Bird9274,17,Owl,Yellow,Quarantine,True
AUTO9275,Bird9275,16,Owl,Yellow,In Aviary,False
AUTO9276,Bird9276,19,Finch,Green,In Aviary,True
AUTO9277,Bird9277,13,Eagle,Green,In Aviary,False
AUTO9278,Bird9278,19,Eagle,Blue,Sold,True
AUTO9279,Bird9279,13,Owl,Blue,In Aviary,True
AUTO9280,Bird9280,2,Parrot,Blue,Sold,False
AUTO9281,Bird9281,17,Finch,Red,Sold,True
AUTO9282,Bird9282,1,Cockatiel,Yellow,Quarantine,False
AUTO9283,Bird9283,5,Eagle,Black,Sold,False
AUTO9284,Bird9284,17,Owl,White,Quarantine,True
AUTO9285,Bird9285,12,Owl,Red,In Aviary,True
AUTO9286,Bird9286,3,Finch,Blue,In Aviary,True
AUTO9287,Bird9287,5,Parrot,Green,Quarantine,False
AUTO9288,Bird9288,15,Parrot,White,Quarantine,False
AUTO9289,Bird9289,11,Finch,Green,Quarantine,False
AUTO9290,Bird9290,11,Finch,Black,Quarantine,False
AUTO9291,Bird9291,22,Cockatiel,Green,Sold,False
AUTO9292,Bird9292,22,Owl,Green,Quarantine,False
AUTO9293,Bird9293,20,Cockatiel,Blue,In Aviary,True
AUTO9294,Bird9294,13,Cockatiel,Yellow,In Aviary,True
AUTO9295,Bird9295,14,Cockatiel,Yellow,Sold,True
AUTO9296,Bird9296,24,Owl,Red,In Aviary,False
AUTO9297,Bird9297,23,Parrot,Red,In Aviary,False
AUTO9298,Bird9298,5,Eagle,Yellow,Quarantine,True
AUTO9299,Bird9299,20,Owl,Green,In Aviary,False
AUTO9300,Bird9300,14,Owl,Red,Sold,True
AUTO9301,Bird9301,4,Parrot,Blue,Quarantine,False
AUTO9302,Bird9302,10,Owl,Blue,Sold,True
AUTO9303,Bird9303,9,Cockatiel,White,Sold,False
AUTO9304,Bird9304,23,Eagle,White,Sold,False
AUTO9305,Bird9305,15,Finch,Green,Quarantine,False
AUTO9306,Bird9306,18,Cockatiel,Green,In Aviary,True
AUTO9307,Bird9307,16,Owl,Yellow,In Aviary,True
AUTO9308,Bird9308,21,Cockatiel,White,Sold,False
AUTO9309,Bird9309,5,Parrot,White,Sold,True
AUTO9310,Bird9310,3,Cockatiel,Blue,Sold,False
AUTO9311,Bird9311,16,Owl,Yellow,Sold,True
AUTO9312,Bird9312,21,Parrot,Green,Sold,True
AUTO9313,Bird9313,5,Parrot,Blue,In Aviary,True
AUTO9314,Bird9314,19,Parrot,Yellow,Sold,True
AUTO9315,Bird9315,19,Parrot,Blue,Quarantine,False
AUTO9316,Bird9316,16,Owl,Black,Sold,True
AUTO9317,Bird9317,10,Cockatiel,Black,Quarantine,True
AUTO9318,Bird9318,12,Owl,Blue,Sold,True
AUTO9319,Bird9319,4,Finch,Blue,In Aviary,False
AUTO9320,Bird9320,12,Owl,Black,In Aviary,True
AUTO9321,Bird9321,24,Finch,Green,Sold,False
AUTO9322,Bird9322,15,Finch,Black,Sold,False
AUTO9323,Bird9323,4,Owl,Green,Sold,False
AUTO9324,Bird9324,20,Owl,Red,Quarantine,False
AUTO9325,Bird9325,4,Owl,Red,Quarantine,False
AUTO9326,Bird9326,24,Cockatiel,Black,In Aviary,False
AUTO9327,Bird9327,3,Owl,White,Sold,True
AUTO9328,Bird9328,5,Parrot,Black,In Aviary,True
AUTO9329,Bird9329,18,Finch,Red,In Aviary,False
AUTO9330,Bird9330,15,Finch,Green,In Aviary,False
AUTO9331,Bird9331,20,Eagle,Green,Quarantine,False
AUTO9332,Bird9332,13,Finch,Green,Sold,True
AUTO9333,Bird9333,10,Parrot,Red,Sold,False
AUTO9334,Bird9334,12,Owl,Yellow,In Aviary,False
AUTO9335,Bird9335,10,Parrot,Yellow,In Aviary,True
AUTO9336,Bird9336,19,Cockatiel,Red,Quarantine,False
AUTO9337,Bird9337,7,Owl,White,In Aviary,False
AUTO9338,Bird9338,17,Finch,Green,In Aviary,True
AUTO9339,Bird9339,20,Finch,Blue,In Aviary,False
AUTO9340,Bird9340,22,Cockatiel,Red,Quarantine,True
AUTO9341,Bird9341,14,Eagle,White,In Aviary,False
AUTO9342,Bird9342,22,Cockatiel,Blue,Sold,False
AUTO9343,Bird9343,4,Cockatiel,Green,Quarantine,False
AUTO9344,Bird9344,16,Cockatiel,Blue,Quarantine,True
AUTO9345,Bird9345,13,Finch,Blue,In Aviary,False
AUTO9346,Bird9346,20,Cockatiel,Black,In Aviary,True
AUTO9347,Bird9347,20,Parrot,Yellow,Sold,False
AUTO9348,Bird9348,7,Owl,Blue,Quarantine,True
AUTO9349,Bird9349,3,Finch,Blue,Sold,True
AUTO9350,Bird9350,3,Cockatiel,Black,Sold,True
AUTO9351,Bird9351,11,Finch,White,Sold,False
AUTO9352,Bird9352,6,Parrot,Blue,In Aviary,False
AUTO9353,Bird9353,18,Parrot,White,Quarantine,True
AUTO9354,Bird9354,24,Owl,Blue,Sold,False
AUTO9355,Bird9355,12,Parrot,Black,In Aviary,True
AUTO9356,Bird9356,24,Parrot,White,Sold,True
AUTO9357,Bird9357,14,Owl,White,Quarantine,True
AUTO9358,Bird9358,10,Owl,Blue,Quarantine,True
AUTO9359,Bird9359,16,Cockatiel,Green,Sold,True
AUTO9360,Bird9360,8,Finch,White,Quarantine,True
AUTO9361,Bird9361,13,Finch,Black,Sold,True
AUTO9362,Bird9362,22,Cockatiel,Red,Sold,True
AUTO9363,Bird9363,15,Eagle,Blue,Quarantine,False
AUTO9364,Bird9364,12,Finch,Red,Quarantine,False
AUTO9365,Bird9365,5,Owl,Yellow,In Aviary,True
AUTO9366,Bird9366,24,Cockatiel,Yellow,Sold,False
AUTO9367,Bird9367,14,Parrot,Red,Sold,True
AUTO9368,Bird9368,10,Finch,Black,Quarantine,True
AUTO9369,Bird9369,20,Parrot,Blue,Sold,False
AUTO9370,Bird9370,17,Eagle,White,Sold,False
AUTO9371,Bird9371,19,Owl,Black,Sold,False
AUTO9372,Bird9372,24,Finch,Black,Sold,False
AUTO9373,Bird9373,17,Owl,Red,Quarantine,False
AUTO9374,Bird9374,13,Eagle,Blue,In Aviary,True
AUTO9375,Bird9375,8,Parrot,Green,In Aviary,True
AUTO9376,Bird9376,14,Eagle,Yellow,In Aviary,True
AUTO9377,Bird9377,21,Parrot,Yellow,Quarantine,True
AUTO9378,Bird9378,14,Cockatiel,Blue,In Aviary,False
AUTO9379,Bird9379,17,Parrot,Yellow,Sold,True
AUTO9380,Bird9380,10,Cockatiel,Black,Sold,False
AUTO9381,Bird9381,4,Parrot,Green,Quarantine,True
AUTO9382,Bird9382,19,Parrot,White,In Aviary,False
AUTO9383,Bird9383,24,Parrot,White,In Aviary,False
AUTO9384,Bird9384,17,Owl,Green,Quarantine,False
AUTO9385,Bird9385,11,Eagle,Green,In Aviary,False
AUTO9386,Bird9386,21,Cockatiel,Red,Sold,False
AUTO9387,Bird9387,8,Eagle,Red,In Aviary,True
AUTO9388,Bird9388,23,Cockatiel,Blue,Sold,False
AUTO9389,Bird9389,10,Eagle,White,In Aviary,True
AUTO9390,Bird9390,11,Parrot,Red,Quarantine,True
AUTO9391,Bird9391,1,Finch,Black,Quarantine,True
AUTO9392,Bird9392,18,Parrot,Red,Sold,False
AUTO9393,Bird9393,22,Finch,Red,Quarantine,True
AUTO9394,Bird9394,4,Cockatiel,Green,Sold,False
AUTO9395,Bird9395,12,Eagle,Black,Quarantine,False
AUTO9396,Bird9396,18,Finch,Red,In Aviary,True
AUTO9397,Bird9397,19,Eagle,Blue,In Aviary,True
AUTO9398,Bird9398,9,Owl,Blue,In Aviary,False
AUTO9399,Bird9399,5,Owl,White,Sold,True
AUTO9400,Bird9400,4,Finch,Green,In Aviary,False
AUTO9401,Bird9401,17,Cockatiel,Green,In Aviary,True
AUTO9402,Bird9402,16,Eagle,Yellow,Quarantine,False
AUTO9403,Bird9403,9,Eagle,Red,Quarantine,True
AUTO9404,Bird9404,13,Eagle,Red,Quarantine,False
AUTO9405,Bird9405,5,Owl,Blue,In Aviary,True
AUTO9406,Bird9406,1,Parrot,White,Quarantine,False
AUTO9407,Bird9407,4,Owl,Blue,Quarantine,True
AUTO9408,Bird9408,20,Parrot,Black,Sold,True
AUTO9409,Bird9409,13,Eagle,Black,Quarantine,True
AUTO9410,Bird9410,5,Parrot,Yellow,In Aviary,True
AUTO9411,Bird9411,23,Eagle,Green,Sold,False
AUTO9412,Bird9412,24,Eagle,Yellow,In Aviary,True
AUTO9413,Bird9413,7,Owl,Black,Sold,True
AUTO9414,Bird9414,3,Owl,Blue,Quarantine,True
AUTO9415,Bird9415,24,Cockatiel,Blue,Quarantine,True
AUTO9416,Bird9416,11,Owl,Blue,In Aviary,False
AUTO9417,Bird9417,1,Cockatiel,White,Quarantine,False
AUTO9418,Bird9418,13,Cockatiel,Black,In Aviary,True
AUTO9419,Bird9419,18,Parrot,Black,Sold,True
AUTO9420,Bird9420,16,Owl,White,Sold,True
AUTO9421,Bird9421,4,Cockatiel,Green,Sold,False
AUTO9422,Bird9422,5,Owl,Green,Sold,True
AUTO9423,Bird9423,3,Parrot,Blue,In Aviary,True
AUTO9424,Bird9424,10,Finch,Blue,Quarantine,False
AUTO9425,Bird9425,9,Cockatiel,Black,In Aviary,True
AUTO9426,Bird9426,2,Owl,Green,In Aviary,False
AUTO9427,Bird9427,22,Cockatiel,White,Quarantine,False
AUTO9428,Bird9428,7,Owl,Red,Quarantine,True
AUTO9429,Bird9429,20,Parrot,Green,Sold,False
AUTO9430,Bird9430,1,Owl,Black,In Aviary,True
AUTO9431,Bird9431,11,Finch,Blue,Quarantine,True
AUTO9432,Bird9432,3,Parrot,Green,In Aviary,True
AUTO9433,Bird9433,24,Owl,Green,In Aviary,True
AUTO9434,Bird9434,23,Parrot,Red,Sold,False
AUTO9435,Bird9435,1,Eagle,Black,Quarantine,True
AUTO9436,Bird9436,21,Cockatiel,Blue,Sold,True
AUTO9437,Bird9437,18,Eagle,Green,Quarantine,False
AUTO9438,Bird9438,24,Cockatiel,White,Quarantine,True
AUTO9439,Bird9439,8,Cockatiel,White,In Aviary,False
AUTO9440,Bird9440,14,Finch,Blue,Quarantine,False
AUTO9441,Bird9441,22,Eagle,Green,In Aviary,False
AUTO9442,Bird9442,23,Eagle,Red,Sold,False
AUTO9443,Bird9443,3,Cockatiel,Yellow,Quarantine,False
AUTO9444,Bird9444,20,Finch,Blue,In Aviary,False
AUTO9445,Bird9445,14,Parrot,White,Quarantine,False
AUTO9446,Bird9446,1,Owl,Black,Quarantine,False
AUTO9447,Bird9447,23,Owl,Red,Sold,True
AUTO9448,Bird9448,16,Owl,Green,Quarantine,True
AUTO9449,Bird9449,5,Owl,White,Quarantine,True
AUTO9450,Bird9450,22,Parrot,Yellow,Quarantine,False
AUTO9451,Bird9451,13,Finch,Black,Quarantine,False
AUTO9452,Bird9452,19,Cockatiel,Yellow,Sold,True
AUTO9453,Bird9453,12,Finch,Red,In Aviary,True
AUTO9454,Bird9454,8,Eagle,Green,Sold,False
AUTO9455,Bird9455,11,Cockatiel,Black,Quarantine,True
AUTO9456,Bird9456,20,Cockatiel,Yellow,Sold,True
AUTO9457,Bird9457,1,Cockatiel,White,Quarantine,True
AUTO9458,Bird9458,8,Owl,Blue,Quarantine,False
AUTO9459,Bird9459,13,Owl,Yellow,Sold,True
AUTO9460,Bird9460,6,Cockatiel,White,Sold,True
AUTO9461,Bird9461,6,Finch,White,In Aviary,True
AUTO9462,Bird9462,4,Finch,Black,Quarantine,False
AUTO9463,Bird9463,10,Cockatiel,Blue,Quarantine,True
AUTO9464,Bird9464,10,Finch,Red,Sold,True
AUTO9465,Bird9465,18,Eagle,Blue,Quarantine,False
AUTO9466,Bird9466,19,Parrot,White,Quarantine,False
AUTO9467,Bird9467,5,Parrot,Yellow,In Aviary,False
AUTO9468,Bird9468,7,Owl,Green,In Aviary,False
AUTO9469,Bird9469,7,Finch,Green,Quarantine,False
AUTO9470,Bird9470,9,Eagle,White,Sold,False
AUTO9471,Bird9471,17,Finch,Yellow,Quarantine,False
AUTO9472,Bird9472,16,Eagle,Green,In Aviary,False
AUTO9473,Bird9473,5,Parrot,Yellow,In Aviary,False
AUTO9474,Bird9474,11,Owl,Yellow,Quarantine,True
AUTO9475,Bird9475,11,Finch,Red,Sold,False
AUTO9476,Bird9476,8,Owl,Red,In Aviary,False
AUTO9477,Bird9477,2,Eagle,Blue,Quarantine,False
AUTO9478,Bird9478,24,Finch,Black,Quarantine,False
AUTO9479,Bird9479,1,Cockatiel,Red,In Aviary,False
AUTO9480,Bird9480,12,Parrot,Black,In Aviary,True
AUTO9481,Bird9481,16,Owl,Yellow,In Aviary,True
AUTO9482,Bird9482,13,Finch,Blue,In Aviary,True
AUTO9483,Bird9483,10,Owl,Green,Quarantine,False
AUTO9484,Bird9484,3,Owl,Blue,Quarantine,False
AUTO9485,Bird9485,20,Eagle,Blue,Sold,False
AUTO9486,Bird9486,4,Parrot,Green,Quarantine,False
AUTO9487,Bird9487,6,Cockatiel,Blue,Quarantine,False
AUTO9488,Bird9488,9,Cockatiel,Black,Sold,True
AUTO9489,Bird9489,19,Finch,Red,Sold,True
AUTO9490,Bird9490,5,Parrot,Green,Sold,False
AUTO9491,Bird9491,18,Eagle,Black,Sold,False
AUTO9492,Bird9492,23,Finch,Blue,In Aviary,True
AUTO9493,Bird9493,7,Finch,Green,Sold,True
AUTO9494,Bird9494,9,Cockatiel,White,In Aviary,True
AUTO9495,Bird9495,12,Cockatiel,Red,Quarantine,True
AUTO9496,Bird9496,5,Cockatiel,Blue,Quarantine,False
AUTO9497,Bird9497,20,Eagle,Blue,In Aviary,False
AUTO9498,Bird9498,9,Parrot,Red,In Aviary,False
AUTO9499,Bird9499,4,Owl,Green,Quarantine,True
AUTO9500,Bird9500,11,Cockatiel,Red,In Aviary,False
AUTO9501,Bird9501,11,Eagle,Green,Quarantine,False
AUTO9502,Bird9502,24,Parrot,Blue,Quarantine,True
AUTO9503,Bird9503,1,Parrot,Black,Sold,True
AUTO9504,Bird9504,9,Cockatiel,Blue,Sold,True
AUTO9505,Bird9505,16,Finch,Red,Sold,False
AUTO9506,Bird9506,1,Eagle,White,Sold,True
AUTO9507,Bird9507,4,Owl,Red,In Aviary,False
AUTO9508,Bird9508,4,Eagle,Red,Quarantine,False
AUTO9509,Bird9509,15,Parrot,Green,Sold,True
AUTO9510,Bird9510,24,Cockatiel,Red,Sold,True
AUTO9511,Bird9511,18,Eagle,Black,In Aviary,False
AUTO9512,Bird9512,11,Owl,Blue,Quarantine,False
AUTO9513,Bird9513,20,Finch,Black,In Aviary,True
AUTO9514,Bird9514,11,Finch,Yellow,Quarantine,False
AUTO9515,Bird9515,18,Owl,Black,Quarantine,False
AUTO9516,Bird9516,12,Finch,Red,In Aviary,False
AUTO9517,Bird9517,15,Parrot,Blue,Sold,True
AUTO9518,Bird9518,6,Finch,Green,Quarantine,True
AUTO9519,Bird9519,20,Owl,Green,Sold,True
AUTO9520,Bird9520,12,Owl,Yellow,Quarantine,False
AUTO9521,Bird9521,14,Eagle,Black,In Aviary,True
AUTO9522,Bird9522,23,Owl,Black,Quarantine,True
AUTO9523,Bird9523,17,Owl,White,In Aviary,True
AUTO9524,Bird9524,22,Owl,White,Sold,False
AUTO9525,Bird9525,17,Cockatiel,Black,In Aviary,False
AUTO9526,Bird9526,1,Owl,Yellow,Sold,True
AUTO9527,Bird9527,9,Finch,Black,Quarantine,True
AUTO9528,Bird9528,6,Parrot,Blue,Sold,False
AUTO9529,Bird9529,4,Cockatiel,Green,Quarantine,True
AUTO9530,Bird9530,6,Eagle,Yellow,Quarantine,True
AUTO9531,Bird9531,3,Parrot,Blue,Quarantine,False
AUTO9532,Bird9532,9,Parrot,Yellow,Quarantine,True
AUTO9533,Bird9533,7,Finch,Red,In Aviary,True
AUTO9534,Bird9534,8,Owl,Blue,Quarantine,True
AUTO9535,Bird9535,7,Finch,Blue,In Aviary,False
AUTO9536,Bird9536,12,Cockatiel,Red,Sold,False
AUTO9537,Bird9537,21,Owl,Blue,Quarantine,False
AUTO9538,Bird9538,13,Cockatiel,Black,In Aviary,False
AUTO9539,Bird9539,5,Cockatiel,White,Quarantine,True
AUTO9540,Bird9540,11,Finch,Red,Sold,False
AUTO9541,Bird9541,6,Parrot,Yellow,In Aviary,True
AUTO9542,Bird9542,11,Cockatiel,White,In Aviary,False
AUTO9543,Bird9543,2,Eagle,Yellow,In Aviary,True
AUTO9544,Bird9544,1,Owl,Blue,In Aviary,False
AUTO9545,Bird9545,20,Cockatiel,Red,Quarantine,False
AUTO9546,Bird9546,6,Finch,White,In Aviary,True
AUTO9547,Bird9547,1,Owl,Green,In Aviary,False
AUTO9548,Bird9548,2,Finch,Blue,Sold,False
AUTO9549,Bird9549,9,Eagle,Red,Sold,False
AUTO9550,Bird9550,3,Finch,White,Sold,False
AUTO9551,Bird9551,8,Cockatiel,White,Quarantine,False
AUTO9552,Bird9552,4,Parrot,Green,In Aviary,False
AUTO9553,Bird9553,8,Parrot,White,In Aviary,False
AUTO9554,Bird9554,10,Finch,White,In Aviary,True
AUTO9555,Bird9555,19,Owl,White,Quarantine,True
AUTO9556,Bird9556,18,Parrot,Black,Sold,True
AUTO9557,Bird9557,14,Cockatiel,Black,Sold,True
AUTO9558,Bird9558,7,Cockatiel,White,Quarantine,False
AUTO9559,Bird9559,23,Owl,Red,Sold,True
AUTO9560,Bird9560,3,Parrot,Blue,In Aviary,True
AUTO9561,Bird9561,9,Cockatiel,Black,Quarantine,False
AUTO9562,Bird9562,24,Finch,Blue,Sold,True
AUTO9563,Bird9563,6,Eagle,Blue,In Aviary,False
AUTO9564,Bird9564,6,Finch,Green,Quarantine,False
AUTO9565,Bird9565,20,Finch,Black,Sold,True
AUTO9566,Bird9566,1,Finch,Red,In Aviary,True
AUTO9567,Bird9567,5,Finch,White,Sold,False
AUTO9568,Bird9568,6,Owl,Blue,Quarantine,True
AUTO9569,Bird9569,9,Cockatiel,Yellow,Quarantine,True
AUTO9570,Bird9570,17,Finch,White,Quarantine,True
AUTO9571,Bird9571,8,Cockatiel,Yellow,Sold,False
AUTO9572,Bird9572,20,Finch,Yellow,Sold,False
AUTO9573,Bird9573,1,Finch,White,Sold,False
AUTO9574,Bird9574,22,Owl,Red,Sold,True
AUTO9575,Bird9575,14,Cockatiel,Green,Sold,True
AUTO9576,Bird9576,1,Parrot,Red,Sold,True
AUTO9577,Bird9577,21,Parrot,Blue,Sold,False
AUTO9578,Bird9578,7,Finch,Black,Sold,False
AUTO9579,Bird9579,20,Owl,White,Quarantine,True
AUTO9580,Bird9580,2,Finch,Yellow,Sold,True
AUTO9581,Bird9581,12,Owl,Black,In Aviary,False
AUTO9582,Bird9582,1,Cockatiel,White,Sold,False
AUTO9583,Bird9583,12,Owl,Yellow,Quarantine,True
AUTO9584,Bird9584,16,Cockatiel,Yellow,Quarantine,False
AUTO9585,Bird9585,11,Finch,Blue,Sold,True
AUTO9586,Bird9586,16,Finch,Blue,In Aviary,False
AUTO9587,Bird9587,19,Finch,Black,In Aviary,True
AUTO9588,Bird9588,6,Owl,White,Quarantine,False
AUTO9589,Bird9589,13,Eagle,Yellow,Quarantine,True
AUTO9590,Bird9590,22,Eagle,Yellow,In Aviary,False
AUTO9591,Bird9591,17,Parrot,Yellow,In Aviary,True
AUTO9592,Bird9592,22,Parrot,Blue,In Aviary,False
AUTO9593,Bird9593,21,Parrot,White,Sold,False
AUTO9594,Bird9594,11,Eagle,Black,Sold,True
AUTO9595,Bird9595,19,Finch,Black,Quarantine,False
AUTO9596,Bird9596,24,Cockatiel,Black,Quarantine,True
AUTO9597,Bird9597,3,Parrot,Red,In Aviary,True
AUTO9598,Bird9598,14,Eagle,White,In Aviary,False
AUTO9599,Bird9599,4,Eagle,Red,Sold,True
AUTO9600,Bird9600,5,Cockatiel,Green,Sold,True
AUTO9601,Bird9601,9,Cockatiel,Blue,Sold,False
AUTO9602,Bird9602,3,Finch,White,Sold,False
AUTO9603,Bird9603,24,Parrot,White,In Aviary,True
AUTO9604,Bird9604,7,Finch,Yellow,Sold,False
AUTO9605,Bird9605,11,Parrot,Green,In Aviary,False
AUTO9606,Bird9606,2,Finch,Green,Sold,True
AUTO9607,Bird9607,3,Finch,White,Sold,True
AUTO9608,Bird9608,23,Parrot,Blue,Sold,False
AUTO9609,Bird9609,6,Parrot,Green,In Aviary,True
AUTO9610,Bird9610,24,Finch,Yellow,In Aviary,False
AUTO9611,Bird9611,8,Owl,Blue,Sold,True
AUTO9612,Bird9612,20,Eagle,Yellow,In Aviary,True
AUTO9613,Bird9613,6,Owl,Black,Quarantine,False
AUTO9614,Bird9614,8,Parrot,Red,In Aviary,True
AUTO9615,Bird9615,2,Cockatiel,Blue,Quarantine,True
AUTO9616,Bird9616,18,Owl,Black,In Aviary,False
AUTO9617,Bird9617,18,Eagle,Red,In Aviary,False
AUTO9618,Bird9618,9,Parrot,Black,In Aviary,True
AUTO9619,Bird9619,12,Finch,Green,Sold,True
AUTO9620,Bird9620,22,Owl,White,Sold,False
AUTO9621,Bird9621,2,Parrot,Yellow,Sold,True
AUTO9622,Bird9622,11,Owl,Red,Sold,False
AUTO9623,Bird9623,13,Owl,Green,Sold,True
AUTO9624,Bird9624,16,Finch,Red,Quarantine,True
AUTO9625,Bird9625,18,Owl,Red,In Aviary,True
AUTO9626,Bird9626,8,Parrot,Red,In Aviary,True
AUTO9627,Bird9627,6,Owl,Yellow,In Aviary,False
AUTO9628,Bird9628,22,Cockatiel,Black,Sold,True
AUTO9629,Bird9629,14,Owl,Red,Quarantine,True
AUTO9630,Bird9630,14,Owl,Red,Quarantine,True
AUTO9631,Bird9631,18,Owl,Red,In Aviary,True
AUTO9632,Bird9632,3,Cockatiel,Yellow,Sold,False
AUTO9633,Bird9633,13,Finch,Yellow,In Aviary,True
AUTO9634,Bird9634,22,Parrot,White,Quarantine,False
AUTO9635,Bird9635,16,Cockatiel,Yellow,Quarantine,True
AUTO9636,Bird9636,13,Eagle,Yellow,Quarantine,False
AUTO9637,Bird9637,24,Eagle,White,Quarantine,False
AUTO9638,Bird9638,11,Owl,White,Sold,True
AUTO9639,Bird9639,4,Owl,Blue,Sold,False
AUTO9640,Bird9640,13,Parrot,Black,Quarantine,False
AUTO9641,Bird9641,19,Eagle,White,Quarantine,False
AUTO9642,Bird9642,7,Cockatiel,White,Sold,False
AUTO9643,Bird9643,4,Owl,White,Sold,True
AUTO9644,Bird9644,14,Eagle,Red,Sold,False
AUTO9645,Bird9645,18,Eagle,Red,Sold,True
AUTO9646,Bird9646,17,Owl,Yellow,Sold,False
AUTO9647,Bird9647,9,Parrot,Red,Sold,True
AUTO9648,Bird9648,17,Eagle,Green,In Aviary,False
AUTO9649,Bird9649,24,Owl,Black,In Aviary,False
AUTO9650,Bird9650,13,Cockatiel,White,In Aviary,True
AUTO9651,Bird9651,23,Cockatiel,Black,In Aviary,False
AUTO9652,Bird9652,18,Eagle,Yellow,Quarantine,False
AUTO9653,Bird9653,4,Cockatiel,Black,Sold,False
AUTO9654,Bird9654,5,Owl,Red,Sold,True
AUTO9655,Bird9655,21,Cockatiel,Green,Sold,True
AUTO9656,Bird9656,15,Owl,Blue,Quarantine,False
AUTO9657,Bird9657,10,Finch,Yellow,In Aviary,True
AUTO9658,Bird9658,1,Eagle,Blue,Quarantine,True
AUTO9659,Bird9659,7,Finch,Blue,Quarantine,False
AUTO9660,Bird9660,16,Parrot,Yellow,In Aviary,False
AUTO9661,Bird9661,4,Cockatiel,Black,In Aviary,False
AUTO9662,Bird9662,18,Eagle,Yellow,Sold,False
AUTO9663,Bird9663,23,Cockatiel,Blue,Quarantine,True
AUTO9664,Bird9664,13,Parrot,Green,Sold,False
AUTO9665,Bird9665,23,Finch,Black,Quarantine,False
AUTO9666,Bird9666,18,Owl,Black,In Aviary,False
AUTO9667,Bird9667,18,Eagle,Green,Quarantine,True
AUTO9668,Bird9668,6,Eagle,Black,In Aviary,False
AUTO9669,Bird9669,22,Parrot,Green,Quarantine,False
AUTO9670,Bird9670,20,Eagle,Black,In Aviary,False
AUTO9671,Bird9671,4,Parrot,Blue,Quarantine,True
AUTO9672,Bird9672,14,Owl,Green,Sold,True
AUTO9673,Bird9673,14,Finch,Red,Sold,False
AUTO9674,Bird9674,23,Eagle,White,Quarantine,False
AUTO9675,Bird9675,1,Parrot,Yellow,Quarantine,True
AUTO9676,Bird9676,4,Owl,Red,Sold,False
AUTO9677,Bird9677,19,Owl,Black,Quarantine,False
AUTO9678,Bird9678,8,Cockatiel,Yellow,Sold,True
AUTO9679,Bird9679,12,Cockatiel,Black,Sold,False
AUTO9680,Bird9680,4,Finch,White,Quarantine,False
AUTO9681,Bird9681,11,Cockatiel,Red,Quarantine,False
AUTO9682,Bird9682,17,Eagle,Green,Sold,False
AUTO9683,Bird9683,18,Parrot,Black,In Aviary,False
AUTO9684,Bird9684,23,Eagle,White,Sold,False
AUTO9685,Bird9685,22,Owl,Blue,In Aviary,True
AUTO9686,Bird9686,4,Parrot,Blue,Sold,False
AUTO9687,Bird9687,3,Eagle,Green,In Aviary,True
AUTO9688,Bird9688,17,Finch,Blue,Sold,True
AUTO9689,Bird9689,15,Finch,Red,In Aviary,False
AUTO9690,Bird9690,4,Eagle,Yellow,Sold,False
AUTO9691,Bird9691,5,Parrot,Red,In Aviary,True
AUTO9692,Bird9692,1,Owl,Blue,Quarantine,True
AUTO9693,Bird9693,24,Eagle,White,Sold,True
AUTO9694,Bird9694,24,Cockatiel,Yellow,Sold,True
AUTO9695,Bird9695,16,Parrot,White,Quarantine,True
AUTO9696,Bird9696,8,Eagle,Black,Quarantine,False
AUTO9697,Bird9697,2,Owl,Green,Sold,True
AUTO9698,Bird9698,14,Parrot,White,In Aviary,True
AUTO9699,Bird9699,9,Cockatiel,White,Sold,False
AUTO9700,Bird9700,19,Cockatiel,Black,In Aviary,False
AUTO9701,Bird9701,9,Cockatiel,Blue,Quarantine,False
AUTO9702,Bird9702,10,Eagle,Green,In Aviary,True
AUTO9703,Bird9703,3,Finch,Green,In Aviary,True
AUTO9704,Bird9704,12,Eagle,White,Sold,False
AUTO9705,Bird9705,6,Parrot,Green,In Aviary,False
AUTO9706,Bird9706,17,Finch,Blue,In Aviary,True
AUTO9707,Bird9707,10,Cockatiel,Blue,Quarantine,False
AUTO9708,Bird9708,7,Eagle,Red,Quarantine,True
AUTO9709,Bird9709,12,Parrot,Black,In Aviary,True
AUTO9710,Bird9710,22,Owl,Black,Quarantine,True
AUTO9711,Bird9711,21,Eagle,Blue,Quarantine,True
AUTO9712,Bird9712,4,Owl,Blue,Sold,False
AUTO9713,Bird9713,15,Parrot,Black,In Aviary,True
AUTO9714,Bird9714,15,Owl,Blue,Sold,True
AUTO9715,Bird9715,11,Cockatiel,Yellow,Quarantine,True
AUTO9716,Bird9716,23,Finch,Black,Quarantine,True
AUTO9717,Bird9717,3,Eagle,Yellow,Quarantine,True
AUTO9718,Bird9718,2,Finch,Blue,In Aviary,True
AUTO9719,Bird9719,19,Parrot,Yellow,Sold,False
AUTO9720,Bird9720,22,Eagle,Yellow,Quarantine,True
AUTO9721,Bird9721,2,Cockatiel,White,Sold,False
AUTO9722,Bird9722,19,Parrot,White,In Aviary,False
AUTO9723,Bird9723,7,Parrot,Yellow,Sold,False
AUTO9724,Bird9724,13,Eagle,White,In Aviary,True
AUTO9725,Bird9725,3,Parrot,Red,In Aviary,True
AUTO9726,Bird9726,3,Finch,White,In Aviary,False
AUTO9727,Bird9727,19,Finch,White,Sold,True
AUTO9728,Bird9728,5,Cockatiel,Black,In Aviary,False
AUTO9729,Bird9729,15,Finch,Yellow,Sold,True
AUTO9730,Bird9730,9,Parrot,Blue,Quarantine,False
AUTO9731,Bird9731,5,Cockatiel,Blue,Quarantine,False
AUTO9732,Bird9732,8,Cockatiel,Green,Sold,False
AUTO9733,Bird9733,18,Finch,Green,In Aviary,False
AUTO9734,Bird9734,5,Eagle,Black,Quarantine,False
AUTO9735,Bird9735,18,Owl,Red,Sold,False
AUTO9736,Bird9736,24,Finch,White,In Aviary,True
AUTO9737,Bird9737,3,Owl,Yellow,Quarantine,False
AUTO9738,Bird9738,12,Parrot,White,In Aviary,False
AUTO9739,Bird9739,6,Owl,Blue,Quarantine,True
AUTO9740,Bird9740,7,Parrot,Black,Quarantine,False
AUTO9741,Bird9741,17,Cockatiel,Blue,In Aviary,False
AUTO9742,Bird9742,9,Parrot,Blue,Quarantine,True
AUTO9743,Bird9743,18,Parrot,White,In Aviary,False
AUTO9744,Bird9744,15,Finch,Yellow,In Aviary,True
AUTO9745,Bird9745,5,Parrot,White,Sold,False
AUTO9746,Bird9746,3,Parrot,White,Sold,False
AUTO9747,Bird9747,1,Parrot,Red,Sold,False
AUTO9748,Bird9748,11,Cockatiel,Yellow,In Aviary,False
AUTO9749,Bird9749,6,Finch,Red,Quarantine,True
AUTO9750,Bird9750,2,Owl,Red,Quarantine,True
AUTO9751,Bird9751,17,Owl,Red,In Aviary,True
AUTO9752,Bird9752,15,Parrot,Yellow,In Aviary,True
AUTO9753,Bird9753,2,Finch,Black,In Aviary,True
AUTO9754,Bird9754,24,Cockatiel,Black,Sold,False
AUTO9755,Bird9755,8,Parrot,Red,Sold,True
AUTO9756,Bird9756,10,Eagle,Blue,Quarantine,True
AUTO9757,Bird9757,14,Cockatiel,Yellow,In Aviary,True
AUTO9758,Bird9758,13,Cockatiel,Yellow,In Aviary,True
AUTO9759,Bird9759,4,Owl,Black,In Aviary,True
AUTO9760,Bird9760,18,Owl,Yellow,Quarantine,False
AUTO9761,Bird9761,3,Cockatiel,Blue,Quarantine,True
AUTO9762,Bird9762,2,Parrot,Blue,In Aviary,False
AUTO9763,Bird9763,1,Cockatiel,Red,Sold,True
AUTO9764,Bird9764,2,Parrot,Blue,In Aviary,True
AUTO9765,Bird9765,6,Owl,Green,Sold,True
AUTO9766,Bird9766,5,Parrot,Black,Sold,True
AUTO9767,Bird9767,16,Finch,Black,Sold,False
AUTO9768,Bird9768,8,Cockatiel,Green,Sold,True
AUTO9769,Bird9769,17,Parrot,Green,In Aviary,True
AUTO9770,Bird9770,24,Eagle,Blue,Sold,False
AUTO9771,Bird9771,18,Cockatiel,Black,Quarantine,True
AUTO9772,Bird9772,2,Finch,Blue,Sold,True
AUTO9773,Bird9773,15,Cockatiel,Green,Quarantine,False
AUTO9774,Bird9774,20,Parrot,Yellow,Sold,False
AUTO9775,Bird9775,9,Finch,Yellow,Quarantine,False
AUTO9776,Bird9776,21,Owl,White,Sold,True
AUTO9777,Bird9777,5,Cockatiel,Green,In Aviary,False
AUTO9778,Bird9778,4,Parrot,Green,In Aviary,False
AUTO9779,Bird9779,6,Parrot,Blue,Quarantine,False
AUTO9780,Bird9780,24,Parrot,White,Sold,True
AUTO9781,Bird9781,15,Owl,Blue,Sold,False
AUTO9782,Bird9782,18,Finch,Green,Quarantine,False
AUTO9783,Bird9783,10,Owl,Red,In Aviary,True
AUTO9784,Bird9784,3,Owl,Yellow,Sold,False
AUTO9785,Bird9785,24,Owl,Yellow,Sold,True
AUTO9786,Bird9786,8,Parrot,Black,In Aviary,False
AUTO9787,Bird9787,17,Eagle,Black,Sold,True
AUTO9788,Bird9788,20,Parrot,Green,In Aviary,False
AUTO9789,Bird9789,5,Finch,Black,In Aviary,False
AUTO9790,Bird9790,16,Eagle,Blue,Quarantine,False
AUTO9791,Bird9791,17,Finch,Blue,In Aviary,True
AUTO9792,Bird9792,3,Eagle,Blue,Sold,False
AUTO9793,Bird9793,16,Cockatiel,White,Quarantine,True
AUTO9794,Bird9794,3,Parrot,White,Sold,False
AUTO9795,Bird9795,23,Cockatiel,Black,In Aviary,True
AUTO9796,Bird9796,19,Eagle,Red,In Aviary,True
AUTO9797,Bird9797,1,Parrot,White,In Aviary,True
AUTO9798,Bird9798,14,Cockatiel,Green,Quarantine,False
AUTO9799,Bird9799,23,Parrot,White,Sold,True
AUTO9800,Bird9800,3,Cockatiel,Green,Quarantine,True
AUTO9801,Bird9801,12,Owl,Black,In Aviary,False
AUTO9802,Bird9802,22,Finch,Red,In Aviary,False
AUTO9803,Bird9803,19,Cockatiel,Black,Quarantine,True
AUTO9804,Bird9804,9,Finch,Yellow,Quarantine,False
AUTO9805,Bird9805,19,Finch,Blue,In Aviary,False
AUTO9806,Bird9806,18,Finch,Green,Quarantine,False
AUTO9807,Bird9807,5,Cockatiel,White,Sold,True
AUTO9808,Bird9808,8,Eagle,Black,In Aviary,False
AUTO9809,Bird9809,23,Cockatiel,Blue,In Aviary,True
AUTO9810,Bird9810,8,Parrot,Green,In Aviary,False
AUTO9811,Bird9811,2,Owl,White,Sold,False
AUTO9812,Bird9812,17,Finch,Red,In Aviary,True
AUTO9813,Bird9813,14,Finch,Blue,In Aviary,True
AUTO9814,Bird9814,18,Owl,Red,Sold,False
AUTO9815,Bird9815,5,Finch,Green,Quarantine,True
AUTO9816,Bird9816,24,Cockatiel,Black,Sold,True
AUTO9817,Bird9817,19,Owl,Blue,Sold,True
AUTO9818,Bird9818,17,Cockatiel,Yellow,In Aviary,True
AUTO9819,Bird9819,22,Owl,Red,Quarantine,True
AUTO9820,Bird9820,19,Cockatiel,Green,In Aviary,False
AUTO9821,Bird9821,17,Cockatiel,Black,Sold,True
AUTO9822,Bird9822,23,Eagle,White,Quarantine,False
AUTO9823,Bird9823,9,Eagle,Black,Quarantine,True
AUTO9824,Bird9824,15,Eagle,White,Quarantine,False
AUTO9825,Bird9825,18,Parrot,Black,Sold,False
AUTO9826,Bird9826,11,Parrot,Black,In Aviary,True
AUTO9827,Bird9827,9,Cockatiel,Red,Sold,True
AUTO9828,Bird9828,13,Finch,Green,Sold,False
AUTO9829,Bird9829,4,Parrot,Yellow,Sold,True
AUTO9830,Bird9830,1,Eagle,Black,Quarantine,False
AUTO9831,Bird9831,18,Finch,Yellow,In Aviary,False
AUTO9832,Bird9832,24,Owl,Green,In Aviary,False
AUTO9833,Bird9833,9,Eagle,Yellow,Sold,True
AUTO9834,Bird9834,24,Owl,Blue,Quarantine,True
AUTO9835,Bird9835,4,Finch,Black,Quarantine,False
AUTO9836,Bird9836,15,Owl,Green,Sold,True
AUTO9837,Bird9837,13,Eagle,White,Quarantine,False
AUTO9838,Bird9838,4,Finch,Blue,Sold,False
AUTO9839,Bird9839,1,Parrot,Blue,Quarantine,True
AUTO9840,Bird9840,15,Finch,Green,In Aviary,True
AUTO9841,Bird9841,16,Finch,Green,Sold,False
AUTO9842,Bird9842,18,Cockatiel,Red,Quarantine,True
AUTO9843,Bird9843,22,Cockatiel,Yellow,Quarantine,True
AUTO9844,Bird9844,22,Finch,Black,In Aviary,False
AUTO9845,Bird9845,14,Finch,Green,In Aviary,False
AUTO9846,Bird9846,9,Eagle,Green,Quarantine,True
AUTO9847,Bird9847,24,Finch,Red,Quarantine,True
AUTO9848,Bird9848,16,Parrot,Red,Sold,True
AUTO9849,Bird9849,14,Eagle,White,In Aviary,False
AUTO9850,Bird9850,9,Parrot,Black,Quarantine,True
AUTO9851,Bird9851,5,Parrot,White,Sold,True
AUTO9852,Bird9852,14,Finch,Yellow,Quarantine,True
AUTO9853,Bird9853,10,Cockatiel,Red,Quarantine,True
AUTO9854,Bird9854,20,Finch,Blue,Sold,True
AUTO9855,Bird9855,4,Eagle,Blue,Quarantine,True
AUTO9856,Bird9856,5,Cockatiel,Red,Quarantine,False
AUTO9857,Bird9857,5,Eagle,White,Sold,False
AUTO9858,Bird9858,14,Cockatiel,White,Sold,False
AUTO9859,Bird9859,24,Finch,Green,Sold,True
AUTO9860,Bird9860,9,Finch,Black,Quarantine,True
AUTO9861,Bird9861,4,Parrot,Black,In Aviary,False
AUTO9862,Bird9862,17,Cockatiel,Yellow,Quarantine,True
AUTO9863,Bird9863,20,Eagle,Black,Sold,True
AUTO9864,Bird9864,12,Eagle,Blue,Quarantine,True
AUTO9865,Bird9865,21,Parrot,Yellow,In Aviary,True
AUTO9866,Bird9866,5,Owl,White,Quarantine,False
AUTO9867,Bird9867,17,Finch,Black,Quarantine,True
AUTO9868,Bird9868,3,Owl,White,Quarantine,False
AUTO9869,Bird9869,18,Finch,Green,Quarantine,False
AUTO9870,Bird9870,14,Parrot,Blue,In Aviary,False
AUTO9871,Bird9871,3,Finch,White,Sold,False
AUTO9872,Bird9872,20,Parrot,Black,In Aviary,False
AUTO9873,Bird9873,6,Cockatiel,Black,In Aviary,False
AUTO9874,Bird9874,16,Parrot,Green,Sold,True
AUTO9875,Bird9875,6,Owl,Yellow,In Aviary,False
AUTO9876,Bird9876,16,Owl,Black,Sold,False
AUTO9877,Bird9877,21,Finch,Black,Sold,False
AUTO9878,Bird9878,15,Eagle,Blue,In Aviary,False
AUTO9879,Bird9879,21,Parrot,Yellow,In Aviary,False
AUTO9880,Bird9880,5,Owl,Yellow,Quarantine,False
AUTO9881,Bird9881,14,Finch,Black,In Aviary,True
AUTO9882,Bird9882,8,Cockatiel,Red,Quarantine,False
AUTO9883,Bird9883,12,Parrot,Yellow,Quarantine,True
AUTO9884,Bird9884,23,Cockatiel,White,Sold,False
AUTO9885,Bird9885,23,Parrot,Black,Quarantine,True
AUTO9886,Bird9886,7,Eagle,Yellow,Sold,False
AUTO9887,Bird9887,10,Eagle,Blue,Sold,False
AUTO9888,Bird9888,23,Owl,Blue,Quarantine,False
AUTO9889,Bird9889,2,Cockatiel,White,Quarantine,False
AUTO9890,Bird9890,19,Finch,Blue,In Aviary,False
AUTO9891,Bird9891,18,Owl,Yellow,In Aviary,False
AUTO9892,Bird9892,18,Owl,Black,In Aviary,True
AUTO9893,Bird9893,12,Parrot,Black,Quarantine,False
AUTO9894,Bird9894,15,Eagle,Black,In Aviary,True
AUTO9895,Bird9895,11,Finch,White,Quarantine,True
AUTO9896,Bird9896,20,Parrot,Black,Sold,False
AUTO9897,Bird9897,8,Finch,Yellow,In Aviary,False
AUTO9898,Bird9898,5,Eagle,Red,In Aviary,False
AUTO9899,Bird9899,1,Eagle,Yellow,Sold,False
AUTO9900,Bird9900,7,Owl,Blue,In Aviary,False
AUTO9901,Bird9901,5,Finch,Yellow,In Aviary,True
AUTO9902,Bird9902,16,Owl,Black,In Aviary,True
AUTO9903,Bird9903,23,Cockatiel,White,In Aviary,False
AUTO9904,Bird9904,8,Parrot,Yellow,Quarantine,False
AUTO9905,Bird9905,18,Parrot,Yellow,Sold,True
AUTO9906,Bird9906,22,Eagle,Blue,Sold,True
AUTO9907,Bird9907,12,Owl,Blue,In Aviary,False
AUTO9908,Bird9908,6,Owl,Red,Quarantine,False
AUTO9909,Bird9909,18,Eagle,Black,Quarantine,False
AUTO9910,Bird9910,21,Finch,Black,Sold,True
AUTO9911,Bird9911,15,Parrot,Yellow,Sold,True
AUTO9912,Bird9912,18,Finch,Yellow,In Aviary,False
AUTO9913,Bird9913,11,Eagle,Blue,Sold,False
AUTO9914,Bird9914,22,Cockatiel,Blue,In Aviary,False
AUTO9915,Bird9915,19,Cockatiel,Black,Quarantine,True
AUTO9916,Bird9916,4,Parrot,White,In Aviary,False
AUTO9917,Bird9917,23,Cockatiel,Yellow,In Aviary,False
AUTO9918,Bird9918,20,Eagle,Red,Quarantine,True
AUTO9919,Bird9919,1,Parrot,Green,Sold,True
AUTO9920,Bird9920,21,Cockatiel,Blue,Sold,True
AUTO9921,Bird9921,8,Finch,Yellow,Quarantine,False
AUTO9922,Bird9922,17,Parrot,Red,Quarantine,True
AUTO9923,Bird9923,4,Eagle,Red,In Aviary,False
AUTO9924,Bird9924,18,Parrot,Red,In Aviary,True
AUTO9925,Bird9925,11,Parrot,Blue,Sold,False
AUTO9926,Bird9926,19,Parrot,Red,Quarantine,False
AUTO9927,Bird9927,3,Finch,Yellow,Quarantine,False
AUTO9928,Bird9928,22,Cockatiel,Black,In Aviary,True
AUTO9929,Bird9929,24,Cockatiel,Green,Sold,True
AUTO9930,Bird9930,6,Eagle,Black,Sold,False
AUTO9931,Bird9931,11,Finch,Green,In Aviary,False
AUTO9932,Bird9932,9,Finch,Black,Sold,False
AUTO9933,Bird9933,19,Cockatiel,Blue,In Aviary,True
AUTO9934,Bird9934,21,Eagle,Green,In Aviary,True
AUTO9935,Bird9935,19,Finch,Green,In Aviary,False
AUTO9936,Bird9936,13,Parrot,Red,Sold,True
AUTO9937,Bird9937,11,Owl,Red,Sold,False
AUTO9938,Bird9938,1,Eagle,White,Quarantine,True
AUTO9939,Bird9939,10,Finch,Red,Quarantine,True
AUTO9940,Bird9940,7,Owl,Yellow,In Aviary,True
AUTO9941,Bird9941,3,Finch,Blue,Sold,False
AUTO9942,Bird9942,24,Cockatiel,Yellow,Quarantine,True
AUTO9943,Bird9943,16,Parrot,Yellow,Sold,False
AUTO9944,Bird9944,6,Cockatiel,White,Sold,False
AUTO9945,Bird9945,19,Eagle,Yellow,Sold,True
AUTO9946,Bird9946,12,Parrot,Blue,Sold,False
AUTO9947,Bird9947,1,Owl,Red,Sold,False
AUTO9948,Bird9948,12,Eagle,White,Sold,True
AUTO9949,Bird9949,13,Owl,Yellow,Quarantine,False
AUTO9950,Bird9950,5,Finch,Yellow,Quarantine,False
AUTO9951,Bird9951,24,Finch,Yellow,In Aviary,True
AUTO9952,Bird9952,13,Owl,Yellow,Sold,True
AUTO9953,Bird9953,15,Cockatiel,Yellow,Quarantine,False
AUTO9954,Bird9954,2,Eagle,Green,Sold,True
AUTO9955,Bird9955,23,Cockatiel,Green,Quarantine,False
AUTO9956,Bird9956,9,Eagle,Black,Sold,True
AUTO9957,Bird9957,18,Parrot,Blue,Sold,True
AUTO9958,Bird9958,4,Parrot,Green,Quarantine,True
AUTO9959,Bird9959,8,Cockatiel,White,In Aviary,True
AUTO9960,Bird9960,21,Owl,White,In Aviary,False
AUTO9961,Bird9961,24,Parrot,Blue,Sold,True
AUTO9962,Bird9962,10,Eagle,Red,In Aviary,True
AUTO9963,Bird9963,20,Cockatiel,White,Sold,True
AUTO9964,Bird9964,18,Eagle,Green,In Aviary,False
AUTO9965,Bird9965,22,Owl,Blue,Sold,False
AUTO9966,Bird9966,17,Parrot,White,In Aviary,False
AUTO9967,Bird9967,8,Cockatiel,Black,In Aviary,True
AUTO9968,Bird9968,8,Eagle,Green,Sold,True
AUTO9969,Bird9969,14,Cockatiel,Green,In Aviary,True
AUTO9970,Bird9970,18,Eagle,Red,Quarantine,True
AUTO9971,Bird9971,24,Parrot,White,Sold,True
AUTO9972,Bird9972,1,Owl,Black,Sold,False
AUTO9973,Bird9973,15,Eagle,Yellow,Sold,False
AUTO9974,Bird9974,15,Cockatiel,Black,Quarantine,False
AUTO9975,Bird9975,19,Cockatiel,Black,Quarantine,True
AUTO9976,Bird9976,12,Finch,Red,Sold,True
AUTO9977,Bird9977,13,Finch,Yellow,In Aviary,False
AUTO9978,Bird9978,10,Parrot,Green,Quarantine,False
AUTO9979,Bird9979,2,Parrot,Blue,Quarantine,False
AUTO9980,Bird9980,1,Eagle,Black,Quarantine,True
AUTO9981,Bird9981,4,Eagle,Black,Sold,False
AUTO9982,Bird9982,17,Eagle,Red,Quarantine,False
AUTO9983,Bird9983,11,Cockatiel,Green,Sold,True
AUTO9984,Bird9984,19,Parrot,Blue,In Aviary,False
AUTO9985,Bird9985,16,Eagle,Red,Sold,True
AUTO9986,Bird9986,21,Cockatiel,Black,Sold,True
AUTO9987,Bird9987,2,Eagle,Green,In Aviary,True
AUTO9988,Bird9988,10,Owl,Yellow,Sold,True
AUTO9989,Bird9989,24,Owl,Blue,Sold,True
AUTO9990,Bird9990,20,Eagle,Yellow,Quarantine,False
AUTO9991,Bird9991,2,Owl,Blue,In Aviary,False
AUTO9992,Bird9992,4,Owl,Red,Quarantine,True
AUTO9993,Bird9993,2,Parrot,Red,Quarantine,False
AUTO9994,Bird9994,3,Finch,White,Sold,True
AUTO9995,Bird9995,7,Parrot,Green,Quarantine,True
AUTO9996,Bird9996,5,Eagle,Blue,Quarantine,False
AUTO9997,Bird9997,24,Parrot,Red,Quarantine,False
AUTO9998,Bird9998,4,Cockatiel,Blue,In Aviary,True
AUTO9999,Bird9999,16,Cockatiel,White,Sold,True
AUTO10000,Bird10000,6,Eagle,White,Quarantine,False
